zip,state,from_year,to_year,actual,predicted,error,abs_error,pct_error
10206,MA,2021,2022,126.72183507549362,167.24165779325529,-40.51982271776167,40.51982271776167,-31.975407153488806
10212,MA,2021,2022,71.02609727164888,82.42806533932051,-11.401968067671632,11.401968067671632,-16.0532093211644
10308,MA,2021,2022,134.125,123.86527644795197,10.25972355204803,10.25972355204803,7.649374502924905
10314,MA,2021,2022,173.96785714285716,206.56428534681055,-32.596428203953394,32.596428203953394,-18.737040703551454
10320,MA,2021,2022,195.0345701357466,252.5456839597694,-57.5111138240228,57.5111138240228,-29.48765123228888
10326,MA,2021,2022,134.17252631578947,147.80442268649813,-13.63189637070866,13.63189637070866,-10.159975924299529
10380,MA,2021,2022,195.7249645390071,249.33579927613272,-53.61083473712563,53.61083473712563,-27.390902771854243
10386,MA,2021,2022,80.90958904109588,81.72518180785708,-0.8155927667611991,0.8155927667611991,-1.0080297977374972
10440,MA,2021,2022,204.42307692307693,218.5368309088622,-14.11375398578528,14.11375398578528,-6.904188215059591
10446,MA,2021,2022,336.38671875,452.8448355965794,-116.4581168465794,116.4581168465794,-34.62030762669027
10452,MA,2021,2022,347.64785553047403,737.1900718596057,-389.5422163291317,389.5422163291317,-112.05080374643224
10470,MA,2021,2022,146.75416666666666,153.4293266047908,-6.675159938124125,6.675159938124125,-4.548531799635984
10476,MA,2021,2022,152.94691689008042,175.5617316892998,-22.614814799219374,22.614814799219374,-14.786054703850057
10482,MA,2021,2022,102.31067961165049,102.54793036182618,-0.23725075017568997,0.23725075017568997,-0.2318924584180686
10488,MA,2021,2022,229.6246311010216,295.3040461305316,-65.67941502951001,65.67941502951001,-28.60294852280671
10494,MA,2021,2022,97.1173112338858,101.75061110517824,-4.6332998712924365,4.6332998712924365,-4.770827993923913
10512,MA,2021,2022,90.57592067988668,100.74734466022218,-10.171423980335504,10.171423980335504,-11.229721877499141
10524,MA,2021,2022,103.39396551724138,105.77154617158911,-2.3775806543477245,2.3775806543477245,-2.299535221860944
10536,MA,2021,2022,146.05766871165645,151.4515221612089,-5.393853449552466,5.393853449552466,-3.692961483727967
10542,MA,2021,2022,86.05069033530572,93.57632954268027,-7.525639207374553,7.525639207374553,-8.745588417768754
10560,MA,2021,2022,163.20147702407002,193.45487334786884,-30.253396323798825,30.253396323798825,-18.537452525222463
10620,MA,2021,2022,426.30758293838863,815.4896092649079,-389.1820263265193,389.1820263265193,-91.29136846312329
10632,MA,2021,2022,294.6722,395.71781536631534,-101.04561536631536,101.04561536631536,-34.29085450419665
10638,MA,2021,2022,432.8868965517241,697.8622305566132,-264.97533400488913,264.97533400488913,-61.21121616653697
10650,MA,2021,2022,199.2125,223.4298293632164,-24.217329363216408,24.217329363216408,-12.156531022509334
10656,MA,2021,2022,275.0082681564246,405.8995363555714,-130.8912681991468,130.8912681991468,-47.595393795467956
10668,MA,2021,2022,318.34941690962097,535.2007722426772,-216.85135533305623,216.85135533305623,-68.11740302154223
10806,MA,2021,2022,99.79385695480474,124.78735477129166,-24.993497816486922,24.993497816486922,-25.045126603139643
10818,MA,2021,2022,130.8865835777126,148.29030881131632,-17.403725233603723,17.403725233603723,-13.296798463129289
10860,MA,2021,2022,222.83134759976863,312.3595292020342,-89.52818160226556,89.52818160226556,-40.17755247034126
10926,MA,2021,2022,98.29178486997635,105.91916977300602,-7.6273849030296645,7.6273849030296645,-7.759941396037749
10944,MA,2021,2022,135.94868887313962,163.40504702387494,-27.456358150735326,27.456358150735326,-20.19611838725138
10956,MA,2021,2022,84.28525896414342,81.16096179201247,3.1242971721309516,3.1242971721309516,3.7068132797220072
10962,MA,2021,2022,147.7610465116279,167.42899819442147,-19.667951682793557,19.667951682793557,-13.310647255903001
10980,MA,2021,2022,71.45046863734679,72.45457227906927,-1.0041036417224802,1.0041036417224802,-1.405314283967678
10992,MA,2021,2022,69.61731927710844,69.70990887921484,-0.09258960210640055,0.09258960210640055,-0.1329979422761914
10998,MA,2021,2022,130.41467889908256,134.687110040721,-4.272431141638435,4.272431141638435,-3.2760354721607112
11004,MA,2021,2022,106.75014084507042,109.91322495113168,-3.1630841060612624,3.1630841060612624,-2.963072536505538
11010,MA,2021,2022,81.7289081885856,82.27865638689623,-0.549748198310624,0.549748198310624,-0.6726484061699515
11040,MA,2021,2022,40.96948228882834,41.41420582560234,-0.44472353677399923,0.44472353677399923,-1.0854995277674464
11046,MA,2021,2022,38.12293543543544,36.428746719902556,1.6941887155328814,1.6941887155328814,4.444014334631025
11058,MA,2021,2022,47.616931216931214,47.935567463738444,-0.31863624680723035,0.31863624680723035,-0.6691658590000282
11064,MA,2021,2022,74.8331712400139,81.72276847156395,-6.889597231550056,6.889597231550056,-9.206608670175044
11070,MA,2021,2022,163.88586456278765,195.3827241149832,-31.49685955219556,31.49685955219556,-19.218777431612192
11100,MA,2021,2022,52.912594458438285,53.37950356492664,-0.4669091064883517,0.4669091064883517,-0.8824158241854854
11106,MA,2021,2022,59.90414887126297,56.10221853408322,3.8019303371797477,3.8019303371797477,6.346689517866763
11112,MA,2021,2022,64.18695169350362,65.66950401158604,-1.4825523180824263,1.4825523180824263,-2.3097409659858887
11124,MA,2021,2022,57.26021775544389,57.13950515253972,0.1207126029041703,0.1207126029041703,0.21081408285893885
11160,MA,2021,2022,100.2921409214092,98.24411289270174,2.0480280287074635,2.0480280287074635,2.0420623290037616
11172,MA,2021,2022,97.54173764906304,97.43954237710595,0.10219527195708622,0.10219527195708622,0.10477081341811413
11178,MA,2021,2022,94.87211155378486,99.67037177468393,-4.798260220899067,4.798260220899067,-5.057608755950203
11184,MA,2021,2022,175.4985436893204,183.0239829348044,-7.5254392454839945,7.5254392454839945,-4.288035152477416
11202,MA,2021,2022,171.25551330798478,197.8391668894816,-26.583653581496804,26.583653581496804,-15.52280161263418
11256,MA,2021,2022,105.13423913043478,109.58576614848266,-4.451527018047884,4.451527018047884,-4.234136333573592
11274,MA,2021,2022,105.21928783382788,104.24073021130371,0.9785576225241641,0.9785576225241641,0.9300173406130572
11280,MA,2021,2022,122.85399028452464,144.14670303742065,-21.29271275289601,21.29271275289601,-17.331722562354702
11316,MA,2021,2022,167.1491539081386,202.59861398395174,-35.449460075813136,35.449460075813136,-21.208279699277067
11322,MA,2021,2022,118.25081433224756,125.05391875746831,-6.803104425220752,6.803104425220752,-5.753114228969427
11340,MA,2021,2022,336.511506080449,433.58138308959656,-97.06987700914755,97.06987700914755,-28.845931046988117
11406,MA,2021,2022,54.456,53.33897195850611,1.1170280414938958,1.1170280414938958,2.0512487907556483
11412,MA,2021,2022,49.79546814878153,49.15004254868236,0.6454256000991734,0.6454256000991734,1.2961532928473263
11424,MA,2021,2022,73.16797853309481,76.17213724647658,-3.00415871338177,3.00415871338177,-4.105838064151179
11430,MA,2021,2022,53.08364825581396,53.26997303971882,-0.1863247839048583,0.1863247839048583,-0.351002220131792
11436,MA,2021,2022,85.93287066246057,94.96551847475841,-9.032647812297839,9.032647812297839,-10.511283683024585
11442,MA,2021,2022,178.97045751633988,220.29248933953113,-41.32203182319125,41.32203182319125,-23.08874458759127
11448,MA,2021,2022,151.0026178010471,210.6203237591837,-59.61770595813658,59.61770595813658,-39.48124001180274
11478,MA,2021,2022,98.8794052863436,104.89698213825658,-6.0175768519129775,6.0175768519129775,-6.085773710396775
11490,MA,2021,2022,135.5383381924198,143.79401882596989,-8.2556806335501,8.2556806335501,-6.091029847090019
11526,MA,2021,2022,293.1357326478149,395.44804814170186,-102.31231549388696,102.31231549388696,-34.90271028022677
11532,MA,2021,2022,148.72840236686392,164.92843354777438,-16.200031180910457,16.200031180910457,-10.892358771494314
11538,MA,2021,2022,110.48196286472148,127.21003096169036,-16.728068096968883,16.728068096968883,-15.14099465941911
11574,MA,2021,2022,152.7378947368421,259.15040350460305,-106.41250876776095,106.41250876776095,-69.67001146055017
11580,MA,2021,2022,107.6833015873016,134.7315626310472,-27.04826104374561,27.04826104374561,-25.118342997513775
11628,MA,2021,2022,147.77490092470276,198.03851597551977,-50.26361505081701,50.26361505081701,-34.013634748723895
11640,MA,2021,2022,220.51973094170404,234.21855375943005,-13.698822817726011,13.698822817726011,-6.212062185649679
11664,MA,2021,2022,419.8125,685.2819217882615,-265.46942178826146,265.46942178826146,-63.2352352033971
11670,MA,2021,2022,234.3915174363808,295.05150179371117,-60.65998435733036,60.65998435733036,-25.879769464692703
11694,MA,2021,2022,175.03620689655173,187.72260775725897,-12.686400860707238,12.686400860707238,-7.24787236060539
11700,MA,2021,2022,181.00251256281408,210.07643196783414,-29.073919405020064,29.073919405020064,-16.062715922206007
11706,MA,2021,2022,181.683,275.6417117740802,-93.9587117740802,93.9587117740802,-51.71574213001778
11712,MA,2021,2022,90.39123505976096,90.25082404175195,0.14041101800900435,0.14041101800900435,0.15533698363140352
11760,MA,2021,2022,84.29686847599164,93.6419518824565,-9.345083406464852,9.345083406464852,-11.085920005588818
11796,MA,2021,2022,159.59846153846155,160.78759236202842,-1.1891308235668703,1.1891308235668703,-0.7450766204787647
11814,MA,2021,2022,144.57272727272726,130.67703198345112,13.895695289276148,13.895695289276148,9.611560597499693
11820,MA,2021,2022,84.28196512122501,86.63957049745225,-2.357605376227241,2.357605376227241,-2.7972833486217765
11892,MA,2021,2022,227.8583569405099,251.890442173576,-24.032085233066084,24.032085233066084,-10.546940457110585
11898,MA,2021,2022,227.19166666666663,277.2311810251466,-50.03951435847998,50.03951435847998,-22.025241987373356
11904,MA,2021,2022,296.0115183246073,349.29028160149664,-53.27876327688932,53.27876327688932,-17.99888179299281
11910,MA,2021,2022,180.56059322033897,200.93762523639754,-20.377032016058564,20.377032016058564,-11.285425935210776
12114,MA,2021,2022,89.41974248927039,91.41896434263377,-1.9992218533633803,1.9992218533633803,-2.235772322430105
12126,MA,2021,2022,159.77777777777777,171.48001500432702,-11.702237226549244,11.702237226549244,-7.324070586852795
12150,MA,2021,2022,336.12208436724563,489.36948649659007,-153.24740212934444,153.24740212934444,-45.592779902527006
12156,MA,2021,2022,148.01328358208954,158.21189104414873,-10.198607462059186,10.198607462059186,-6.890332553431222
12180,MA,2021,2022,606.1163763066202,890.9401641081984,-284.8237878015782,284.8237878015782,-46.991600777586065
12192,MA,2021,2022,142.91585365853658,139.69025710276333,3.225596555773251,3.225596555773251,2.2569900211911036
12210,MA,2021,2022,133.10398773006136,147.87425818057358,-14.770270450512214,14.770270450512214,-11.096790338443308
12228,MA,2021,2022,132.48918283362727,148.63078302498144,-16.141600191354172,16.141600191354172,-12.183334402193362
12258,MA,2021,2022,309.6999159663865,447.2744746587275,-137.574558692341,137.574558692341,-44.42189086911884
12270,MA,2021,2022,119.54628975265018,126.75390293352412,-7.207613180873935,7.207613180873935,-6.029140005755931
12288,MA,2021,2022,122.26663980660756,131.1679215548251,-8.901281748217556,8.901281748217556,-7.280221131697864
12300,MA,2021,2022,126.6344747081712,144.69225343288298,-18.05777872471178,18.05777872471178,-14.259765175577884
12312,MA,2021,2022,255.60112540192927,395.33962397919146,-139.7384985772622,139.7384985772622,-54.67053337794398
12318,MA,2021,2022,137.1587808417997,148.87519645857327,-11.71641561677356,11.71641561677356,-8.54222787988134
12324,MA,2021,2022,129.13189300411523,135.68822001508818,-6.55632701097295,6.55632701097295,-5.077232942572917
12336,MA,2021,2022,177.770703125,196.5324589616319,-18.76175583663189,18.76175583663189,-10.553907650035848
12366,MA,2021,2022,237.7610701107011,366.41173324599856,-128.65066313529746,128.65066313529746,-54.10922110814775
12372,MA,2021,2022,111.36145320197043,112.36643650484271,-1.0049833028722759,1.0049833028722759,-0.9024516778257108
12396,MA,2021,2022,203.6770508826584,225.91895587585844,-22.241904993200052,22.241904993200052,-10.920182169180153
12402,MA,2021,2022,195.9929561200924,216.9579510959215,-20.964994975829086,20.964994975829086,-10.696810431790738
12426,MA,2021,2022,144.79166666666666,148.8626246368063,-4.070957970139631,4.070957970139631,-2.811596871463342
12432,MA,2021,2022,83.03858520900322,89.7478355202814,-6.709250311278183,6.709250311278183,-8.079678012807415
12486,MA,2021,2022,145.9931001890359,167.6029484417412,-21.60984825270529,21.60984825270529,-14.801965452287991
12540,MA,2021,2022,288.9645649432535,396.23716819648314,-107.27260325322965,107.27260325322965,-37.123099600221124
12558,MA,2021,2022,153.99026687598115,152.14066768965796,1.8495991863231893,1.8495991863231893,1.2011143456312063
12648,MA,2021,2022,868.8951612903226,926.5334539553414,-57.63829266501887,57.63829266501887,-6.63351520791359
12654,MA,2021,2022,452.1733840304183,497.45249286754165,-45.279108837123374,45.279108837123374,-10.013660785057926
12660,MA,2021,2022,783.0213389121338,311.07313963412605,471.9481992780078,471.9481992780078,60.27271235464594
12666,MA,2021,2022,261.4827027027027,354.7215452334996,-93.23884253079694,93.23884253079694,-35.65774774662876
12678,MA,2021,2022,108.72599531615926,117.82476280319867,-9.09876748703941,9.09876748703941,-8.368529955123913
12684,MA,2021,2022,199.5203196347032,253.138236127572,-53.61791649286877,53.61791649286877,-26.873411485625365
12690,MA,2021,2022,213.3433936022253,364.7577520988383,-151.414358496613,151.414358496613,-70.9721336761532
12696,MA,2021,2022,569.0280834914611,636.1138922594022,-67.0858087679411,67.0858087679411,-11.789542680620228
12708,MA,2021,2022,210.0062288422478,314.5167837255342,-104.5105548832864,104.5105548832864,-49.76545479600632
12714,MA,2021,2022,52.10875856816451,54.12471275342936,-2.015954185264846,2.015954185264846,-3.8687434524615205
12720,MA,2021,2022,49.16583969465649,53.57306246109419,-4.407222766437698,4.407222766437698,-8.963993687097934
12726,MA,2021,2022,43.49908045977011,43.878840097211885,-0.3797596374417722,0.3797596374417722,-0.8730291156223196
12732,MA,2021,2022,69.1448220064725,71.52438122234035,-2.3795592158678573,2.3795592158678573,-3.4414134664271927
12744,MA,2021,2022,62.75972723626153,63.74104087351473,-0.9813136372531943,0.9813136372531943,-1.5636040506661213
12750,MA,2021,2022,71.92001153402538,72.84667429554288,-0.9266627615175054,0.9266627615175054,-1.288463032405245
12756,MA,2021,2022,52.22444253859348,53.57832299098017,-1.35388045238669,1.35388045238669,-2.592426815061132
12762,MA,2021,2022,137.83219334245325,157.22730485931635,-19.395111516863096,19.395111516863096,-14.0715394905417
12768,MA,2021,2022,72.37857762359063,73.0160707378423,-0.6374931142516687,0.6374931142516687,-0.8807759632511597
12774,MA,2021,2022,190.15846153846155,221.84181517627417,-31.683353637812615,31.683353637812615,-16.661553412601794
12780,MA,2021,2022,126.3944609297725,133.16181621759642,-6.767355287823918,6.767355287823918,-5.354154951128757
12786,MA,2021,2022,88.17846829880729,91.8825107692144,-3.704042470407117,3.704042470407117,-4.200620108137236
12792,MA,2021,2022,131.8545890410959,148.36942802820744,-16.514838987111546,16.514838987111546,-12.525039217227599
12804,MA,2021,2022,63.3931334622824,67.68083380404657,-4.287700341764172,4.287700341764172,-6.763666832016223
12810,MA,2021,2022,75.74253699788584,80.15980181923479,-4.417264821348951,4.417264821348951,-5.831947273527751
12816,MA,2021,2022,65.47860286028603,65.36061941285962,0.1179834474264112,0.1179834474264112,0.1801862627981794
12828,MA,2021,2022,280.5107118175536,445.0087166540905,-164.4980048365369,164.4980048365369,-58.64232555351671
12834,MA,2021,2022,126.60247978436658,156.4142412073801,-29.811761423013508,29.811761423013508,-23.54753356631707
12840,MA,2021,2022,146.70975609756098,171.60658921689821,-24.89683311933723,24.89683311933723,-16.97012780989221
12846,MA,2021,2022,126.805625,135.2467617170987,-8.4411367170987,8.4411367170987,-6.656752582622971
12852,MA,2021,2022,197.82943548387092,219.55085475229413,-21.721419268423205,21.721419268423205,-10.979872239585982
12858,MA,2021,2022,108.47604306864064,123.20823559000426,-14.73219252136363,14.73219252136363,-13.581056337058225
12864,MA,2021,2022,126.30172537742632,141.09290570821054,-14.791180330784215,14.791180330784215,-11.710988338903418
12870,MA,2021,2022,90.57437908496732,97.05028862482384,-6.4759095398565165,6.4759095398565165,-7.149824934247135
12888,MA,2021,2022,70.68653036680698,71.98607865990535,-1.2995482930983684,1.2995482930983684,-1.838466658859537
12894,MA,2021,2022,57.134908933217694,59.766437595357104,-2.6315286621394094,2.6315286621394094,-4.6058157985607
12900,MA,2021,2022,54.47828362114076,53.50134566642675,0.9769379547140105,0.9769379547140105,1.7932612589411707
12906,MA,2021,2022,63.044911147011305,65.14178194734498,-2.096870800333676,2.096870800333676,-3.325995329653311
12912,MA,2021,2022,97.15591286307054,96.62230768248013,0.5336051805904134,0.5336051805904134,0.5492256362641201
12930,MA,2021,2022,103.86488038277513,121.06399417842597,-17.199113795650845,17.199113795650845,-16.559123480686292
12978,MA,2021,2022,115.98260869565216,125.33684871767974,-9.354240022027582,9.354240022027582,-8.065209195780268
13014,MA,2021,2022,84.37001266624446,91.93284828255844,-7.562835616313976,7.562835616313976,-8.96389057831656
13020,MA,2021,2022,75.2529906542056,76.98059672581971,-1.7276060716141046,1.7276060716141046,-2.2957307830496902
13026,MA,2021,2022,100.00560146923785,110.82255045353497,-10.816948984297127,10.816948984297127,-10.816343110165151
13056,MA,2021,2022,146.99837618403248,162.19534702883527,-15.196970844802792,15.196970844802792,-10.338189604065533
13080,MA,2021,2022,113.7231850117096,126.17279861912388,-12.449613607414278,12.449613607414278,-10.947295932779575
13104,MA,2021,2022,106.27525150905431,122.37269613885863,-16.097444629804315,16.097444629804315,-15.146936282181242
13116,MA,2021,2022,221.58691729323309,249.85686498863487,-28.269947695401783,28.269947695401783,-12.757949810724273
13128,MA,2021,2022,86.81286254728877,90.9048698579007,-4.092007310611933,4.092007310611933,-4.713595647629902
13134,MA,2021,2022,81.48,83.78889691060795,-2.3088969106079418,2.3088969106079418,-2.8336977302502966
13140,MA,2021,2022,96.5527289546716,98.61860474052105,-2.0658757858494567,2.0658757858494567,-2.1396347966708626
13146,MA,2021,2022,88.93186582809224,97.00431881860766,-8.072452990515416,8.072452990515416,-9.077120912002105
13194,MA,2021,2022,515.1447058823529,1011.4611489370903,-496.3164430547374,496.3164430547374,-96.34505361064208
13260,MA,2021,2022,352.03796909492274,546.0859029712775,-194.04793387635476,194.04793387635476,-55.12130818594516
13290,MA,2021,2022,110.2784251968504,158.26363192994376,-47.98520673309335,47.98520673309335,-43.51277835844887
13806,MA,2021,2022,52.95071190548319,51.6128668256928,1.337845079790391,1.337845079790391,2.5265856334064765
13812,MA,2021,2022,55.870059556036814,56.054816884131384,-0.18475732809456957,0.18475732809456957,-0.3306911243029208
13932,MA,2021,2022,94.6146153846154,74.86927455268301,19.745340831932396,19.745340831932396,20.869229084392643
13944,MA,2021,2022,97.6934451219512,100.92611889106165,-3.2326737691104483,3.2326737691104483,-3.308997615014074
13980,MA,2021,2022,85.59283333333333,83.10917537753927,2.483657955794058,2.483657955794058,2.9017125138522792
13992,MA,2021,2022,248.5914979757085,359.6271871246048,-111.0356891488963,111.0356891488963,-44.66592383611861
13998,MA,2021,2022,89.94467805519054,88.68564017429519,1.2590378808953488,1.2590378808953488,1.3997914141432544
14028,MA,2021,2022,86.91880952380953,87.48128690590701,-0.5624773820974838,0.5624773820974838,-0.6471296433752988
14034,MA,2021,2022,145.55528031290743,158.73939535098611,-13.184115038078687,13.184115038078687,-9.057806085589021
14046,MA,2021,2022,94.17521663778165,94.97785833191233,-0.8026416941306849,0.8026416941306849,-0.8522854767808172
14058,MA,2021,2022,78.32396006655574,75.63069778479972,2.69326228175602,2.69326228175602,3.4386186289194542
14076,MA,2021,2022,80.61015267175573,82.08322020752975,-1.473067535774021,1.473067535774021,-1.82739702996513
14082,MA,2021,2022,108.53636363636365,107.62014793729041,0.9162156990732342,0.9162156990732342,0.8441555146834389
14106,MA,2021,2022,89.83762268266085,88.86438228480513,0.9732403978557187,0.9732403978557187,1.0833327605891327
14136,MA,2021,2022,165.30247295208656,220.38731222335286,-55.084839271266304,55.084839271266304,-33.32366315368604
14154,MA,2021,2022,110.68940042826551,108.7968262660179,1.8925741622476124,1.8925741622476124,1.7098061376474194
14160,MA,2021,2022,104.28694335049984,125.01999858479871,-20.733055234298874,20.733055234298874,-19.880777562553327
14184,MA,2021,2022,113.37757909215956,114.68881072168348,-1.3112316295239168,1.3112316295239168,-1.1565175760703756
14202,MA,2021,2022,113.69285714285714,118.0389313729097,-4.346074230052565,4.346074230052565,-3.822644921827977
14208,MA,2021,2022,68.32624728850325,67.3668142079119,0.9594330805913529,0.9594330805913529,1.4041940230380392
14220,MA,2021,2022,76.87896950578339,78.55357679216647,-1.674607286383079,1.674607286383079,-2.17823846644706
14250,MA,2021,2022,112.25051546391752,117.34467051628137,-5.0941550523638455,5.0941550523638455,-4.538201923893473
14274,MA,2021,2022,99.0911980440098,97.3937172581486,1.6974807858612024,1.6974807858612024,1.7130490087598829
14292,MA,2021,2022,78.8052247873633,78.19472378630009,0.6105010010632128,0.6105010010632128,0.7746960975119366
14520,MA,2021,2022,352.89470013947,420.2283493074756,-67.33364916800559,67.33364916800559,-19.08037982474494
14526,MA,2021,2022,338.9785547785548,418.72259633343884,-79.74404155488406,79.74404155488406,-23.524804277656624
14670,MA,2021,2022,366.52974051896206,554.4857181152368,-187.9559775962747,187.9559775962747,-51.27987085854251
14676,MA,2021,2022,220.6581625441696,292.52831039974063,-71.87014785557102,71.87014785557102,-32.57080863309764
14706,MA,2021,2022,111.39710144927535,120.9196132528475,-9.522511803572144,9.522511803572144,-8.548258150063463
14712,MA,2021,2022,108.53298662704309,136.848573047414,-28.315586420370906,28.315586420370906,-26.08938286907469
14718,MA,2021,2022,96.96784523015344,107.30416583742928,-10.336320607275837,10.336320607275837,-10.6595341814006
14748,MA,2021,2022,273.2343122102009,373.38286274053763,-100.1485505303367,100.1485505303367,-36.652991976092586
14754,MA,2021,2022,420.751100811124,609.005568523545,-188.254467712421,188.254467712421,-44.74247776167526
14760,MA,2021,2022,243.1035343035343,230.00643704415722,13.09709725937708,13.09709725937708,5.387456540645888
14766,MA,2021,2022,272.99663865546216,330.00905125312715,-57.01241259766499,57.01241259766499,-20.883924753966664
14772,MA,2021,2022,191.8281690140845,253.7751594696664,-61.9469904555819,61.9469904555819,-32.29295821044593
14784,MA,2021,2022,164.35723270440252,159.31980128735188,5.037431417050641,5.037431417050641,3.0649283479422484
14790,MA,2021,2022,452.31157718120807,862.336222780885,-410.02464559967694,410.02464559967694,-90.65092875909522
14796,MA,2021,2022,197.73859154929576,292.8304167097636,-95.09182516046783,95.09182516046783,-48.08966444810631
14802,MA,2021,2022,411.3291348600509,797.4880690613668,-386.1589342013159,386.1589342013159,-93.8807639611284
14808,MA,2021,2022,531.754752851711,1078.7503002683231,-546.9955474166121,546.9955474166121,-102.86613226927777
14832,MA,2021,2022,119.47929423975091,131.2244360584379,-11.745141818686989,11.745141818686989,-9.83027385073
14844,MA,2021,2022,162.7367616400278,208.45242301049768,-45.71566137046989,45.71566137046989,-28.091785107284185
14856,MA,2021,2022,178.69269406392695,227.27328520111894,-48.58059113719199,48.58059113719199,-27.186668929963293
14868,MA,2021,2022,256.49458204334366,407.5558699336284,-151.06128789028475,151.06128789028475,-58.89453363375827
14886,MA,2021,2022,651.1802228412256,931.3672000663981,-280.18697722517254,280.18697722517254,-43.02756247765978
14892,MA,2021,2022,469.1713131313131,844.1152734678709,-374.9439603365578,374.9439603365578,-79.91621606916476
14952,MA,2021,2022,386.3578252032521,556.6468692636832,-170.28904406043114,170.28904406043114,-44.07547432767715
14958,MA,2021,2022,920.909980806142,723.406976770683,197.50300403545907,197.50300403545907,21.446504886674134
14964,MA,2021,2022,228.0947876447877,282.4675400660206,-54.37275242123292,54.37275242123292,-23.837788220705715
15192,MA,2021,2022,89.83500761035008,90.41285405281127,-0.577846442461194,0.577846442461194,-0.6432308048189214
15210,MA,2021,2022,178.62839506172838,344.88409590953205,-166.25570084780367,166.25570084780367,-93.07350087893411
15216,MA,2021,2022,95.98938740293356,112.09600001377656,-16.106612610843,16.106612610843,-16.77957641633075
15222,MA,2021,2022,130.82072072072071,172.68408890774884,-41.86336818702813,41.86336818702813,-32.00056379172461
15228,MA,2021,2022,60.45560165975104,63.150545385354334,-2.694943725603295,2.694943725603295,-4.45772377019859
15234,MA,2021,2022,115.00979228486646,181.2483854765734,-66.23859319170693,66.23859319170693,-57.59387255273125
15240,MA,2021,2022,137.03273137697516,183.74426948482898,-46.71153810785381,46.71153810785381,-34.08786910869565
15252,MA,2021,2022,53.44166666666667,60.31751751408987,-6.875850847423202,6.875850847423202,-12.866086101524779
15258,MA,2021,2022,155.90217391304347,194.340274862763,-38.43810094971954,38.43810094971954,-24.65526938139997
15324,MA,2021,2022,132.44865229110513,260.4305806303849,-127.98192833927976,127.98192833927976,-96.62758067027508
15336,MA,2021,2022,139.66995073891624,195.13661405001943,-55.46666331110319,55.46666331110319,-39.71266762654375
15354,MA,2021,2022,106.65549738219896,149.94599552790925,-43.29049814571029,43.29049814571029,-40.58909217832364
15372,MA,2021,2022,107.59462365591398,113.3040192281927,-5.709395572278723,5.709395572278723,-5.306394853461532
15378,MA,2021,2022,111.34135472370768,124.42310712858864,-13.081752404880959,13.081752404880959,-11.749230496919298
15408,MA,2021,2022,91.97234927234928,107.60404745367128,-15.631698181322008,15.631698181322008,-16.99608448081857
15426,MA,2021,2022,77.34145077720207,78.12958170713199,-0.7881309299299204,0.7881309299299204,-1.0190278589424104
15456,MA,2021,2022,73.1353982300885,72.89082293380591,0.24457529628259067,0.24457529628259067,0.33441439057068045
15606,MA,2021,2022,58.286546610169495,69.31197203710138,-11.02542542693189,11.02542542693189,-18.915900955106917
15780,MA,2021,2022,159.8575221238938,178.78374483042552,-18.926222706531718,18.926222706531718,-11.839432048661054
15786,MA,2021,2022,103.9627416520211,135.99778105234884,-32.03503940032775,32.03503940032775,-30.813961705198032
15792,MA,2021,2022,94.19285714285714,111.07950137164454,-16.886644228787404,16.886644228787404,-17.92773331334069
15798,MA,2021,2022,165.14857142857142,222.20422831645624,-57.05565688788482,57.05565688788482,-34.54807776678954
15810,MA,2021,2022,134.84341463414634,162.62590124328887,-27.782486609142524,27.782486609142524,-20.603517557398888
15828,MA,2021,2022,112.60710382513662,180.8261867055009,-68.21908288036428,68.21908288036428,-60.58150912601319
15834,MA,2021,2022,65.91623036649214,75.92765121395298,-10.01142084746084,10.01142084746084,-15.188096758260688
15852,MA,2021,2022,107.76153846153846,142.63164834883423,-34.87010988729577,34.87010988729577,-32.358585804471765
15864,MA,2021,2022,91.69684684684684,93.0314967705693,-1.3346499237224663,1.3346499237224663,-1.455502527749525
15870,MA,2021,2022,98.00580204778156,112.70760293947744,-14.701800891695882,14.701800891695882,-15.000949519833728
15876,MA,2021,2022,128.30944881889764,183.66368677748352,-55.354237958585884,55.354237958585884,-43.14120157800352
15888,MA,2021,2022,100.48676122931442,110.91448450271909,-10.427723273404666,10.427723273404666,-10.377211033409889
15894,MA,2021,2022,109.511843575419,148.80519027643066,-39.29334670101167,39.29334670101167,-35.880454038700385
15900,MA,2021,2022,164.05689655172415,244.14857755826534,-80.0916810065412,80.0916810065412,-48.819453915056684
15918,MA,2021,2022,136.73219814241486,132.63974120581491,4.092456936599945,4.092456936599945,2.9930455241693714
15930,MA,2021,2022,258.59447004608296,326.3691393289393,-67.77466928285634,67.77466928285634,-26.208862575745922
15942,MA,2021,2022,153.32162162162163,169.08260672076005,-15.760985099138423,15.760985099138423,-10.279688495621668
15954,MA,2021,2022,140.7,153.6639337664639,-12.963933766463924,12.963933766463924,-9.213883273961567
15960,MA,2021,2022,85.7041095890411,95.65403095611164,-9.949921367070544,9.949921367070544,-11.609619905954698
15984,MA,2021,2022,76.1419298245614,93.73811828576812,-17.596188461206722,17.596188461206722,-23.109722201354884
16002,MA,2021,2022,111.39888888888888,135.40923768477256,-24.010348795883687,24.010348795883687,-21.553490376220907
16008,MA,2021,2022,118.9537634408602,128.18160822880998,-9.227844787949778,9.227844787949778,-7.757505539148032
16020,MA,2021,2022,108.15154639175258,147.3489148803996,-39.19736848864703,39.19736848864703,-36.24300326383141
16026,MA,2021,2022,115.83116883116882,170.35420920397814,-54.52304037280932,54.52304037280932,-47.0711302691593
16038,MA,2021,2022,68.08371212121212,77.6704244999121,-9.586712378699985,9.586712378699985,-14.080772155361304
16050,MA,2021,2022,103.03080808080809,135.3030662764241,-32.272258195616004,32.272258195616004,-31.322920587310694
16212,MA,2021,2022,96.79347826086956,98.38413574184568,-1.5906574809761196,1.5906574809761196,-1.6433519174598878
16218,MA,2021,2022,81.42985446985448,84.39613983593406,-2.966285366079589,2.966285366079589,-3.642749192407945
16290,MA,2021,2022,105.8745,91.21071511960461,14.663784880395383,14.663784880395383,13.850157384823902
16302,MA,2021,2022,92.62593984962406,93.65337442870215,-1.0274345790780899,1.0274345790780899,-1.1092298558547473
16308,MA,2021,2022,75.59482288828337,72.28434736463154,3.3104755236518315,3.3104755236518315,4.379235769285637
16314,MA,2021,2022,81.00531286894923,91.42055961049118,-10.41524674154195,10.41524674154195,-12.857485975508522
16320,MA,2021,2022,60.62296774193548,61.34896009595382,-0.725992354018338,0.725992354018338,-1.1975533053888059
16326,MA,2021,2022,47.45752427184466,48.775056314173284,-1.3175320423286223,1.3175320423286223,-2.776234248507313
16338,MA,2021,2022,46.04181568088033,49.213725694794526,-3.171910013914193,3.171910013914193,-6.889194022883386
16344,MA,2021,2022,46.9575,49.14010669774398,-2.182606697743978,2.182606697743978,-4.648047059029927
16350,MA,2021,2022,77.80220588235294,80.6471225359268,-2.8449166535738613,2.8449166535738613,-3.6566015337351043
16356,MA,2021,2022,83.12497041420119,83.21791335263515,-0.09294293843396417,0.09294293843396417,-0.11181109355088044
16428,MA,2021,2022,157.72210526315789,199.29253729112065,-41.57043202796277,41.57043202796277,-26.35675700536896
16434,MA,2021,2022,144.37728459530027,171.45346650747672,-27.07618191217645,27.07618191217645,-18.75376863339195
16440,MA,2021,2022,50.72795487984306,50.17008507870254,0.5578698011405194,0.5578698011405194,1.0997285470347062
16458,MA,2021,2022,89.108957952468,83.37084257099481,5.738115381473193,5.738115381473193,6.439437193883454
16464,MA,2021,2022,46.32228070175439,50.10361844764545,-3.781337745891065,3.781337745891065,-8.163107879418064
16470,MA,2021,2022,63.58435321456236,62.721664430222255,0.8626887843401079,0.8626887843401079,1.3567626951067753
16476,MA,2021,2022,41.333564493758665,45.27799139642663,-3.9444269026679635,3.9444269026679635,-9.542914943286753
16482,MA,2021,2022,93.18032128514056,96.04651103710484,-2.8661897519642707,2.8661897519642707,-3.0759603663454436
16488,MA,2021,2022,146.05584,163.14065885697278,-17.084818856972788,17.084818856972788,-11.697456847307707
16560,MA,2021,2022,110.17275185936444,119.71575339922921,-9.543001539864775,9.543001539864775,-8.661852752889772
16572,MA,2021,2022,101.52271844660194,102.91447991543136,-1.391761468829415,1.391761468829415,-1.370886723804034
16578,MA,2021,2022,110.7780701754386,123.96638281271169,-13.188312637273086,13.188312637273086,-11.90516554078513
16584,MA,2021,2022,109.83603603603603,92.08448737484473,17.751548661191308,17.751548661191308,16.16186208264764
16596,MA,2021,2022,100.51972428419936,105.23764840396854,-4.7179241197691795,4.7179241197691795,-4.6935307009300935
16602,MA,2021,2022,98.57512195121951,99.5944370083475,-1.019315057127983,1.019315057127983,-1.034048994260841
16614,MA,2021,2022,120.2197640117994,120.34859423325038,-0.12883022145098266,0.12883022145098266,-0.10716226446621385
16620,MA,2021,2022,111.8094155844156,125.03168873643095,-13.222273152015347,13.222273152015347,-11.82572423163467
16626,MA,2021,2022,99.53321212121212,104.4526800774309,-4.9194679562187815,4.9194679562187815,-4.942539129780947
16662,MA,2021,2022,89.56305309734513,88.87655970768662,0.6864933896585086,0.6864933896585086,0.7664917238946357
16674,MA,2021,2022,99.17027777777778,94.44784606707341,4.72243171070437,4.72243171070437,4.761942606721809
16680,MA,2021,2022,64.58097507331378,65.90267060610903,-1.3216955327952462,1.3216955327952462,-2.0465710393731706
16740,MA,2021,2022,98.8250547045952,113.05309735813357,-14.228042653538367,14.228042653538367,-14.397201899931542
16824,RI,2021,2022,76.50333333333333,79.35522141331023,-2.851888079976902,2.851888079976902,-3.727795843288182
16836,RI,2021,2022,240.56139315230223,230.00042436692019,10.560968785382045,10.560968785382045,4.390134529481949
16848,RI,2021,2022,65.63418803418803,67.41017623131253,-1.775988197124505,1.775988197124505,-2.7058888824821223
16854,RI,2021,2022,99.70897072710105,98.56957033344713,1.139400393653915,1.139400393653915,1.1427260610004715
16872,RI,2021,2022,86.41388888888889,86.10505866644253,0.3088302224463604,0.3088302224463604,0.35738493709437696
16878,RI,2021,2022,117.37527352297592,134.26624061615604,-16.890967093180123,16.890967093180123,-14.390566757549458
16884,RI,2021,2022,91.48533653846154,94.31333441216103,-2.8279978736994877,2.8279978736994877,-3.091203443855249
16890,RI,2021,2022,87.94,77.36800859013903,10.57199140986097,10.57199140986097,12.021823299819163
16896,RI,2021,2022,80.08336134453782,88.40621417267462,-8.322852828136803,8.322852828136803,-10.39273662893581
16902,RI,2021,2022,108.14293785310734,99.62110303874096,8.521834814366386,8.521834814366386,7.88015841213946
16908,RI,2021,2022,188.9570038910506,219.7926674255628,-30.835663534512207,30.835663534512207,-16.318878315985327
16932,RI,2021,2022,115.62134146341464,117.34503716775203,-1.7236957043373877,1.7236957043373877,-1.490811023744095
16950,RI,2021,2022,90.053,96.46395068500348,-6.410950685003485,6.410950685003485,-7.1190861881375245
16962,RI,2021,2022,86.33388429752065,86.12301595118852,0.21086834633213414,0.21086834633213414,0.24424749106092275
16968,RI,2021,2022,101.71446700507614,106.16032312404157,-4.445856118965423,4.445856118965423,-4.370918169136696
16980,RI,2021,2022,81.69178470254957,80.3286788795981,1.3631058229514679,1.3631058229514679,1.6685959645938866
16986,RI,2021,2022,104.2283185840708,101.49084941866158,2.737469165409223,2.737469165409223,2.62641593244275
16992,RI,2021,2022,83.59098039215687,84.31737903939208,-0.7263986472352144,0.7263986472352144,-0.868991658941436
16998,RI,2021,2022,66.63225806451612,80.57579430708283,-13.943536242566708,13.943536242566708,-20.92610493413865
17010,RI,2021,2022,193.95396825396824,210.36615239174688,-16.412184137778638,16.412184137778638,-8.46189654459047
17022,RI,2021,2022,132.2242105263158,159.17975332166031,-26.955542795344513,26.955542795344513,-20.386238411292847
17028,RI,2021,2022,64.56216216216217,67.55611966373792,-2.99395750157575,2.99395750157575,-4.637325333150651
17034,RI,2021,2022,72.86262626262626,69.66120973643721,3.2014165261890497,3.2014165261890497,4.3937704285457055
17040,RI,2021,2022,112.63940754039496,124.93337783663877,-12.293970296243813,12.293970296243813,-10.914448650517738
17052,RI,2021,2022,95.69988439306358,104.58982155489662,-8.889937161833032,8.889937161833032,-9.289391746096385
17112,RI,2021,2022,108.93423284502698,125.45617261435484,-16.521939769327858,16.521939769327858,-15.166894132198507
17142,RI,2021,2022,100.41354838709675,101.51599209215205,-1.1024437050552933,1.1024437050552933,-1.0979033434864238
17148,RI,2021,2022,80.06451612903226,72.35393737832719,7.710578750705068,7.710578750705068,9.630456940848394
17154,RI,2021,2022,72.09176470588235,70.62596846335737,1.4657962425249877,1.4657962425249877,2.033236734466268
17160,RI,2021,2022,49.82035928143713,47.577414292653316,2.2429449887838118,2.2429449887838118,4.5020650616213524
17166,RI,2021,2022,57.98345712356516,57.814689199906454,0.16876792365870585,0.16876792365870585,0.2910621960657751
17178,RI,2021,2022,36.48360836083609,40.234567368757645,-3.7509590079215585,3.7509590079215585,-10.281217172444174
17184,RI,2021,2022,95.67850078084332,103.0768951311823,-7.398394350338975,7.398394350338975,-7.7325567290037185
17190,RI,2021,2022,124.47469135802469,138.9385443446467,-14.463852986622001,14.463852986622001,-11.619914722278635
17226,RI,2021,2022,121.99516806722689,146.87690814071283,-24.881740073485943,24.881740073485943,-20.39567670399418
17244,RI,2021,2022,156.07583081570996,160.06208717917423,-3.986256363464264,3.986256363464264,-2.5540510293173617
17250,RI,2021,2022,59.61363636363637,60.30588129827839,-0.6922449346420265,0.6922449346420265,-1.1612191050037806
17256,RI,2021,2022,87.68412698412699,80.653766408247,7.030360575879996,7.030360575879996,8.017825822856931
17268,RI,2021,2022,92.70378874856486,97.88743546624606,-5.183646717681199,5.183646717681199,-5.59162337123082
17274,RI,2021,2022,112.7864960282436,140.22932867302592,-27.442832644782314,27.442832644782314,-24.33166523580108
17286,RI,2021,2022,106.46810344827588,108.24661417811537,-1.778510729839482,1.778510729839482,-1.67046342729634
17292,RI,2021,2022,134.81466458658346,195.83530897894383,-61.02064439236037,61.02064439236037,-45.26261633293641
17310,RI,2021,2022,82.12922824302134,96.6751427715037,-14.545914528482356,14.545914528482356,-17.711008418879604
17316,RI,2021,2022,83.47350374064838,92.45667777239372,-8.983174031745335,8.983174031745335,-10.761707163576117
17328,RI,2021,2022,73.28028933092224,79.64583127077988,-6.365541939857636,6.365541939857636,-8.686567695048051
17334,RI,2021,2022,73.08774983881366,75.70439496962541,-2.6166451308117473,2.6166451308117473,-3.580141865883745
17346,RI,2021,2022,107.94522028262676,110.39827448724246,-2.4530542046156967,2.4530542046156967,-2.272499141873078
17352,RI,2021,2022,97.6541958041958,98.2518256587574,-0.5976298545616032,0.5976298545616032,-0.6119858441719158
17358,RI,2021,2022,61.83832518337408,64.41316649329858,-2.5748413099244942,2.5748413099244942,-4.16382769470084
17364,RI,2021,2022,67.93404255319149,69.38855254416688,-1.4545099909753958,1.4545099909753958,-2.141062030625563
17370,RI,2021,2022,51.40059820538385,49.80971542078114,1.5908827846027123,1.5908827846027123,3.095066672660005
17376,RI,2021,2022,91.77810858143609,95.3591437762826,-3.581035194846507,3.581035194846507,-3.9018402647391683
17388,RI,2021,2022,86.24873949579832,92.77521965612479,-6.5264801603264715,6.5264801603264715,-7.567044108099011
17418,RI,2021,2022,116.36065891472867,130.5387393718923,-14.178080457163617,14.178080457163617,-12.184599665728593
17424,RI,2021,2022,62.512879256965945,63.849396651965954,-1.3365173950000084,1.3365173950000084,-2.137987261002823
17430,RI,2021,2022,57.39801829268293,59.55804377487079,-2.160025482187862,2.160025482187862,-3.7632405202101227
17436,RI,2021,2022,164.2148753894081,183.01603936855537,-18.801163979147276,18.801163979147276,-11.44912355507591
17442,RI,2021,2022,37.16018766756032,39.59001375961667,-2.429826092056345,2.429826092056345,-6.5387885384053295
17448,RI,2021,2022,51.58120380147835,49.7409592061328,1.8402445953455526,1.8402445953455526,3.5676650789852444
17454,RI,2021,2022,40.88993821712268,38.59042868805293,2.299509529069752,2.299509529069752,5.623656159272041
17460,RI,2021,2022,59.362773722627736,59.90731652085586,-0.5445427982281217,0.5445427982281217,-0.9173136025828159
17466,RI,2021,2022,66.80672963400237,67.77573520568038,-0.9690055716780108,0.9690055716780108,-1.4504610194012846
17484,RI,2021,2022,60.149825174825175,60.11248513197165,0.03734004285352199,0.03734004285352199,0.06207838966280175
17490,RI,2021,2022,69.0318429661941,71.79993168972761,-2.768088723533509,2.768088723533509,-4.009872262702131
17496,RI,2021,2022,91.7268131868132,105.63781037721475,-13.910997190401545,13.910997190401545,-15.165682429269669
17502,RI,2021,2022,118.57948328267476,102.3696200103818,16.209863272292964,16.209863272292964,13.670040401214441
17514,RI,2021,2022,70.96672694394213,72.40869730837079,-1.4419703644286557,1.4419703644286557,-2.0318963921891076
17520,RI,2021,2022,69.67831014940752,70.91265543691861,-1.2343452875110899,1.2343452875110899,-1.7714914223154212
17526,RI,2021,2022,125.55372023809524,130.22235670860857,-4.668636470513334,4.668636470513334,-3.7184373841411564
18186,NH,2021,2022,164.99071310116085,206.24051004858694,-41.24979694742609,41.24979694742609,-25.0012841159942
18192,NH,2021,2022,134.43569131832797,132.9126416599309,1.5230496583970705,1.5230496583970705,1.1329206131656417
18198,NH,2021,2022,129.21267605633804,146.17377463980148,-16.96109858346344,16.96109858346344,-13.126497415832661
18204,NH,2021,2022,101.79828326180258,103.0784596463493,-1.2801763845467207,1.2801763845467207,-1.2575618601095573
18216,NH,2021,2022,114.54375,120.33010137850818,-5.786351378508172,5.786351378508172,-5.051651773674401
18222,NH,2021,2022,108.45755102040816,105.79704882909864,2.6605021913095186,2.6605021913095186,2.453035465284385
18228,NH,2021,2022,86.48874024526198,79.97113627847453,6.517603966787448,6.517603966787448,7.535783210976407
18252,NH,2021,2022,89.63232323232323,86.80784738473167,2.8244758475915575,2.8244758475915575,3.151180004863462
18258,NH,2021,2022,116.81071428571428,123.04476496077169,-6.234050675057404,6.234050675057404,-5.336882590931828
18264,NH,2021,2022,93.24325396825397,92.74158799532334,0.5016659729306241,0.5016659729306241,0.5380185177808399
18270,NH,2021,2022,96.09888268156423,95.77398910230319,0.3248935792610439,0.3248935792610439,0.3380825772320577
18276,NH,2021,2022,116.2691823899371,128.07747050641424,-11.808288116477144,11.808288116477144,-10.15599135880664
18282,NH,2021,2022,89.47191011235955,93.59570766666022,-4.1237975543006655,4.1237975543006655,-4.609041596543504
18288,NH,2021,2022,77.5835294117647,77.4489649159621,0.1345644958026071,0.1345644958026071,0.17344466902043496
18294,NH,2021,2022,309.2975,348.23864782933947,-38.94114782933946,38.94114782933946,-12.59019158879055
18306,NH,2021,2022,97.24285714285716,96.9586582015232,0.28419894133395474,0.28419894133395474,0.29225688105445613
18312,NH,2021,2022,106.37158351409978,107.39524825915284,-1.023664745053054,1.023664745053054,-0.9623479422183887
18318,NH,2021,2022,111.51958393113344,112.72465812569868,-1.205074194565242,1.205074194565242,-1.0805942347394426
18324,NH,2021,2022,107.00169934640525,109.16658436730852,-2.16488502090327,2.16488502090327,-2.0232248965455337
18330,NH,2021,2022,87.11939953810624,93.726632232096,-6.607232693989758,6.607232693989758,-7.584111838488669
18342,NH,2021,2022,146.95724637681158,132.20903347899684,14.748212897814739,14.748212897814739,10.035716687286719
18360,NH,2021,2022,62.75754593175853,64.08674102520825,-1.3291950934497265,1.3291950934497265,-2.117984496868425
18372,NH,2021,2022,115.07041800643088,136.33552204405595,-21.265104037625065,21.265104037625065,-18.480078899545347
18378,NH,2021,2022,98.51917960088691,104.18251262894768,-5.663333028060762,5.663333028060762,-5.748457357241105
18384,NH,2021,2022,96.1069306930693,90.06895689046608,6.037973802603219,6.037973802603219,6.282558145453961
18420,NH,2021,2022,113.72750809061488,114.41372148387127,-0.686213393256395,0.686213393256395,-0.6033838292751824
18426,NH,2021,2022,85.42416356877324,76.83680776109401,8.58735580767923,8.58735580767923,10.052607422682842
18456,NH,2021,2022,119.49172056921088,116.9520502824694,2.539670286741483,2.539670286741483,2.125394357570137
18462,NH,2021,2022,80.96174957118353,79.25700488578383,1.704744685399703,1.704744685399703,2.1056173988691413
18474,NH,2021,2022,123.33419161676646,130.7924414389641,-7.458249822197629,7.458249822197629,-6.047187502856046
18492,NH,2021,2022,102.3529411764706,96.7447329957741,5.608208180696494,5.608208180696494,5.47928385470347
18504,NH,2021,2022,95.51857142857143,107.36752675958626,-11.848955331014821,11.848955331014821,-12.404870753197395
18516,NH,2021,2022,97.4359813084112,95.90854820255149,1.5274331058597141,1.5274331058597141,1.5676273644999537
18522,NH,2021,2022,213.74061302681991,289.5243329382108,-75.7837199113909,75.7837199113909,-35.455928959033
18606,NH,2021,2022,104.91871921182266,81.85290572301757,23.06581348880509,23.06581348880509,21.984459648460845
18612,NH,2021,2022,64.50978391356543,64.71256332651578,-0.20277941295034907,0.20277941295034907,-0.31433900510664653
18618,NH,2021,2022,57.97660477453581,56.3227749296689,1.6538298448669053,1.6538298448669053,2.8525814012366797
18624,NH,2021,2022,101.71869266055046,87.85306240882775,13.865630251722706,13.865630251722706,13.631349252584535
18636,NH,2021,2022,104.37618437900127,105.58374789240446,-1.207563513403187,1.207563513403187,-1.156933950582436
18654,NH,2021,2022,82.79901960784314,82.34660778246761,0.4524118253755205,0.4524118253755205,0.5463975630608382
18660,NH,2021,2022,199.54802804557409,414.6284990632506,-215.08047101767653,215.08047101767653,-107.78381180923273
19296,NH,2021,2022,78.40254237288136,86.42433160120666,-8.021789228325304,8.021789228325304,-10.231542224962284
19302,NH,2021,2022,80.14406779661017,77.07787743865234,3.0661903579578365,3.0661903579578365,3.825848178481809
19308,NH,2021,2022,69.41176470588235,71.47099157531596,-2.0592268694336155,2.0592268694336155,-2.966682777997582
19320,NH,2021,2022,73.56213333333334,74.60068762200027,-1.03855428866693,1.03855428866693,-1.4118055602886221
19326,NH,2021,2022,101.14732142857144,105.11523155590288,-3.967910127331436,3.967910127331436,-3.922901833968493
19332,NH,2021,2022,85.05901639344262,95.85267806278044,-10.793661669337823,10.793661669337823,-12.689614960290005
19338,NH,2021,2022,84.7063063063063,100.15718305440726,-15.450876748100953,15.450876748100953,-18.24052708924536
19344,NH,2021,2022,106.93703703703704,118.68591109721184,-11.7488740601748,11.7488740601748,-10.986721145177833
19350,NH,2021,2022,79.52704081632653,76.74589206713983,2.7811487491866984,2.7811487491866984,3.4971108199662084
19356,NH,2021,2022,178.96320754716982,204.34259970351178,-25.379392156341964,25.379392156341964,-14.181346268982495
19362,NH,2021,2022,120.88032786885246,153.37790395823203,-32.497576089379564,32.497576089379564,-26.88408996097147
19374,NH,2021,2022,144.69935064935066,161.41059676981183,-16.71124612046117,16.71124612046117,-11.548943409537104
19380,NH,2021,2022,66.00147058823529,74.61522329178092,-8.613752703545629,8.613752703545629,-13.050849665584607
19398,NH,2021,2022,153.44,248.15374353023583,-94.71374353023583,94.71374353023583,-61.72689229029969
19404,NH,2021,2022,86.78171206225682,78.95791871161038,7.82379335064644,7.82379335064644,9.015486287057445
19410,NH,2021,2022,57.70785219399538,59.205897892941366,-1.4980456989459867,1.4980456989459867,-2.595913107128013
19422,NH,2021,2022,90.2230215827338,92.57840188086512,-2.3553802981313225,2.3553802981313225,-2.6106200577326684
19440,NH,2021,2022,64.56029411764706,61.553727240685056,3.0065668769620046,3.0065668769620046,4.656990675233282
19446,NH,2021,2022,100.96603773584906,133.1984318861359,-32.23239415028684,32.23239415028684,-31.923996299245072
19452,NH,2021,2022,96.70691244239632,95.3819500256919,1.324962416704409,1.324962416704409,1.3700803626562121
19458,NH,2021,2022,62.87272727272728,57.728232382332195,5.144494890395087,5.144494890395087,8.182394996290624
19464,NH,2021,2022,72.987648456057,71.96381810510078,1.0238303509562172,1.0238303509562172,1.4027446733985756
19470,NH,2021,2022,123.97798165137614,204.71273321877686,-80.73475156740072,80.73475156740072,-65.12023384476882
19476,NH,2021,2022,90.07470997679816,98.61716615947608,-8.542456182677924,8.542456182677924,-9.483745420749429
19494,NH,2021,2022,137.5653164556962,147.63472473605253,-10.069408280356328,10.069408280356328,-7.3197289402516255
19506,NH,2021,2022,166.43125,205.79623542757042,-39.36498542757042,39.36498542757042,-23.652400271926346
19518,NH,2021,2022,121.96801075268816,164.74064005786624,-42.772629305178086,42.772629305178086,-35.06872748126326
19524,NH,2021,2022,172.82125984251968,242.7956501885584,-69.97439034603872,69.97439034603872,-40.48945737914516
19530,NH,2021,2022,151.32605042016806,213.98068549509264,-62.654635074924585,62.654635074924585,-41.403733792667765
19536,NH,2021,2022,87.09516129032258,93.78938735965355,-6.694226069330966,6.694226069330966,-7.686105600076296
19542,NH,2021,2022,198.35983263598325,235.9004324033101,-37.54059976732685,37.54059976732685,-18.925504860764256
19548,NH,2021,2022,96.46875,98.29791339945287,-1.8291633994528667,1.8291633994528667,-1.8961201419660425
19554,NH,2021,2022,87.45882352941176,95.80657036096092,-8.34774683154916,8.34774683154916,-9.54477375143501
19566,NH,2021,2022,83.28911290322581,86.78057989131156,-3.4914669880857474,3.4914669880857474,-4.191984842175599
19572,NH,2021,2022,72.36623376623376,78.2508325983131,-5.884598832079334,5.884598832079334,-8.131691433726512
19578,NH,2021,2022,67.80235849056604,66.36630996161189,1.4360485289541458,1.4360485289541458,2.1179920004610997
19584,NH,2021,2022,78.18091603053435,77.94300284526291,0.237913185271438,0.237913185271438,0.3043110740458945
19596,NH,2021,2022,67.05363636363636,73.67746988070998,-6.623833517073621,6.623833517073621,-9.878410592308713
19608,NH,2021,2022,83.50857142857143,77.89058523863052,5.617986189940908,5.617986189940908,6.72743658984302
19614,NH,2021,2022,105.66625,104.94783342748487,0.7184165725151388,0.7184165725151388,0.6798921817658323
19650,NH,2021,2022,74.41488372093023,72.1169191203212,2.297964600609035,2.297964600609035,3.0880443342851045
19656,NH,2021,2022,65.19663677130045,67.15079499326119,-1.9541582219607392,1.9541582219607392,-2.9973297991054646
19668,NH,2021,2022,86.39390243902439,92.01496913129449,-5.621066692270105,5.621066692270105,-6.506323401975476
19674,NH,2021,2022,54.40263157894737,53.868637069753866,0.533994509193505,0.533994509193505,0.9815600710759536
19680,NH,2021,2022,75.51940298507462,93.55903170304506,-18.039628717970444,18.039628717970444,-23.887409069607887
19686,NH,2021,2022,91.4784188034188,93.02590676971197,-1.5474879662931613,1.5474879662931613,-1.6916426699707312
19692,NH,2021,2022,72.338,65.27172158482526,7.066278415174736,7.066278415174736,9.768418279707397
19704,NH,2021,2022,88.63913043478261,98.70757231848278,-10.06844188370016,10.06844188370016,-11.358913195914242
19710,NH,2021,2022,86.24226804123711,88.72258300289631,-2.4803149616592037,2.4803149616592037,-2.8759853120667356
19722,NH,2021,2022,111.07466666666669,125.48190160631471,-14.40723493964802,14.40723493964802,-12.970765856884276
19740,NH,2021,2022,116.50754716981132,111.70062513314474,4.8069220366665775,4.8069220366665775,4.125846053269342
19806,NH,2021,2022,88.04887401095557,98.57186223935554,-10.522988228399967,10.522988228399967,-11.951303576114594
19818,NH,2021,2022,75.41509661835748,73.96451279752377,1.4505838208337138,1.4505838208337138,1.9234661041070837
19824,NH,2021,2022,140.04754901960786,144.11729030965643,-4.069741290048569,4.069741290048569,-2.9059710923457645
19842,NH,2021,2022,82.01498371335505,89.12304586358411,-7.10806215022906,7.10806215022906,-8.666784809800074
20586,NH,2021,2022,81.5766860949209,98.35627953328284,-16.779593438361943,16.779593438361943,-20.56910404381659
20640,NH,2021,2022,78.66312056737588,78.0231320302849,0.6399885370909857,0.6399885370909857,0.8135814247832033
20646,NH,2021,2022,56.485,45.57647656135396,10.908523438646043,10.908523438646043,19.312248275906953
20652,NH,2021,2022,70.56842105263158,66.1993644835041,4.36905656912748,4.36905656912748,6.19123469670511
20658,NH,2021,2022,95.5875,88.91701871057481,6.670481289425197,6.670481289425197,6.978403336655104
20664,NH,2021,2022,126.7929411764706,137.2079631138376,-10.415021937366987,10.415021937366987,-8.214196974002949
20670,NH,2021,2022,80.10263157894737,78.12420469091926,1.9784268880281104,1.9784268880281104,2.4698650331833565
20676,NH,2021,2022,75.39777070063694,75.7758311502128,-0.3780604495758553,0.3780604495758553,-0.501421256971808
20682,NH,2021,2022,79.29672131147541,79.84712133214745,-0.5504000206720434,0.5504000206720434,-0.6941018639472958
20688,NH,2021,2022,72.185,72.36949773660886,-0.18449773660886137,0.18449773660886137,-0.2555901317570982
20694,NH,2021,2022,134.95,155.62299815764788,-20.672998157647896,20.672998157647896,-15.31900567443342
20700,NH,2021,2022,113.15471698113208,105.18692972496612,7.967787256165963,7.967787256165963,7.041498108730675
20706,NH,2021,2022,59.34720812182741,59.305810528952044,0.04139759287536293,0.04139759287536293,0.06975491212726019
20712,NH,2021,2022,84.86780821917809,83.60265128615006,1.265156933028024,1.265156933028024,1.4907383135907695
20730,NH,2021,2022,80.42782608695653,81.12175413791273,-0.6939280509562025,0.6939280509562025,-0.8627959808411892
20736,NH,2021,2022,66.89047619047619,69.19139344637087,-2.3009172558946744,2.3009172558946744,-3.4398278902105903
20742,NH,2021,2022,103.27179487179488,138.78500950923979,-35.513214637444904,35.513214637444904,-34.388106337778105
20748,NH,2021,2022,121.09100817438691,143.15608428546437,-22.06507611107746,22.06507611107746,-18.22189479114821
20766,NH,2021,2022,110.5306896551724,95.50247351337208,15.028216141800314,15.028216141800314,13.596419409563554
20772,NH,2021,2022,124.25280898876404,158.68272564701402,-34.42991665824998,34.42991665824998,-27.709568047965348
20784,NH,2021,2022,85.84406779661018,90.30357419773893,-4.459506401128749,4.459506401128749,-5.194891756171936
20790,NH,2021,2022,61.92314814814815,63.11523415785594,-1.1920860097077863,1.1920860097077863,-1.9251056274719398
20796,NH,2021,2022,111.32142857142856,110.16215582163092,1.159272749797637,1.159272749797637,1.0413743020318844
20802,NH,2021,2022,100.31975308641977,103.92642582397016,-3.6066727375503973,3.6066727375503973,-3.5951770479772347
20820,NH,2021,2022,63.6464135021097,64.6333690904908,-0.9869555883811003,0.9869555883811003,-1.5506853160679437
21366,NH,2021,2022,74.69852941176471,75.87978024194061,-1.1812508301758982,1.1812508301758982,-1.5813575440882188
21420,NH,2021,2022,52.11233595800525,53.51639270036254,-1.404056742357291,1.404056742357291,-2.6942886296418393
21444,NH,2021,2022,78.77222222222223,84.95452505601772,-6.1823028337954895,6.1823028337954895,-7.848328585113111
21456,NH,2021,2022,71.00137931034483,77.91644666953984,-6.915067359195007,6.915067359195007,-9.739342286534267
21474,NH,2021,2022,79.97142857142858,117.44097935139027,-37.46955077996169,37.46955077996169,-46.853671929212545
21480,NH,2021,2022,165.25121951219512,178.4864989369093,-13.235279424714179,13.235279424714179,-8.009187141724814
21486,NH,2021,2022,76.59756097560975,75.85115439635793,0.7464065792518255,0.7464065792518255,0.9744521493177789
21492,NH,2021,2022,57.03628318584071,55.70992224480954,1.3263609410311687,1.3263609410311687,2.3254687489181247
21498,NH,2021,2022,71.23035714285714,79.52966000441332,-8.299302861556171,8.299302861556171,-11.651356520523091
21504,NH,2021,2022,73.18379888268156,78.36805897980973,-5.184260097128174,5.184260097128174,-7.083890391422402
21510,NH,2021,2022,74.06423357664234,72.73940212759405,1.3248314490482898,1.3248314490482898,1.7887600871172753
21516,NH,2021,2022,139.69655172413792,172.9764208682284,-33.27986914409047,33.27986914409047,-23.82297109939336
21528,NH,2021,2022,64.81647058823529,71.58018957978197,-6.763718991546682,6.763718991546682,-10.435185578855556
21540,NH,2021,2022,49.45,55.769111511091815,-6.319111511091812,6.319111511091812,-12.77878970898243
21552,NH,2021,2022,78.17678571428571,89.38756276667837,-11.210777052392658,11.210777052392658,-14.340289064025876
21558,NH,2021,2022,107.16470588235296,129.21700631280987,-22.05230043045691,22.05230043045691,-20.57795078042416
21588,NH,2021,2022,64.61460674157303,65.96684873224373,-1.3522419906707057,1.3522419906707057,-2.092780655740915
21606,NH,2021,2022,71.64642857142857,75.23457786164353,-3.5881492902149574,3.5881492902149574,-5.00813419700009
21612,NH,2021,2022,76.6768115942029,88.8054421821608,-12.1286305879579,12.1286305879579,-15.81785984026868
21618,NH,2021,2022,63.18377358490566,68.14195193105301,-4.958178346147356,4.958178346147356,-7.84723365641435
21630,NH,2021,2022,76.17592592592592,71.2349295939334,4.9409963319925225,4.9409963319925225,6.486296388175427
21648,NH,2021,2022,109.44666666666669,133.656381831307,-24.2097151646403,24.2097151646403,-22.1201027879396
21654,NH,2021,2022,62.275,61.634314287788044,0.6406857122119547,0.6406857122119547,1.028800822500128
22440,NH,2021,2022,69.36181818181818,72.60824665103486,-3.2464284692166814,3.2464284692166814,-4.680425851448726
22446,NH,2021,2022,73.2611111111111,74.07440453384237,-0.8132934227312631,0.8132934227312631,-1.1101297951894091
22458,NH,2021,2022,59.205,60.153607778892756,-0.9486077788927574,0.9486077788927574,-1.6022426803357106
22470,NH,2021,2022,97.09565217391304,103.15903677846464,-6.063384604551601,6.063384604551601,-6.244753981044547
22488,NH,2021,2022,90.94549019607844,95.74584751824555,-4.800357322167116,4.800357322167116,-5.278279672601189
22500,NH,2021,2022,500.6754716981132,634.6118486972318,-133.93637699911864,133.93637699911864,-26.75113612912853
22512,NH,2021,2022,66.13695652173914,71.90930368595372,-5.77234716421458,5.77234716421458,-8.727869360479593
22518,NH,2021,2022,147.10854271356783,168.19609104050267,-21.087548326934836,21.087548326934836,-14.334686441693595
22530,NH,2021,2022,250.76988304093567,526.3871158949694,-275.6172328540337,275.6172328540337,-109.90842660681146
22590,NH,2021,2022,72.6962962962963,74.29431527906205,-1.5980189827657512,1.5980189827657512,-2.19821237694494
22596,NH,2021,2022,103.18014311270126,113.42855708468187,-10.24841397198061,10.24841397198061,-9.932544831602442
22608,NH,2021,2022,253.6305882352941,321.8127881962948,-68.18219996100066,68.18219996100066,-26.882483077217707
22620,NH,2021,2022,137.45142857142858,140.1189334626461,-2.6675048912175328,2.6675048912175328,-1.9406890993725292
22626,NH,2021,2022,73.89767441860465,81.30586752471714,-7.408193106112492,7.408193106112492,-10.024934024510232
22638,NH,2021,2022,75.24015151515151,72.77711896469027,2.463032550461236,2.463032550461236,3.2735613909087378
22644,NH,2021,2022,64.1763440860215,65.8011203332915,-1.6247762472699918,1.6247762472699918,-2.5317369981252806
22662,NH,2021,2022,110.74411764705884,117.91658148298028,-7.172463835921434,7.172463835921434,-6.476609311909508
22674,NH,2021,2022,80.1609756097561,78.45539540916728,1.7055802005888125,1.7055802005888125,2.127693915418406
22680,NH,2021,2022,78.98260869565217,78.27004189384976,0.71256680180241,0.71256680180241,0.9021819025352543
22686,NH,2021,2022,113.28152173913044,137.67664083948847,-24.39511910035803,24.39511910035803,-21.534950030540866
22692,NH,2021,2022,201.61046511627907,330.12934713128436,-128.5188820150053,128.5188820150053,-63.746136362952136
22704,NH,2021,2022,95.82121212121211,102.44562093027801,-6.624408809065898,6.624408809065898,-6.9133009929848726
22710,NH,2021,2022,59.07636363636364,59.24696521479711,-0.17060157843346957,0.17060157843346957,-0.28878144816695883
22806,NH,2021,2022,179.6471036585366,162.39425714504102,17.25284651349557,17.25284651349557,9.603743206619594
22854,NH,2021,2022,104.09150943396226,105.32403430732286,-1.2325248733606031,1.2325248733606031,-1.184078202019485
22860,NH,2021,2022,146.41181818181818,156.37686067932867,-9.965042497510495,9.965042497510495,-6.806173587118244
22866,NH,2021,2022,128.85942720763722,153.5586686350328,-24.699241427395577,24.699241427395577,-19.167585921049092
22872,NH,2021,2022,71.28055555555555,95.85988358199776,-24.579328026442212,24.579328026442212,-34.482514670196785
22878,NH,2021,2022,98.36611111111112,103.6423944712143,-5.276283360103179,5.276283360103179,-5.363923916991354
22884,NH,2021,2022,75.20163934426229,77.16064919980369,-1.959009855541396,1.959009855541396,-2.6050095086003786
22896,NH,2021,2022,79.64264705882353,93.04237617665272,-13.399729117829196,13.399729117829196,-16.824816367457306
22902,NH,2021,2022,77.68823529411765,81.23715761102808,-3.548922316910435,3.548922316910435,-4.568159263078473
22908,NH,2021,2022,76.40277777777777,80.37387826063217,-3.9711004828543963,3.9711004828543963,-5.197586525459308
22914,NH,2021,2022,93.2868085106383,92.24705928975166,1.039749220886634,1.039749220886634,1.1145726148065858
22920,NH,2021,2022,98.5250566893424,97.85605624620132,0.669000443141087,0.669000443141087,0.6790155373881187
22938,NH,2021,2022,144.6204081632653,153.26711735378393,-8.646709190518635,8.646709190518635,-5.978899728147058
22944,NH,2021,2022,153.0155172413793,179.31103203249933,-26.295514791120013,26.295514791120013,-17.18486808735829
22950,NH,2021,2022,94.8155818540434,94.25099326792838,0.5645885861150219,0.5645885861150219,0.5954597072284329
22956,NH,2021,2022,104.94313725490196,101.59030838238256,3.352828872519396,3.352828872519396,3.1949005530257133
22962,NH,2021,2022,122.8728323699422,134.2005964515518,-11.327764081609601,11.327764081609601,-9.219095761953525
22980,NH,2021,2022,86.50659340659341,89.28133127902383,-2.7747378724304212,2.7747378724304212,-3.2075449548553543
22998,NH,2021,2022,132.35233798195242,163.9475075394751,-31.595169557522695,31.595169557522695,-23.872014683889464
23010,NH,2021,2022,68.06103151862465,63.85139812375276,4.2096333948718865,4.2096333948718865,6.185086092502045
23016,NH,2021,2022,100.9632183908046,134.95938343568776,-33.996165044883156,33.996165044883156,-33.67183176876562
23022,NH,2021,2022,86.8945945945946,89.21135014447592,-2.3167555498813215,2.3167555498813215,-2.666167626064785
23028,NH,2021,2022,110.66265060240964,137.97051987697694,-27.307869274567295,27.307869274567295,-24.676680999336803
23034,NH,2021,2022,70.50528634361234,72.81237970679008,-2.307093363177742,2.307093363177742,-3.272227492182593
23040,NH,2021,2022,167.46753246753246,225.98425905832136,-58.51672659078889,58.51672659078889,-34.94213220233226
23046,NH,2021,2022,109.28144927536232,123.33490152040608,-14.053452245043758,14.053452245043758,-12.859869939711837
23052,NH,2021,2022,139.4862473347548,145.4890645079385,-6.002817173183701,6.002817173183701,-4.30351901200515
23064,NH,2021,2022,187.0703703703704,213.8348886728752,-26.764518302504797,26.764518302504797,-14.30719266205289
23070,NH,2021,2022,87.78684210526316,116.22054426988299,-28.43370216461983,28.43370216461983,-32.38948056762953
23076,NH,2021,2022,151.55178571428573,219.02394795999442,-67.47216224570869,67.47216224570869,-44.520862573609755
23088,NH,2021,2022,101.45591715976332,98.54248358762085,2.9134335721424662,2.9134335721424662,2.8716250896974915
23094,NH,2021,2022,87.71688311688311,87.99050551131876,-0.2736223944356482,0.2736223944356482,-0.3119381180827472
23106,NH,2021,2022,75.08130841121495,73.40780502383421,1.673503387380734,1.673503387380734,2.2289214490177445
23112,NH,2021,2022,71.85806451612903,65.72228514895616,6.135779367172873,6.135779367172873,8.538748445966919
23118,NH,2021,2022,195.9184210526316,237.301434750309,-41.3830136976774,41.3830136976774,-21.122574118010196
23130,NH,2021,2022,93.841059602649,96.90101106259314,-3.059951459944145,3.059951459944145,-3.260781019418249
23136,NH,2021,2022,174.77835051546393,180.21341165545647,-5.435061139992541,5.435061139992541,-3.1096878554828
23142,NH,2021,2022,95.219120458891,96.36388628416222,-1.1447658252712216,1.1447658252712216,-1.2022436457659278
23148,NH,2021,2022,93.75369649805448,93.43298969433586,0.3207068037186218,0.3207068037186218,0.3420737695662772
23160,NH,2021,2022,93.23278008298756,106.03357189258327,-12.800791809595708,12.800791809595708,-13.729926103460155
23166,NH,2021,2022,111.1508695652174,116.58396120117764,-5.433091635960238,5.433091635960238,-4.888033406497454
23172,NH,2021,2022,239.1629629629629,301.80374145690115,-62.64077849393826,62.64077849393826,-26.191671870045734
23184,NH,2021,2022,75.93958333333333,71.35178293373065,4.587800399602685,4.587800399602685,6.041382106963565
23190,NH,2021,2022,88.40114678899083,93.72231185431447,-5.32116506532364,5.32116506532364,-6.01933940746832
23202,NH,2021,2022,67.36325459317585,66.61013719080947,0.7531174023663851,0.7531174023663851,1.117994382716002
23208,NH,2021,2022,69.1120253164557,68.43678119655199,0.6752441199037094,0.6752441199037094,0.977028406868193
23214,NH,2021,2022,96.71014492753623,102.41945794334534,-5.709313015809101,5.709313015809101,-5.903530617276008
23220,NH,2021,2022,253.57020547945208,388.005884390223,-134.43567891077092,134.43567891077092,-53.01714318390803
23232,NH,2021,2022,84.62927927927927,97.49664023200678,-12.867360952727509,12.867360952727509,-15.204384419090719
23238,NH,2021,2022,96.57011494252872,92.2494719586472,4.320642983881513,4.320642983881513,4.474099452457766
23244,NH,2021,2022,84.89569471624266,88.27753362913576,-3.3818389128931017,3.3818389128931017,-3.9835222789525884
23250,NH,2021,2022,91.53829787234042,149.82416485675412,-58.2858669844137,58.2858669844137,-63.673750046892216
23268,NH,2021,2022,68.7688155922039,69.96923958011615,-1.2004239879122593,1.2004239879122593,-1.745593518769789
23292,NH,2021,2022,63.68055555555556,65.59560089043515,-1.9150453348795935,1.9150453348795935,-3.007268573856723
23298,NH,2021,2022,67.42307692307692,77.59561477557037,-10.172537852493448,10.172537852493448,-15.087620317446074
23304,NH,2021,2022,96.60904977375566,98.76975572727655,-2.160705953520889,2.160705953520889,-2.23654611921031
23310,NH,2021,2022,160.74810426540284,180.2166874610981,-19.46858319569526,19.46858319569526,-12.1112365739329
23316,NH,2021,2022,69.46630434782608,72.57245619021066,-3.106151842384577,3.106151842384577,-4.471451117986216
23322,NH,2021,2022,72.17931034482758,65.81208099102213,6.367229353805456,6.367229353805456,8.821405086009852
23340,NH,2021,2022,67.72888888888889,74.98417595202008,-7.255287063131192,7.255287063131192,-10.712248764384265
23364,NH,2021,2022,147.23880597014926,167.58372708389675,-20.34492111374749,20.34492111374749,-13.817635221703819
23406,ME,2021,2022,73.35490196078432,72.21097024854774,1.1439317122365793,1.1439317122365793,1.5594482190817016
23412,ME,2021,2022,125.8641891891892,136.87651632599653,-11.012327136807329,11.012327136807329,-8.749372802342101
23418,ME,2021,2022,101.25570652173911,105.34459171402226,-4.0888851922831435,4.0888851922831435,-4.038177533633899
23424,ME,2021,2022,93.14320712694878,103.40832779250556,-10.265120665556779,10.265120665556779,-11.020793659773833
23430,ME,2021,2022,136.57864077669902,156.88470258139762,-20.3060618046986,20.3060618046986,-14.867670149022974
23436,ME,2021,2022,73.58853046594982,77.2821749868656,-3.6936445209157824,3.6936445209157824,-5.0193209424461465
23442,ME,2021,2022,125.36857142857144,159.79777901403503,-34.42920758546359,34.42920758546359,-27.462391246182122
23448,ME,2021,2022,85.57557251908396,89.60694514227066,-4.031372623186698,4.031372623186698,-4.7108917936688925
23454,ME,2021,2022,119.21247771836008,160.08986294679045,-40.87738522843037,40.87738522843037,-34.289519025855114
24006,ME,2021,2022,77.72753623188406,82.56149557058846,-4.833959338704403,4.833959338704403,-6.219107890263347
24012,ME,2021,2022,72.40071942446043,70.81769229985309,1.5830271246073409,1.5830271246073409,2.1864798267080734
24018,ME,2021,2022,100.155,143.20899950805233,-43.05399950805233,43.05399950805233,-42.98736908596907
24030,ME,2021,2022,66.76329617834395,67.15350282061674,-0.390206642272787,0.390206642272787,-0.5844628180586424
24048,ME,2021,2022,76.2840490797546,81.05273550312869,-4.768686423374092,4.768686423374092,-6.2512235269374
24054,ME,2021,2022,69.43333333333334,72.59232272120572,-3.1589893878723814,3.1589893878723814,-4.549672666162815
24060,ME,2021,2022,62.10357142857143,57.52685588307651,4.57671554549492,4.57671554549492,7.369488485471147
24066,ME,2021,2022,88.84027027027027,104.75497757544416,-15.914707305173891,15.914707305173891,-17.913843864677695
24090,ME,2021,2022,76.60561797752808,92.52728819507067,-15.921670217542584,15.921670217542584,-20.783945927063908
24102,ME,2021,2022,140.6909090909091,128.81155112581962,11.879357965089469,11.879357965089469,8.443586043937978
24120,ME,2021,2022,61.50588235294118,63.20079440506429,-1.6949120521231151,1.6949120521231151,-2.755690979924728
24126,ME,2021,2022,156.02898550724638,169.0380842149035,-13.009098707657131,13.009098707657131,-8.337616671264556
24132,ME,2021,2022,73.2063492063492,79.22442895818608,-6.018079751836879,6.018079751836879,-8.220707380002676
24144,ME,2021,2022,61.15882352941176,51.238265295119305,9.920558234292457,9.920558234292457,16.22097624150926
24162,ME,2021,2022,68.28685897435898,64.92217404384957,3.364684930509412,3.364684930509412,4.927280271849694
24174,ME,2021,2022,69.24095238095238,69.77198886792998,-0.5310364869775981,0.5310364869775981,-0.7669398942636177
24180,ME,2021,2022,69.00172413793103,74.46155106676628,-5.459826928835241,5.459826928835241,-7.912594934470503
24192,ME,2021,2022,128.02595078299777,135.59572124148025,-7.5697704584824805,7.5697704584824805,-5.912684430138025
24222,ME,2021,2022,58.14646464646464,64.74182744813402,-6.595362801669374,6.595362801669374,-11.342672064019249
24228,ME,2021,2022,95.57004405286344,97.39291928947851,-1.8228752366150758,1.8228752366150758,-1.9073709284959353
24234,ME,2021,2022,79.71884700665188,79.15967440234428,0.5591726043076051,0.5591726043076051,0.7014308727532734
24240,ME,2021,2022,73.9042944785276,92.7532573416311,-18.848962863103495,18.848962863103495,-25.504556935564732
24246,ME,2021,2022,51.39411764705882,51.155580743028686,0.23853690403013417,0.23853690403013417,0.4641326964074947
24252,ME,2021,2022,71.7118320610687,70.76792060130029,0.9439114597684153,0.9439114597684153,1.316256233649971
24258,ME,2021,2022,106.3260336906585,139.66417112336228,-33.338137432703775,33.338137432703775,-31.35463279830099
24276,ME,2021,2022,119.2354401805869,139.39458570083946,-20.15914552025255,20.15914552025255,-16.907008092326166
24282,ME,2021,2022,57.51121495327103,54.52604734734858,2.985167605922449,2.985167605922449,5.190583451154622
24288,ME,2021,2022,66.49883720930232,63.30772423249466,3.1911129768076663,3.1911129768076663,4.7987500394386915
24294,ME,2021,2022,64.63980099502487,63.24692410021582,1.3928768948090493,1.3928768948090493,2.154828562848228
24300,ME,2021,2022,88.90833333333333,87.65271566627911,1.2556176670542243,1.2556176670542243,1.4122609433546434
24306,ME,2021,2022,71.41228070175438,74.97578271869463,-3.563502016940248,3.563502016940248,-4.99004090322059
24330,ME,2021,2022,76.29351851851852,78.14936566393081,-1.8558471454122838,1.8558471454122838,-2.432509578073554
24366,ME,2021,2022,64.22568306010929,66.30162606865832,-2.0759430085490322,2.0759430085490322,-3.2322630288044456
24372,ME,2021,2022,85.18731707317073,84.35915378901313,0.828163284157597,0.828163284157597,0.9721673514453508
24384,ME,2021,2022,70.04685185185186,77.63307858026153,-7.58622672840967,7.58622672840967,-10.830217958195233
24396,ME,2021,2022,105.47567567567567,153.69893859702017,-48.2232629213445,48.2232629213445,-45.719795215747105
24408,ME,2021,2022,51.89565217391304,53.149852581269386,-1.2542004073563433,1.2542004073563433,-2.4167735731564925
24414,ME,2021,2022,111.34545454545454,114.85067800755479,-3.505223462100247,3.505223462100247,-3.1480615678561983
24426,ME,2021,2022,95.77028985507246,101.45403031147615,-5.683740456403683,5.683740456403683,-5.934763761292557
24432,ME,2021,2022,81.51,79.14763006147659,2.3623699385234147,2.3623699385234147,2.89825780704627
24438,ME,2021,2022,59.12419175027871,58.451158353231996,0.6730333970467157,0.6730333970467157,1.1383384315668772
24444,ME,2021,2022,128.98783333333333,149.1593779808951,-20.171544647561774,20.171544647561774,-15.638331248989976
24456,ME,2021,2022,73.44266666666667,73.97782332465223,-0.5351566579855671,0.5351566579855671,-0.7286726943269586
24474,ME,2021,2022,117.0927927927928,135.54114507283225,-18.448352280039444,18.448352280039444,-15.755326899312767
24498,ME,2021,2022,63.53730158730159,63.52517156162315,0.012130025678445122,0.012130025678445122,0.01909118797212093
24504,ME,2021,2022,79.0793023255814,80.07075342249702,-0.9914510969156254,0.9914510969156254,-1.253742847696951
24510,ME,2021,2022,68.15959595959596,66.17638002439024,1.9832159352057204,1.9832159352057204,2.909665040240765
24516,ME,2021,2022,84.5007561436673,91.51694233055599,-7.016186186888689,7.016186186888689,-8.303104619513512
24522,ME,2021,2022,68.84402985074627,62.84950521038132,5.994524640364951,5.994524640364951,8.707399397393019
24528,ME,2021,2022,62.562666666666665,73.43754944283681,-10.874882776170146,10.874882776170146,-17.382383705143877
24540,ME,2021,2022,92.15076452599388,109.54509080073029,-17.394326274736414,17.394326274736414,-18.875943530376055
24546,ME,2021,2022,60.976470588235294,60.06108241915125,0.9153881690840464,0.9153881690840464,1.5012154036686078
24552,ME,2021,2022,66.71919850885368,68.15916790853593,-1.439969399682255,1.439969399682255,-2.15825344408352
24558,ME,2021,2022,71.50408163265305,73.68550737735455,-2.1814257447014995,2.1814257447014995,-3.0507709418721203
24570,ME,2021,2022,56.60405405405405,57.474533695582025,-0.8704796415279716,0.8704796415279716,-1.5378397467727434
24576,ME,2021,2022,172.1369658119658,211.66743890812097,-39.53047309615516,39.53047309615516,-22.964546231944368
24582,ME,2021,2022,133.1746543778802,137.85726005559366,-4.682605677713468,4.682605677713468,-3.516138787510329
24606,ME,2021,2022,90.1842885375494,91.85942319338578,-1.6751346558363736,1.6751346558363736,-1.8574573054805543
24612,ME,2021,2022,88.52099681866383,94.68114947196607,-6.160152653302234,6.160152653302234,-6.958973435332376
24618,ME,2021,2022,88.49204131227218,85.4769876113262,3.015053700945984,3.015053700945984,3.407146740243467
24630,ME,2021,2022,205.5321212121212,282.513926716288,-76.98180550416677,76.98180550416677,-37.45487812326766
24636,ME,2021,2022,78.83444592790387,85.99187502430972,-7.157429096405849,7.157429096405849,-9.079063107707388
24642,ME,2021,2022,201.1934291581109,283.1329371996241,-81.93950804151322,81.93950804151322,-40.72673167527744
24648,ME,2021,2022,106.5859649122807,136.70785771806834,-30.12189280578764,30.12189280578764,-28.26065592273588
24660,ME,2021,2022,300.09565217391304,327.5779030360584,-27.48225086214535,27.48225086214535,-9.157830399428342
25260,ME,2021,2022,65.7562937062937,67.49833152033263,-1.7420378140389232,1.7420378140389232,-2.649233580316873
25296,ME,2021,2022,65.51290322580645,52.272257054417025,13.240646171389429,13.240646171389429,20.210745546953188
25302,ME,2021,2022,82.41256830601093,94.57776635787079,-12.16519805185986,12.16519805185986,-14.761338351558894
25314,ME,2021,2022,61.437179487179485,60.97543644138705,0.4617430457924314,0.4617430457924314,0.7515694073957065
25320,ME,2021,2022,62.78552631578948,61.84127179211073,0.944254523678751,0.944254523678751,1.5039366221595043
25326,ME,2021,2022,50.20681818181818,49.218461315520685,0.9883568662974938,0.9883568662974938,1.968571007065761
25332,ME,2021,2022,90.23225806451612,89.39469409704643,0.8375639674696913,0.8375639674696913,0.9282311951794807
25344,ME,2021,2022,58.932,58.449101945077075,0.48289805492292714,0.48289805492292714,0.8194156908350761
25386,ME,2021,2022,51.053333333333335,62.115826241132595,-11.06249290779926,11.06249290779926,-21.668502692215842
25416,ME,2021,2022,68.15022421524664,65.98881255566651,2.161411659580125,2.161411659580125,3.171540056498555
25422,ME,2021,2022,63.93125,68.99961060302819,-5.068360603028189,5.068360603028189,-7.927829665505037
25428,ME,2021,2022,64.04444444444445,64.69283105587498,-0.6483866114305243,0.6483866114305243,-1.0124010240934627
25434,ME,2021,2022,54.957589285714285,56.04622105864009,-1.0886317729258081,1.0886317729258081,-1.9808579435066083
25440,ME,2021,2022,55.7108868501529,54.62167277331552,1.0892140768373864,1.0892140768373864,1.9551188976170408
25500,ME,2021,2022,59.60214592274678,59.04501978448564,0.5571261382611397,0.5571261382611397,0.9347417440024017
25512,ME,2021,2022,61.16586345381526,60.65048178918414,0.5153816646311213,0.5153816646311213,0.8425968923340262
25518,ME,2021,2022,60.17777777777778,61.06088830700154,-0.8831105292237638,0.8831105292237638,-1.4675027258149693
25524,ME,2021,2022,46.23956834532374,48.60245583398347,-2.36288748865973,2.36288748865973,-5.110098500516585
25530,ME,2021,2022,72.2675,72.84401037106261,-0.5765103710626107,0.5765103710626107,-0.7977450044108495
25536,ME,2021,2022,58.58562091503268,56.18461943088347,2.401001484149205,2.401001484149205,4.098277779852162
25542,ME,2021,2022,45.09217391304348,44.998565651776794,0.09360826126668798,0.09360826126668798,0.20759314342928717
25548,ME,2021,2022,73.96206896551725,76.74422173414449,-2.782152768627242,2.782152768627242,-3.7615940272362347
25554,ME,2021,2022,79.94444444444444,72.33384624645932,7.6105981979851265,7.6105981979851265,9.51985876050954
25560,ME,2021,2022,84.1775974025974,81.95969349839267,2.217903904204732,2.217903904204732,2.634791170858835
25566,ME,2021,2022,85.71,100.19055552324154,-14.480555523241549,14.480555523241549,-16.894826185091063
25578,ME,2021,2022,61.73181818181818,62.76822928607617,-1.0364111042579935,1.0364111042579935,-1.6788928866560533
25590,ME,2021,2022,68.21777777777778,63.22871961317788,4.9890581645999035,4.9890581645999035,7.313428151899004
25608,ME,2021,2022,66.33192307692308,63.3255054915699,3.0064175853531765,3.0064175853531765,4.532384176268684
25620,ME,2021,2022,60.847133757961785,62.94198930876419,-2.094855550802407,2.094855550802407,-3.4428171409607238
25644,ME,2021,2022,73.86594982078853,74.6712417807947,-0.8052919600061728,0.8052919600061728,-1.090207276776308
25650,ME,2021,2022,56.76,57.043591112865876,-0.2835911128658779,0.2835911128658779,-0.4996319817933015
25656,ME,2021,2022,51.7991967871486,52.31529376278774,-0.5160969756391367,0.5160969756391367,-0.9963416571107537
25680,ME,2021,2022,62.657062146892656,63.19055542172007,-0.5334932748274142,0.5334932748274142,-0.8514495518106121
25686,ME,2021,2022,52.83359683794466,54.94473909882973,-2.1111422608850674,2.1111422608850674,-3.995832930626563
25692,ME,2021,2022,89.2547619047619,73.8623054798314,15.3924564249305,15.3924564249305,17.245529646199508
25704,ME,2021,2022,83.60634920634921,144.6287512392134,-61.02240203286418,61.02240203286418,-72.98776063317214
25710,ME,2021,2022,61.09047619047619,71.6794800862579,-10.589003895781708,10.589003895781708,-17.333313727602768
25722,ME,2021,2022,70.34025974025974,70.92481418824485,-0.5845544479851128,0.5845544479851128,-0.831038227813849
25734,ME,2021,2022,55.818823529411766,53.5752585415671,2.243564987844664,2.243564987844664,4.019369893495688
25740,ME,2021,2022,59.24861111111111,57.79483908991417,1.45377202119694,1.45377202119694,2.4536811816071564
25752,ME,2021,2022,47.85434782608696,49.86468477463578,-2.010336948548826,2.010336948548826,-4.20094942230709
25764,ME,2021,2022,62.21976047904192,64.39459980443738,-2.174839325395453,2.174839325395453,-3.495415778927701
25980,ME,2021,2022,63.20873196659073,69.22997942924833,-6.021247462657598,6.021247462657598,-9.525974142053911
26052,ME,2021,2022,64.47282608695652,66.99355331041687,-2.520727223460355,2.520727223460355,-3.909751404507337
26064,ME,2021,2022,65.61721854304636,64.95709067471105,0.6601278683353087,0.6601278683353087,1.0060284221012052
26070,ME,2021,2022,64.82698412698413,64.35372597335679,0.47325815362734147,0.47325815362734147,0.730032655383622
26076,ME,2021,2022,54.12087912087912,52.70036535259697,1.4205137682821487,1.4205137682821487,2.6247056429172697
26082,ME,2021,2022,76.82147651006711,90.46263447900886,-13.64115796894174,13.64115796894174,-17.75695884620771
26088,ME,2021,2022,65.3443113772455,70.40683192390452,-5.062520546659016,5.062520546659016,-7.7474541240967305
26094,ME,2021,2022,69.96285714285715,75.79053486449314,-5.827677721635993,5.827677721635993,-8.32967371492056
26100,ME,2021,2022,75.11016042780749,67.8151055654742,7.295054862333288,7.295054862333288,9.712474079116056
26106,ME,2021,2022,105.32638888888889,121.85403609266518,-16.527647203776297,16.527647203776297,-15.691838843171272
26112,ME,2021,2022,72.05568181818182,85.22261865573729,-13.166936837555468,13.166936837555468,-18.27328047603465
26118,ME,2021,2022,66.96101694915254,67.70695461889943,-0.745937669746894,0.745937669746894,-1.1139879645396196
26124,ME,2021,2022,70.73827160493828,69.56041929473706,1.1778523102012173,1.1778523102012173,1.665084944087029
26130,ME,2021,2022,80.64074074074074,91.12248929511075,-10.481748554370014,10.481748554370014,-12.998080694805052
26142,ME,2021,2022,66.18064516129033,66.16281769598996,0.01782746530037116,0.01782746530037116,0.026937581610036357
26148,ME,2021,2022,67.51761904761905,70.60709459070075,-3.0894755430817042,3.0894755430817042,-4.575806414178718
26160,ME,2021,2022,59.66875,59.64955642143005,0.019193578569954184,0.019193578569954184,0.03216688563101151
26178,ME,2021,2022,60.76417910447761,62.20148981668332,-1.4373107122057078,1.4373107122057078,-2.36539147469499
26184,ME,2021,2022,84.1667731629393,85.92853275262554,-1.7617595896862497,1.7617595896862497,-2.093177062016672
26406,ME,2021,2022,73.271920037192,74.6162849428156,-1.3443649056235927,1.3443649056235927,-1.834761399648335
26436,ME,2021,2022,53.89714285714286,53.76429723559034,0.13284562155251933,0.13284562155251933,0.2464798957982494
26460,ME,2021,2022,49.85172413793104,49.08849447781206,0.7632296601189807,0.7632296601189807,1.5309995257280513
26466,ME,2021,2022,59.641975308641975,59.67810758703187,-0.03613227838989275,0.03613227838989275,-0.06058196128299136
26472,ME,2021,2022,75.59717171717172,76.24775523127153,-0.6505835140998073,0.6505835140998073,-0.8605923995858019
26484,ME,2021,2022,51.46229508196721,54.357170064922265,-2.894874982955052,2.894874982955052,-5.625234899345635
26496,ME,2021,2022,56.96606498194946,60.70941527936884,-3.743350297419383,3.743350297419383,-6.571193391373477
26502,ME,2021,2022,42.27368421052632,40.09258251874191,2.181101691784413,2.181101691784413,5.159478603573685
26508,ME,2021,2022,49.23287671232877,48.64667068482187,0.586206027506897,0.586206027506897,1.190680022482011
26514,ME,2021,2022,64.01523178807948,63.39123948293067,0.6239923051488034,0.6239923051488034,0.974755988097507
26526,ME,2021,2022,124.68,151.0279450074999,-26.347945007499902,26.347945007499902,-21.132455091032966
26532,ME,2021,2022,53.507407407407406,54.76613120965908,-1.258723802251673,1.258723802251673,-2.3524290621440556
26544,ME,2021,2022,50.67105263157895,50.23607685733003,0.43497577424891887,0.43497577424891887,0.8584305074764433
26556,ME,2021,2022,68.27674418604651,70.9389178245624,-2.662173638515881,2.662173638515881,-3.8990928320509175
26562,ME,2021,2022,57.20909090909091,56.299782516778535,0.9093083923123757,0.9093083923123757,1.5894473725466602
26568,ME,2021,2022,65.0658064516129,65.40902339572375,-0.3432169441108499,0.3432169441108499,-0.5274920312654359
26574,ME,2021,2022,94.30909090909093,101.48283983332765,-7.173748924236719,7.173748924236719,-7.606635643590119
26580,ME,2021,2022,43.6955223880597,46.31239372700029,-2.616871338940591,2.616871338940591,-5.988877568965009
26604,ME,2021,2022,55.016666666666666,54.01733281718651,0.9993338494801591,0.9993338494801591,1.8164202050533034
26610,ME,2021,2022,56.35434782608696,49.92918999937658,6.425157826710375,6.425157826710375,11.401352468027515
26628,ME,2021,2022,52.23898305084746,49.69487557706937,2.544107473778091,2.544107473778091,4.870132083738598
26646,ME,2021,2022,83.11351351351351,96.42220310223877,-13.308689588725258,13.308689588725258,-16.01266632358333
26658,ME,2021,2022,55.48301886792453,81.35724606024102,-25.874227192316496,25.874227192316496,-46.6344977621157
26664,ME,2021,2022,100.95360824742268,101.89451386936713,-0.9409056219444523,0.9409056219444523,-0.932017823115771
26688,ME,2021,2022,49.56935483870968,48.413836074891265,1.1555187638184137,1.1555187638184137,2.3311151972388524
26694,ME,2021,2022,56.57857142857143,57.069043611363796,-0.4904721827923666,0.4904721827923666,-0.8668868273062912
26700,ME,2021,2022,57.05,55.31404227705298,1.7359577229470204,1.7359577229470204,3.0428706800123058
26718,ME,2021,2022,43.917142857142856,44.15725291581757,-0.24011005867471624,0.24011005867471624,-0.5467342432902914
26730,ME,2021,2022,53.76904761904762,53.545334507320646,0.2237131117269726,0.2237131117269726,0.4160629983851946
26736,ME,2021,2022,65.0993288590604,60.30204432195534,4.797284537105064,4.797284537105064,7.36917664311279
26742,ME,2021,2022,59.53978102189781,62.84928297657031,-3.3095019546724984,3.3095019546724984,-5.558471828197209
26754,ME,2021,2022,44.48275862068966,37.46681473149989,7.015943889189771,7.015943889189771,15.772276960194057
26760,ME,2021,2022,48.6875,48.40132443349764,0.286175566502358,0.286175566502358,0.5877803676556775
26766,ME,2021,2022,60.83181818181818,60.51623812958647,0.3155800522317094,0.3155800522317094,0.5187746506088028
26772,ME,2021,2022,49.18357487922705,52.194063959598516,-3.010489080371464,3.010489080371464,-6.120923677800737
26778,ME,2021,2022,45.8007874015748,47.85015783489613,-2.0493704333213287,2.0493704333213287,-4.474531006099829
26784,ME,2021,2022,45.8625,52.74351950004418,-6.881019500044182,6.881019500044182,-15.003585718275678
26808,ME,2021,2022,57.716284403669725,63.44995320318395,-5.733668799514227,5.733668799514227,-9.934230622700424
26826,ME,2021,2022,46.4375,49.22905171397885,-2.7915517139788477,2.7915517139788477,-6.011416880708151
26832,ME,2021,2022,60.81559633027523,63.49805139253686,-2.6824550622616314,2.6824550622616314,-4.4108012156846215
26838,ME,2021,2022,72.66245614035088,79.60704225000718,-6.944586109656299,6.944586109656299,-9.557323655895296
26844,ME,2021,2022,69.84575471698113,75.90776480716886,-6.0620100901877265,6.0620100901877265,-8.679138932282036
26850,ME,2021,2022,63.76875,40.41804652704869,23.35070347295131,23.35070347295131,36.61778453074792
26856,ME,2021,2022,61.846774193548384,65.52073751829937,-3.6739633247509857,3.6739633247509857,-5.940428377482361
26868,ME,2021,2022,67.97058823529412,75.1788523547906,-7.208264119496491,7.208264119496491,-10.604975338073592
26874,ME,2021,2022,51.21694915254237,51.101827605093845,0.1151215474485241,0.1151215474485241,0.22477236413604218
26886,ME,2021,2022,61.76206896551725,55.74530770292678,6.016761262590471,6.016761262590471,9.74183890431152
26922,ME,2021,2022,45.51111111111111,40.09184645393727,5.419264657173841,5.419264657173841,11.90756394398549
26928,ME,2021,2022,59.68064516129032,56.72738902825476,2.953256133035559,2.953256133035559,4.948431983357782
26958,ME,2021,2022,56.763333333333335,54.741686981707666,2.0216463516256695,2.0216463516256695,3.56153564793999
26970,ME,2021,2022,54.50588235294118,48.08529233720193,6.420590015739251,6.420590015739251,11.779627699931714
26976,ME,2021,2022,69.95260416666666,65.65108512914651,4.301519037520151,4.301519037520151,6.149190711001267
26982,ME,2021,2022,41.17692307692308,40.34465232373675,0.8322707531863287,0.8322707531863287,2.021206760960634
27180,ME,2021,2022,73.70493421052632,79.02240209557243,-5.3174678850461135,5.3174678850461135,-7.2145344704570515
27210,ME,2021,2022,78.13333333333334,85.66478209833731,-7.531448765003972,7.531448765003972,-9.639226235073343
27222,ME,2021,2022,72.81680672268908,79.74878463628252,-6.9319779135934425,6.9319779135934425,-9.51974993903914
27228,ME,2021,2022,71.25701754385965,97.3180743237943,-26.06105677993466,26.06105677993466,-36.5733196227217
27234,ME,2021,2022,75.5046875,80.51950500245998,-5.014817502459977,5.014817502459977,-6.64173002829788
27258,ME,2021,2022,79.35038759689922,92.88267577102118,-13.532288174121959,13.532288174121959,-17.053840042806243
27264,ME,2021,2022,114.61818181818182,156.30078904010867,-41.682607221926844,41.682607221926844,-36.36648789984099
27282,ME,2021,2022,76.11475409836065,69.30778300811949,6.806971090241163,6.806971090241163,8.943037615867134
27288,ME,2021,2022,100.22622950819672,133.23955434155334,-33.01332483335662,33.01332483335662,-32.9388075310732
27306,ME,2021,2022,90.9095238095238,108.11174242380011,-17.202218614276305,17.202218614276305,-18.922350369273605
27318,ME,2021,2022,83.7698275862069,109.18086643255238,-25.411038846345477,25.411038846345477,-30.334357343872014
27324,ME,2021,2022,95.20434782608696,153.47802090450267,-58.27367307841571,58.27367307841571,-61.20904602473222
27330,ME,2021,2022,78.69313725490196,95.5183582118032,-16.825220956901248,16.825220956901248,-21.380798305703806
27336,ME,2021,2022,78.01830985915493,91.55076620372687,-13.53245634457194,13.53245634457194,-17.345231355308574
27348,ME,2021,2022,67.78823529411764,83.80395225916797,-16.01571696505033,16.01571696505033,-23.62610104181323
27372,ME,2021,2022,83.19658119658119,93.34072115397727,-10.144139957396078,10.144139957396078,-12.192976936668803
27378,ME,2021,2022,87.43636363636364,108.86134391602353,-21.42498027965989,21.42498027965989,-24.503512484535122
27384,ME,2021,2022,106.53571428571428,141.61400986162084,-35.078295575906566,35.078295575906566,-32.92632504610741
27408,ME,2021,2022,131.084,180.83912655475035,-49.75512655475035,49.75512655475035,-37.956674006553314
27426,ME,2021,2022,85.60555555555555,104.67807252607888,-19.072516970523324,19.072516970523324,-22.27953179761307
27432,ME,2021,2022,59.840823970037455,66.1475854915144,-6.30676152147695,6.30676152147695,-10.539229079858211
27438,ME,2021,2022,87.57777777777778,99.8694656592343,-12.291687881456511,12.291687881456511,-14.03516758856998
27444,ME,2021,2022,51.3,55.26891443596025,-3.968914435960251,3.968914435960251,-7.736675313762673
27456,ME,2021,2022,94.88108108108108,110.6356839403275,-15.754602859246418,15.754602859246418,-16.604577730077978
27468,ME,2021,2022,67.30826446280992,72.79488997709169,-5.486625514281769,5.486625514281769,-8.151488614467715
27474,ME,2021,2022,81.87692307692308,90.7139601268671,-8.837037049944016,8.837037049944016,-10.79307418726721
27630,ME,2021,2022,71.36267217630854,74.45287128964405,-3.0901991133355153,3.0901991133355153,-4.3302738239690255
27636,ME,2021,2022,51.016666666666666,60.629826938227126,-9.61316027156046,9.61316027156046,-18.843175965162615
27642,ME,2021,2022,67.82830188679246,73.56611793667022,-5.737816049877765,5.737816049877765,-8.459324338466203
27654,ME,2021,2022,91.2595818815331,107.26012915918527,-16.000547277652174,16.000547277652174,-17.53300524477855
27672,ME,2021,2022,64.36206896551724,73.17379661369566,-8.811727648178419,8.811727648178419,-13.690870709733414
27678,ME,2021,2022,54.0,60.64218663354184,-6.64218663354184,6.64218663354184,-12.300345617670073
27684,ME,2021,2022,80.56347305389221,102.72771164620725,-22.164238592315044,22.164238592315044,-27.511523215351545
27696,ME,2021,2022,88.16818181818182,145.29322455265486,-57.12504273447304,57.12504273447304,-64.7909955229369
27702,ME,2021,2022,76.22682926829269,109.54396897303835,-33.31713970474566,33.31713970474566,-43.70789133505813
27714,ME,2021,2022,54.81875,54.25848757086997,0.5602624291300344,0.5602624291300344,1.0220270055957759
27732,ME,2021,2022,44.40819672131148,45.07761035441913,-0.6694136331076521,0.6694136331076521,-1.5074100786137097
27738,ME,2021,2022,53.46521739130435,60.75624085626728,-7.291023464962933,7.291023464962933,-13.636947198027768
27756,ME,2021,2022,47.728,72.99458423018969,-25.266584230189686,25.266584230189686,-52.938703130635446
27762,ME,2021,2022,88.18275862068965,121.00853854999295,-32.825779929303295,32.825779929303295,-37.22471426699236
27768,ME,2021,2022,50.91724137931035,45.27097707573316,5.6462643035771904,5.6462643035771904,11.089100961921883
27780,ME,2021,2022,55.984722222222224,57.580485436818485,-1.5957632145962606,1.5957632145962606,-2.8503547954781996
27786,ME,2021,2022,57.75593220338983,60.38828726007382,-2.632355056683984,2.632355056683984,-4.557722395361987
27804,ME,2021,2022,53.374,58.330058148378754,-4.956058148378752,4.956058148378752,-9.285528812490634
27840,ME,2021,2022,64.20229007633588,73.73265273417371,-9.530362657837827,9.530362657837827,-14.844272138122053
27858,ME,2021,2022,46.8625,52.35141457002221,-5.48891457002221,5.48891457002221,-11.712807831469107
27888,ME,2021,2022,53.77,48.35286380647628,5.417136193523724,5.417136193523724,10.074644213360097
27894,ME,2021,2022,51.03448275862069,61.45979079383099,-10.4253080352103,10.4253080352103,-20.427968447371534
27900,ME,2021,2022,60.675,68.30739142127402,-7.632391421274022,7.632391421274022,-12.579137076677416
27912,ME,2021,2022,54.70263157894737,65.35906464465262,-10.65643306570525,10.65643306570525,-19.480658897233827
27918,ME,2021,2022,62.03,74.63233267437128,-12.602332674371283,12.602332674371283,-20.316512452637888
27924,ME,2021,2022,54.57533333333333,55.77526728115168,-1.1999339478183444,1.1999339478183444,-2.1986745192913975
27930,ME,2021,2022,53.07906976744186,51.12582688737189,1.9532428800699648,1.9532428800699648,3.6798739854104667
27942,ME,2021,2022,70.92,61.99656484947474,8.923435150525265,8.923435150525265,12.582395869324964
27948,ME,2021,2022,45.6972602739726,62.310628650824874,-16.61336837685227,16.61336837685227,-36.355283177259984
27960,ME,2021,2022,106.23658536585366,126.88187729016829,-20.645291924314634,20.645291924314634,-19.43331654835962
27984,ME,2021,2022,53.9344262295082,59.79330996228827,-5.858883732780072,5.858883732780072,-10.862975917920497
27996,ME,2021,2022,49.77924528301887,48.81799295961726,0.9612523234016095,0.9612523234016095,1.9310303278734526
28002,ME,2021,2022,50.75714285714286,50.52106833990842,0.23607451723444228,0.23607451723444228,0.46510600074334246
28008,ME,2021,2022,48.852777777777774,48.24047022602802,0.6123075517497512,0.6123075517497512,1.2533730518559756
28014,ME,2021,2022,63.88,81.04774569149367,-17.16774569149367,17.16774569149367,-26.874993255312575
28026,ME,2021,2022,61.672413793103445,62.23000088515787,-0.5575870920544261,0.5575870920544261,-0.9041110242984824
28044,ME,2021,2022,65.81739130434782,74.3487706664132,-8.53137936206538,8.53137936206538,-12.962196150581565
28056,ME,2021,2022,66.49454545454546,98.61521596960698,-32.12067051506152,32.12067051506152,-48.305722364879784
28062,ME,2021,2022,85.62857142857143,98.14561679719473,-12.5170453686233,12.5170453686233,-14.617837434161343
28074,ME,2021,2022,83.0621359223301,101.35395972543002,-18.291823803099916,18.291823803099916,-22.02185580708431
28080,ME,2021,2022,48.86727272727273,63.15438520660763,-14.287112479334901,14.287112479334901,-29.236566073721754
28086,ME,2021,2022,67.79636363636364,91.83299215249104,-24.036628516127408,24.036628516127408,-35.45415598549151
28104,ME,2021,2022,76.04705882352941,80.66593179242275,-4.618872968893342,4.618872968893342,-6.073703625555911
28110,ME,2021,2022,62.98333333333333,83.43885284621291,-20.455519512879583,20.455519512879583,-32.47767056821315
28146,ME,2021,2022,50.00476190476191,52.116159126961136,-2.11139722219923,2.11139722219923,-4.2223923117973365
28158,ME,2021,2022,75.25769230769231,82.532324199049,-7.274631891356691,7.274631891356691,-9.666296784140336
28164,ME,2021,2022,56.27452830188679,54.77664018302328,1.4978881188635071,1.4978881188635071,2.6617515313998386
28380,ME,2021,2022,56.71626794258373,56.71282333516855,0.0034446074151759376,0.0034446074151759376,0.006073402817447472
28392,ME,2021,2022,51.41518987341773,52.016691413918615,-0.6015015405008839,0.6015015405008839,-1.1698907306999315
28404,ME,2021,2022,53.770270270270274,50.33856116879439,3.4317091014758816,3.4317091014758816,6.382168220890053
28410,ME,2021,2022,48.632,41.55739437061271,7.074605629387285,7.074605629387285,14.5472232879324
28416,ME,2021,2022,64.63927710843373,63.123661680370965,1.515615428062766,1.515615428062766,2.34472830740401
28434,ME,2021,2022,58.273809523809526,71.3385593435339,-13.064749819724376,13.064749819724376,-22.419591110456537
28440,ME,2021,2022,58.99666666666667,59.33220395841202,-0.3355372917453536,0.3355372917453536,-0.5687394063145155
28452,ME,2021,2022,56.6,54.85749617415296,1.742503825847038,1.742503825847038,3.078628667574272
28458,ME,2021,2022,65.00742574257426,66.73267645968144,-1.725250717107187,1.725250717107187,-2.653928681838722
28470,ME,2021,2022,55.572,57.33685213960655,-1.7648521396065462,1.7648521396065462,-3.1757938163221517
28476,ME,2021,2022,44.016666666666666,39.04610562982746,4.970561036839207,4.970561036839207,11.292452185170482
28482,ME,2021,2022,50.37090909090909,53.55578610017363,-3.1848770092645395,3.1848770092645395,-6.322849967858421
28500,ME,2021,2022,46.40476190476191,52.66725263321758,-6.262490728455667,6.262490728455667,-13.495362267580195
28536,ME,2021,2022,51.06066666666667,53.88428335414084,-2.8236166874741713,2.8236166874741713,-5.5299252277829725
28542,ME,2021,2022,69.23969465648855,65.45614719191062,3.7835474645779357,3.7835474645779357,5.464419627135623
28548,ME,2021,2022,83.02857142857142,56.88411934152044,26.144452087050986,26.144452087050986,31.488500448960238
28560,ME,2021,2022,45.98857142857143,47.54011674501324,-1.5515453164418105,1.5515453164418105,-3.3737628028990656
28566,ME,2021,2022,64.456,80.11597958085127,-15.659979580851271,15.659979580851271,-24.295611860573523
28572,ME,2021,2022,53.94583333333333,54.3961121083138,-0.4502787749804682,0.4502787749804682,-0.834686846337471
28578,ME,2021,2022,47.128125,43.65996573541981,3.468159264580187,3.468159264580187,7.359001158183542
28590,ME,2021,2022,50.6,52.42289777705258,-1.8228977770525816,1.8228977770525816,-3.602564776783758
28596,ME,2021,2022,51.3,47.252716580997436,4.047283419002561,4.047283419002561,7.889441362578093
28608,ME,2021,2022,61.92,72.88857657172223,-10.968576571722224,10.968576571722224,-17.714109450455787
28614,ME,2021,2022,57.14604651162791,61.204214335681854,-4.058167824053946,4.058167824053946,-7.101397335033846
28632,ME,2021,2022,61.56,66.11921718134434,-4.559217181344337,4.559217181344337,-7.406135772164291
28638,ME,2021,2022,73.83235294117647,71.37189853738533,2.4604544037911324,2.4604544037911324,3.3324881380272684
28644,ME,2021,2022,49.72,45.98238674291178,3.7376132570882206,3.7376132570882206,7.5173235259216025
28656,ME,2021,2022,46.18529411764706,46.285490759168496,-0.10019664152143548,0.10019664152143548,-0.21694490299489308
28662,ME,2021,2022,40.92857142857143,36.698376889931076,4.2301945386403546,4.2301945386403546,10.335553846590743
28674,ME,2021,2022,65.53,83.99588570529235,-18.46588570529235,18.46588570529235,-28.179285373557683
28680,ME,2021,2022,49.26,54.42210462906387,-5.162104629063869,5.162104629063869,-10.47930294166437
28686,ME,2021,2022,65.67692307692307,56.61840996559745,9.058513111325624,9.058513111325624,13.79253577503316
28698,ME,2021,2022,66.43913043478261,64.00848085224266,2.4306495825399566,2.4306495825399566,3.6584608597879065
28710,ME,2021,2022,51.24842105263158,51.91283340767553,-0.6644123550439502,0.6644123550439502,-1.296454293414437
28716,ME,2021,2022,49.695,50.99847319515803,-1.303473195158027,1.303473195158027,-2.622946363131154
28722,ME,2021,2022,43.96521739130435,39.98880776624285,3.9764096250614998,3.9764096250614998,9.044444360800483
29046,ME,2021,2022,59.13746630727763,69.69208018577665,-10.554613878499019,10.554613878499019,-17.84759229226589
29058,ME,2021,2022,108.19781818181818,140.92435314876207,-32.72653496694389,32.72653496694389,-30.246945379202973
29082,ME,2021,2022,77.19367088607595,84.06631130077103,-6.872640414695084,6.872640414695084,-8.90311386387865
29088,ME,2021,2022,104.9967741935484,138.6625226737089,-33.6657484801605,33.6657484801605,-32.06360265707012
29094,ME,2021,2022,82.66859903381642,95.38803074196183,-12.719431708145407,12.719431708145407,-15.386049669164462
29118,ME,2021,2022,62.98636363636364,87.95579421513185,-24.969430578768204,24.969430578768204,-39.6425974404922
29124,ME,2021,2022,81.04074074074074,96.87727712193532,-15.836536381194577,15.836536381194577,-19.54145067831697
29136,ME,2021,2022,109.2519801980198,122.61446818745532,-13.362487989435522,13.362487989435522,-12.230888598280728
29148,ME,2021,2022,65.80375,77.97945799700747,-12.175707997007478,12.175707997007478,-18.503060991216273
29154,ME,2021,2022,95.3125,101.51015466299452,-6.197654662994523,6.197654662994523,-6.502457351338515
29160,ME,2021,2022,84.0732558139535,96.12215591487731,-12.048900100923817,12.048900100923817,-14.331430351153454
29166,ME,2021,2022,63.42702702702703,68.6060342007416,-5.179007173714574,5.179007173714574,-8.165300214225296
29172,ME,2021,2022,74.83065326633165,89.71033425117592,-14.87968098484427,14.87968098484427,-19.884472920322672
29178,ME,2021,2022,71.53548387096774,76.55201786427659,-5.016533993308855,5.016533993308855,-7.0126512352351416
29184,ME,2021,2022,62.17102803738318,63.9415971824157,-1.7705691450325176,1.7705691450325176,-2.8479007037938664
29406,ME,2021,2022,58.76937919463087,63.387672354512276,-4.618293159881404,4.618293159881404,-7.858332388686058
29460,ME,2021,2022,63.75922330097087,65.0561018024865,-1.2968785015156215,1.2968785015156215,-2.034024936900186
29466,ME,2021,2022,49.28314606741573,51.08815391860495,-1.8050078511892238,1.8050078511892238,-3.6625256202599275
29472,ME,2021,2022,50.68958333333333,49.70050918643726,0.9890741468960726,0.9890741468960726,1.9512374769229168
29490,ME,2021,2022,70.14360086767896,73.70108228013972,-3.55748141246076,3.55748141246076,-5.071711985775726
29502,ME,2021,2022,87.7239263803681,95.18364836217752,-7.459721981809423,7.459721981809423,-8.503634401251388
29508,ME,2021,2022,111.97142857142858,96.94736209617307,15.024066475255509,15.024066475255509,13.417767967184046
29520,ME,2021,2022,48.84857142857143,49.30529074822075,-0.45671931964931645,0.45671931964931645,-0.9349696547772167
29526,ME,2021,2022,54.282051282051285,53.18738576879357,1.0946655132577163,1.0946655132577163,2.016625177942888
29532,ME,2021,2022,53.99591836734694,55.305266870925976,-1.309348503579038,1.309348503579038,-2.424902739261201
29538,ME,2021,2022,48.96,37.91342201908705,11.04657798091295,11.04657798091295,22.56245502637449
29544,ME,2021,2022,52.99320388349515,53.0295430326137,-0.03633914911855385,0.03633914911855385,-0.06857322534875411
29562,ME,2021,2022,56.88291139240506,57.06015311370676,-0.1772417213016979,0.1772417213016979,-0.3115904530255162
29568,ME,2021,2022,52.28019801980198,52.99794488753995,-0.7177468677379721,0.7177468677379721,-1.3728847535468665
29574,ME,2021,2022,46.56976744186046,47.00581729522318,-0.43604985336271795,0.43604985336271795,-0.9363367637751246
29580,ME,2021,2022,47.48622448979592,49.118326050503,-1.6321015607070777,1.6321015607070777,-3.4370000526316677
29592,ME,2021,2022,71.10714285714286,69.71361355045798,1.3935293066848828,1.3935293066848828,1.9597599491299207
29616,ME,2021,2022,73.92142857142858,60.328487184853245,13.592941386575333,13.592941386575333,18.388364036337293
29622,ME,2021,2022,57.11645161290323,58.49223642020336,-1.3757848073001355,1.3757848073001355,-2.4087364821335133
29628,ME,2021,2022,65.88567774936061,64.60308027669517,1.2825974726654437,1.2825974726654437,1.9467014933725724
29634,ME,2021,2022,53.04565217391304,50.02663625743453,3.0190159164785086,3.0190159164785086,5.691354131306562
29646,ME,2021,2022,55.07931034482758,63.53478558951703,-8.455475244689445,8.455475244689445,-15.351454460401548
29652,ME,2021,2022,42.08269230769231,45.43444990781654,-3.3517576001242304,3.3517576001242304,-7.964693835692545
29658,ME,2021,2022,51.07654320987654,50.34316020126889,0.7333830086076532,0.7333830086076532,1.435850906342935
29670,ME,2021,2022,81.23728813559322,70.61117657294034,10.62611156265288,10.62611156265288,13.080337621458792
29682,ME,2021,2022,97.37422680412372,93.8020595969887,3.572167207135024,3.572167207135024,3.668493526855656
29694,ME,2021,2022,53.162962962962965,66.0487175125648,-12.885754549601842,12.885754549601842,-24.238217419482353
29700,ME,2021,2022,54.50531400966184,54.850880369976615,-0.34556636031477694,0.34556636031477694,-0.6340048976757026
29706,ME,2021,2022,56.36078431372549,57.023206738254366,-0.6624224245288772,0.6624224245288772,-1.1753250643950994
29712,ME,2021,2022,64.24193548387096,65.86282545118996,-1.6208899673190018,1.6208899673190018,-2.5231026355455213
29718,ME,2021,2022,60.543125,61.86777786970419,-1.3246528697041882,1.3246528697041882,-2.1879492835960948
29730,ME,2021,2022,56.505405405405405,54.87875596451133,1.6266494408940773,1.6266494408940773,2.878750146509822
29736,ME,2021,2022,51.097297297297295,52.96063761331792,-1.8633403160206257,1.8633403160206257,-3.646651417156625
29742,ME,2021,2022,59.83299492385787,63.61448451726959,-3.7814895934117203,3.7814895934117203,-6.320074063188646
29748,ME,2021,2022,60.41935483870968,58.82036652425764,1.5989883144520363,1.5989883144520363,2.646483595729478
29766,ME,2021,2022,52.25333333333333,52.82818976395665,-0.5748564306233206,0.5748564306233206,-1.1001335110168167
29778,ME,2021,2022,78.14879356568365,76.04319640942128,2.1055971562623625,2.1055971562623625,2.69434377703172
29790,ME,2021,2022,53.00561797752809,52.93011808839303,0.07549988913505956,0.07549988913505956,0.1424375226925342
29796,ME,2021,2022,51.654794520547945,52.08093774870357,-0.4261432281556239,0.4261432281556239,-0.8249829122562996
29802,ME,2021,2022,61.8320652173913,66.09339252118446,-4.261327303793152,4.261327303793152,-6.891775794340738
29814,ME,2021,2022,52.65846153846154,52.248436058195864,0.41002548026567354,0.41002548026567354,0.7786507016848423
29820,ME,2021,2022,84.39655172413794,94.41933746043452,-10.022785736296584,10.022785736296584,-11.875823752915258
29826,ME,2021,2022,55.42604166666667,55.92203629137768,-0.49599462471100964,0.49599462471100964,-0.8948765053328746
29838,ME,2021,2022,83.57671232876713,76.6812086787543,6.895503650012827,6.895503650012827,8.250508374734661
29844,ME,2021,2022,52.82323943661972,56.764109817824895,-3.9408703812051726,3.9408703812051726,-7.4604859967621815
29856,ME,2021,2022,63.06739606126914,63.13049943752983,-0.06310337626068474,0.06310337626068474,-0.1000570503963421
29868,ME,2021,2022,75.19411764705882,77.57115250347982,-2.3770348564210053,2.3770348564210053,-3.1611978846246647
29874,ME,2021,2022,51.65192307692308,47.50714166794176,4.1447814089813235,4.1447814089813235,8.024447420493273
29886,ME,2021,2022,63.126315789473686,73.45143556090004,-10.325119771426351,10.325119771426351,-16.35628444698188
29892,ME,2021,2022,60.06111111111111,60.00922955515874,0.051881555952370206,0.051881555952370206,0.0863812789883141
29898,ME,2021,2022,53.0775,54.13266324912626,-1.0551632491262595,1.0551632491262595,-1.9879671218995987
29904,ME,2021,2022,47.63076923076923,51.68246989469041,-4.0517006639211814,4.0517006639211814,-8.506477492082585
29916,ME,2021,2022,51.34285714285714,49.42769688734803,1.9151602555091145,1.9151602555091145,3.7301396184095164
29922,ME,2021,2022,53.08510638297872,50.12849833437728,2.9566080486014457,2.9566080486014457,5.569562255882483
29928,ME,2021,2022,51.73139534883721,53.5955169759934,-1.8641216271561873,1.8641216271561873,-3.603462877013017
29934,ME,2021,2022,69.31009174311927,69.49721217809571,-0.1871204349764355,0.1871204349764355,-0.269975742738808
30006,VT,2021,2022,69.46105527638191,78.41416852243202,-8.953113246050108,8.953113246050108,-12.889399981653227
30192,VT,2021,2022,66.1758064516129,70.68195299613446,-4.506146544521556,4.506146544521556,-6.809356449348912
30198,VT,2021,2022,67.36709677419354,71.83996768324901,-4.472870909055473,4.472870909055473,-6.639548270943012
30204,VT,2021,2022,63.02105263157895,69.35226493227486,-6.331212300695917,6.331212300695917,-10.046186212896478
30210,VT,2021,2022,81.86666666666666,76.38020670076334,5.486459965903322,5.486459965903322,6.701701912748358
30216,VT,2021,2022,74.76122448979592,90.89525612740188,-16.134031637605958,16.134031637605958,-21.580748239092944
30222,VT,2021,2022,87.67755102040816,155.11593927637108,-67.43838825596292,67.43838825596292,-76.91636852432808
30228,VT,2021,2022,65.28970588235295,78.37311293052478,-13.083407048171836,13.083407048171836,-20.03900442092224
30234,VT,2021,2022,62.07872340425532,61.48080696301267,0.5979164412426528,0.5979164412426528,0.9631584034823553
30240,VT,2021,2022,67.6448275862069,68.72446370453645,-1.079636118329546,1.079636118329546,-1.5960364699779188
30246,VT,2021,2022,51.57333333333333,54.822197798366254,-3.2488644650329235,3.2488644650329235,-6.29950452113416
30252,VT,2021,2022,57.59032258064517,63.991486781403616,-6.401164200758444,6.401164200758444,-11.114999732454587
30258,VT,2021,2022,88.0,104.36756206991515,-16.367562069915152,16.367562069915152,-18.59950235217631
30270,VT,2021,2022,74.06962025316456,80.44636507293464,-6.376744819770082,6.376744819770082,-8.609123143840664
30276,VT,2021,2022,63.18571428571428,64.68938861415603,-1.5036743284417469,1.5036743284417469,-2.37976945491572
30288,VT,2021,2022,86.39416058394161,101.31166998765354,-14.917509403711932,14.917509403711932,-17.266802875198838
30306,VT,2021,2022,59.16274509803922,58.88548759395663,0.2772575040825842,0.2772575040825842,0.4686352934150331
30312,VT,2021,2022,57.62222222222222,55.196821911611146,2.4254003106110744,2.4254003106110744,4.209140531334298
30318,VT,2021,2022,125.70666666666666,134.09515583733872,-8.38848917067206,8.38848917067206,-6.6730662685660205
30330,VT,2021,2022,186.45367231638417,249.58692898420463,-63.13325666782046,63.13325666782046,-33.8600231808214
30336,VT,2021,2022,68.11666666666666,84.86668241559313,-16.750015748926472,16.750015748926472,-24.590187054944664
30348,VT,2021,2022,66.77894736842106,75.02218751507633,-8.243240146655268,8.243240146655268,-12.344070207002686
30360,VT,2021,2022,64.75967741935484,70.65818749103018,-5.898510071675332,5.898510071675332,-9.108306753103797
30366,VT,2021,2022,79.3638888888889,79.87336184705445,-0.5094729581655599,0.5094729581655599,-0.6419455564719525
30372,VT,2021,2022,88.28108108108108,95.83009145571238,-7.549010374631294,7.549010374631294,-8.5511077596546
30390,VT,2021,2022,77.43548387096774,82.7795048070513,-5.344020936083552,5.344020936083552,-6.901255947452202
30402,VT,2021,2022,112.64666666666666,115.37801753383484,-2.7313508671681745,2.7313508671681745,-2.424706338848471
30408,VT,2021,2022,66.1189024390244,73.15355015849617,-7.034647719471778,7.034647719471778,-10.639389735725286
30414,VT,2021,2022,55.2939393939394,60.81252999052163,-5.518590596582236,5.518590596582236,-9.980461976610608
30420,VT,2021,2022,91.89354838709676,104.53187561489398,-12.63832722779722,12.63832722779722,-13.753225824471299
30426,VT,2021,2022,166.4294117647059,239.0692356739276,-72.63982390922172,72.63982390922172,-43.646025746890366
30432,VT,2021,2022,108.16818181818182,109.46106632324711,-1.2928845050652882,1.2928845050652882,-1.195253986277108
30450,VT,2021,2022,99.58939393939394,103.81014381273926,-4.220749873345312,4.220749873345312,-4.238151982242093
30456,VT,2021,2022,49.135714285714286,49.22674688844676,-0.09103260273247571,0.09103260273247571,-0.18526768981751127
30462,VT,2021,2022,78.28275862068965,88.018983583167,-9.736224962477351,9.736224962477351,-12.437253277765976
30474,VT,2021,2022,67.44857142857143,65.11053501593076,2.338036412640662,2.338036412640662,3.466398714043426
30486,VT,2021,2022,50.753488372093024,51.347401498015365,-0.5939131259223416,0.5939131259223416,-1.1701917345427368
30498,VT,2021,2022,50.62307692307692,58.81107067295445,-8.187993749877528,8.187993749877528,-16.17442922783891
30504,VT,2021,2022,57.03636363636364,58.156528623069974,-1.1201649867063352,1.1201649867063352,-1.9639488131606133
30516,VT,2021,2022,59.085,59.81458346505216,-0.7295834650521584,0.7295834650521584,-1.2348031904073087
30534,VT,2021,2022,69.67873303167421,74.36706388345341,-4.688330851779199,4.688330851779199,-6.72849612470422
30546,VT,2021,2022,146.31525423728814,190.74854091321436,-44.43328667592621,44.43328667592621,-30.36818471699889
30606,VT,2021,2022,52.53865979381443,56.11920561389437,-3.5805458200799407,3.5805458200799407,-6.815068816242419
30852,VT,2021,2022,67.42571428571429,81.7801339584882,-14.3544196727739,14.3544196727739,-21.289236346755644
30858,VT,2021,2022,72.02067510548524,78.20089581928066,-6.180220713795421,6.180220713795421,-8.581175759243505
30876,VT,2021,2022,88.18064516129033,92.02546571826703,-3.8448205569766998,3.8448205569766998,-4.360163786445628
30888,VT,2021,2022,102.21176470588236,110.0797391872372,-7.867974481354835,7.867974481354835,-7.697719048286844
30894,VT,2021,2022,80.3234375,100.53349639395508,-20.21005889395508,20.21005889395508,-25.160849090846092
30900,VT,2021,2022,51.90408163265306,55.975176558928446,-4.071094926275386,4.071094926275386,-7.843496692780792
30906,VT,2021,2022,71.11571428571429,79.06050976730165,-7.944795481587363,7.944795481587363,-11.171645481430975
30912,VT,2021,2022,110.04347826086956,137.67272128972013,-27.629243028850567,27.629243028850567,-25.107569721989847
30918,VT,2021,2022,62.27619047619048,65.20813034807017,-2.931939871879692,2.931939871879692,-4.707962785553871
30924,VT,2021,2022,80.19767441860465,83.0967311748545,-2.8990567562498484,2.8990567562498484,-3.6148888072710883
30930,VT,2021,2022,84.08545454545454,107.47103190980643,-23.38557736435189,23.38557736435189,-27.811679785485634
30936,VT,2021,2022,61.04046511627907,64.82439185398707,-3.7839267377079935,3.7839267377079935,-6.199046371124139
30948,VT,2021,2022,43.63,48.35616829020488,-4.726168290204875,4.726168290204875,-10.832382054102393
30966,VT,2021,2022,142.89032258064515,162.6453029342872,-19.754980353642054,19.754980353642054,-13.825275215886396
31206,VT,2021,2022,56.68825174825175,62.87743784905157,-6.189186100799816,6.189186100799816,-10.917934333705553
31500,VT,2021,2022,77.51538461538462,93.09028661510847,-15.57490199972385,15.57490199972385,-20.092659124383253
31506,VT,2021,2022,183.54025974025973,216.49617515953997,-32.955915419280245,32.955915419280245,-17.95568746928788
31512,VT,2021,2022,59.47368421052632,76.03062156215739,-16.55693735163107,16.55693735163107,-27.83909820185755
31518,VT,2021,2022,87.7,90.78966483852733,-3.0896648385273267,3.0896648385273267,-3.522992974375515
31530,VT,2021,2022,120.80444444444444,141.29115260760068,-20.486708163156237,20.486708163156237,-16.958571563629572
31542,VT,2021,2022,67.2780303030303,79.69265996547792,-12.41462966244761,12.41462966244761,-18.452724621292063
31560,VT,2021,2022,78.75882352941177,83.73533969130239,-4.976516161890615,4.976516161890615,-6.318677627316487
31566,VT,2021,2022,57.59747899159664,66.09962018942328,-8.502141197826639,8.502141197826639,-14.761307867427817
31572,VT,2021,2022,86.61229508196722,94.22303218484883,-7.610737102881615,7.610737102881615,-8.787132468524298
31806,VT,2021,2022,65.76791443850267,78.5267548124613,-12.758840373958634,12.758840373958634,-19.399794691511755
32040,VT,2021,2022,164.29795918367347,166.30827752002529,-2.0103183363518156,2.0103183363518156,-1.2235808322514963
32046,VT,2021,2022,81.06818181818181,87.88819211466824,-6.82001029648643,6.82001029648643,-8.412684413944573
32052,VT,2021,2022,65.0909090909091,70.79233624686046,-5.7014271559513645,5.7014271559513645,-8.759175798249302
32058,VT,2021,2022,73.3232558139535,75.42075772787383,-2.0975019139203397,2.0975019139203397,-2.8606229914863968
32070,VT,2021,2022,76.66951219512195,93.31155147773491,-16.642039282612956,16.642039282612956,-21.70620212146308
32076,VT,2021,2022,74.97991452991452,92.40754247176173,-17.427627941847206,17.427627941847206,-23.243061893454353
32100,VT,2021,2022,63.443243243243245,65.43088649656258,-1.9876432533193338,1.9876432533193338,-3.1329471062799414
32112,VT,2021,2022,75.08333333333333,80.7545753529841,-5.6712420196507765,5.6712420196507765,-7.553263511188605
32118,VT,2021,2022,71.33148148148148,76.83918917047352,-5.507707688992042,5.507707688992042,-7.721285994069688
32124,VT,2021,2022,67.23873873873873,70.06545148989599,-2.8267127511572596,2.8267127511572596,-4.203994310691443
32130,VT,2021,2022,62.44166666666667,60.70474171920335,1.7369249474633222,1.7369249474633222,2.7816761470118596
32136,VT,2021,2022,72.6,82.16356279776961,-9.56356279776962,9.56356279776962,-13.172951512079367
32148,VT,2021,2022,62.21578947368421,67.63549742589213,-5.419707952207915,5.419707952207915,-8.711145511543048
32154,VT,2021,2022,70.23703703703704,73.76210453653093,-3.525067499493886,3.525067499493886,-5.01881578181475
32160,VT,2021,2022,77.31739130434782,78.17031341528443,-0.8529221109366034,0.8529221109366034,-1.1031439324940606
32166,VT,2021,2022,71.58421052631579,75.34760443050513,-3.7633939041893427,3.7633939041893427,-5.2572960943752305
32172,VT,2021,2022,91.2375,109.26405858261114,-18.026558582611145,18.026558582611145,-19.75783924659394
32178,VT,2021,2022,72.44333333333333,82.27295888235577,-9.829625549022438,9.829625549022438,-13.56870963376769
32406,VT,2021,2022,77.71724137931035,86.51289064328267,-8.795649263972322,8.795649263972322,-11.317500605874404
32418,VT,2021,2022,105.40523560209424,117.1415352406489,-11.73629963855467,11.73629963855467,-11.134456055730773
32424,VT,2021,2022,60.69653465346535,63.74754696361922,-3.0510123101538724,3.0510123101538724,-5.026666394668186
32448,VT,2021,2022,82.14018867924528,91.33533611085299,-9.195147431607708,9.195147431607708,-11.194456184553525
32640,VT,2021,2022,62.42612612612613,65.36939975429084,-2.943273628164711,2.943273628164711,-4.714810626272248
32646,VT,2021,2022,64.19393939393939,60.44074948945511,3.7531899044842802,3.7531899044842802,5.846642128397907
32652,VT,2021,2022,54.90588235294118,52.028886952744514,2.8769954001966624,2.8769954001966624,5.23986734554781
32658,VT,2021,2022,75.34553314121038,84.63873999819211,-9.293206856981726,9.293206856981726,-12.334117856150373
32664,VT,2021,2022,78.834,82.24982888785264,-3.4158288878526406,3.4158288878526406,-4.332938691240633
32670,VT,2021,2022,209.51206030150755,286.46549288149805,-76.9534325799905,76.9534325799905,-36.72983429653037
32676,VT,2021,2022,93.28320268756998,97.22385413559515,-3.9406514480251644,3.9406514480251644,-4.224395533699077
32688,VT,2021,2022,79.745,78.89681797060426,0.848182029395744,0.848182029395744,1.0636178185412803
32700,VT,2021,2022,62.89543726235741,64.4673952543837,-1.5719579920262916,1.5719579920262916,-2.4993196016256976
32712,VT,2021,2022,88.87988313856427,96.65757017724252,-7.777687038678252,7.777687038678252,-8.750784501542144
32724,VT,2021,2022,87.62338129496403,82.62453025045457,4.998851044509465,4.998851044509465,5.70492826301918
32730,VT,2021,2022,78.7235294117647,80.51609724942067,-1.792567837655966,1.792567837655966,-2.2770420115184504
32736,VT,2021,2022,85.4030303030303,87.12069017760824,-1.717659874577933,1.717659874577933,-2.011239962426704
32742,VT,2021,2022,66.76296296296296,62.789054193654714,3.9739087693082453,3.9739087693082453,5.952265437219718
32748,VT,2021,2022,93.64789915966388,97.69203382297565,-4.044134663311766,4.044134663311766,-4.318446755988371
32754,VT,2021,2022,60.33092783505155,59.20535596794852,1.1255718671030266,1.1255718671030266,1.865663114249476
32766,VT,2021,2022,100.17537313432835,111.30416647456936,-11.128793340241003,11.128793340241003,-11.109310594049946
32772,VT,2021,2022,88.38285714285715,107.38288589152313,-19.000028748665983,19.000028748665983,-21.497414049373162
32778,VT,2021,2022,78.91923076923077,89.06078146361823,-10.141550694387462,10.141550694387462,-12.850544278672157
32784,VT,2021,2022,73.67483870967742,74.80985453109939,-1.1350158214219732,1.1350158214219732,-1.5405745588322346
32790,VT,2021,2022,107.61279461279462,117.19479530618905,-9.582000693394434,9.582000693394434,-8.904146321886508
32808,VT,2021,2022,76.23991769547325,75.29513876154262,0.9447789339306354,0.9447789339306354,1.239218197617141
32826,VT,2021,2022,67.62142857142857,67.52115157263587,0.10027699879269392,0.10027699879269392,0.14829174850509294
32832,VT,2021,2022,85.71122448979592,94.1363858684954,-8.425161378699471,8.425161378699471,-9.829706002744718
32838,VT,2021,2022,107.34342105263158,104.79732732178395,2.5460937308476304,2.5460937308476304,2.371914092060895
32844,VT,2021,2022,100.76666666666668,142.87540299869454,-42.10873633202786,42.10873633202786,-41.788358913689564
32856,VT,2021,2022,51.597841726618704,51.94790223310574,-0.3500605064870328,0.3500605064870328,-0.6784402113983011
32862,VT,2021,2022,101.93765182186236,107.88607128672182,-5.948419464859455,5.948419464859455,-5.835350685980496
32868,VT,2021,2022,71.81197007481296,72.18007042612346,-0.36810035131050256,0.36810035131050256,-0.5125891281453767
32892,VT,2021,2022,186.48390804597705,223.5649213961317,-37.08101335015465,37.08101335015465,-19.88429658017057
32898,VT,2021,2022,71.51428571428572,60.81933497167196,10.694950742613763,10.694950742613763,14.954985057590159
32916,VT,2021,2022,131.2157894736842,182.9144322592329,-51.698642785548714,51.698642785548714,-39.399711721368
32922,VT,2021,2022,68.72692307692307,72.05797370670253,-3.3310506297794547,3.3310506297794547,-4.846791447437788
32928,VT,2021,2022,71.31813602015113,71.19014084343924,0.12799517671189165,0.12799517671189165,0.17947072631809427
32934,VT,2021,2022,105.9622754491018,119.1265007633742,-13.1642253142724,13.1642253142724,-12.423501909975252
32946,VT,2021,2022,75.02616822429907,81.903942649296,-6.877774424996929,6.877774424996929,-9.167167386764385
32952,VT,2021,2022,60.76829268292683,61.88571381292576,-1.117421129998931,1.117421129998931,-1.8388226502089573
32964,VT,2021,2022,101.54329896907215,109.85747809804788,-8.314179128975724,8.314179128975724,-8.187816639193532
32970,VT,2021,2022,118.34614173228348,126.4193232763175,-8.073181544034014,8.073181544034014,-6.821668561275743
33612,VT,2021,2022,84.235,94.84920609884684,-10.614206098846836,10.614206098846836,-12.60070766171643
33846,VT,2021,2022,70.34144893111639,70.83334898275788,-0.491900051641494,0.491900051641494,-0.6993032687216882
33882,VT,2021,2022,58.79622641509434,60.00148204292282,-1.2052556278284783,1.2052556278284783,-2.049886023840233
33888,VT,2021,2022,82.22,94.39680953879416,-12.17680953879416,12.17680953879416,-14.810033494033275
33894,VT,2021,2022,61.81454545454545,62.29590705403013,-0.4813615994846785,0.4813615994846785,-0.7787189826359585
33900,VT,2021,2022,74.11636363636363,78.2368987420952,-4.120535105731577,4.120535105731577,-5.559548396016994
33906,VT,2021,2022,82.47888888888889,90.31511486620236,-7.836225977313475,7.836225977313475,-9.50088693346732
33912,VT,2021,2022,51.01489361702128,50.377418563282646,0.6374750537386333,0.6374750537386333,1.249586166981514
33918,VT,2021,2022,47.7,55.83161478584736,-8.131614785847354,8.131614785847354,-17.047410452510174
33924,VT,2021,2022,61.15873015873016,57.45904602105303,3.6996841376771314,3.6996841376771314,6.049314837105094
33930,VT,2021,2022,72.6025,74.84344063097734,-2.2409406309773345,2.2409406309773345,-3.0865887964978262
33936,VT,2021,2022,54.61420118343195,58.745977711981304,-4.131776528549352,4.131776528549352,-7.565388560151256
33948,VT,2021,2022,61.04358974358974,66.37699666636286,-5.333406922773115,5.333406922773115,-8.737046666449006
33960,VT,2021,2022,108.2,111.13130861503639,-2.931308615036386,2.931308615036386,-2.7091576848765118
33966,VT,2021,2022,73.64068322981366,87.9243108712441,-14.283627641430442,14.283627641430442,-19.39638120528419
33978,VT,2021,2022,67.57224489795918,69.86116002510487,-2.2889151271456853,2.2889151271456853,-3.387359899914788
34002,VT,2021,2022,71.21935483870968,80.2061403725402,-8.986785533830528,8.986785533830528,-12.618459622644549
34014,VT,2021,2022,59.52692307692308,57.46174057279915,2.065182504123932,2.065182504123932,3.469325134536553
34032,VT,2021,2022,164.39724137931034,204.05053364643874,-39.65329226712839,39.65329226712839,-24.120412200614226
34038,VT,2021,2022,101.66942675159235,123.53357683759378,-21.86415008600143,21.86415008600143,-21.50513756649955
34044,VT,2021,2022,99.66382978723404,162.08654524792973,-62.4227154606957,62.4227154606957,-62.63326985723705
34050,VT,2021,2022,57.86296296296296,57.97087260039608,-0.10790963743311721,0.10790963743311721,-0.18649172442515297
34056,VT,2021,2022,85.74270462633451,92.350570392671,-6.607865766336488,6.607865766336488,-7.706621566386869
34062,VT,2021,2022,131.2921875,155.90293447248837,-24.610746972488357,24.610746972488357,-18.745020127331152
34074,VT,2021,2022,60.42542372881356,59.86093217500154,0.5644915538120259,0.5644915538120259,0.9341954412193073
34080,VT,2021,2022,62.24907407407407,62.207570778724254,0.04150329534981978,0.04150329534981978,0.06667295211561285
34086,VT,2021,2022,58.355555555555554,52.8163464669426,5.539209088612957,5.539209088612957,9.492170943929287
34092,VT,2021,2022,69.0241935483871,92.96985393629606,-23.94566038790896,23.94566038790896,-34.691691647397015
34206,VT,2021,2022,70.51739130434783,75.408060382354,-4.8906690780061695,4.8906690780061695,-6.935408397197232
34380,VT,2021,2022,95.56666666666666,96.04880798936243,-0.48214132269576737,0.48214132269576737,-0.5045078367936178
34392,VT,2021,2022,74.80196078431372,84.66652091441213,-9.864560130098411,9.864560130098411,-13.187568917534378
34398,VT,2021,2022,66.83236245954693,73.87088022282293,-7.038517763276005,7.038517763276005,-10.53160101520631
34404,VT,2021,2022,72.5865671641791,81.43796515331137,-8.851397989132266,8.851397989132266,-12.19426449677918
34410,VT,2021,2022,65.028,69.19371453361316,-4.165714533613155,4.165714533613155,-6.406032068667581
34416,VT,2021,2022,77.77777777777777,76.5215230853569,1.2562546924208675,1.2562546924208675,1.6151846045411156
34422,VT,2021,2022,82.86,87.53823547333356,-4.678235473333558,4.678235473333558,-5.645951572934537
34428,VT,2021,2022,84.26379310344828,98.40726988311049,-14.143476779662208,14.143476779662208,-16.784761590661677
34434,VT,2021,2022,63.72258064516129,67.06978207247325,-3.3472014273119584,3.3472014273119584,-5.252771299315111
34452,VT,2021,2022,67.8625,73.38796430837168,-5.5254643083716815,5.5254643083716815,-8.14214670601832
34458,VT,2021,2022,58.41634615384616,59.929007727435526,-1.5126615735893623,1.5126615735893623,-2.589449140837385
34464,VT,2021,2022,65.33,61.30020027732553,4.029799722674468,4.029799722674468,6.168375513048321
34482,VT,2021,2022,50.58,46.69594219844055,3.8840578015594502,3.8840578015594502,7.6790387535774025
34488,VT,2021,2022,48.0375,59.45883065920476,-11.421330659204756,11.421330659204756,-23.77586397960917
34506,VT,2021,2022,105.48686868686868,125.4359147730054,-19.94904608613672,19.94904608613672,-18.91140227638593
34518,VT,2021,2022,101.7812356979405,137.13617618861917,-35.35494049067867,35.35494049067867,-34.73620677548334
34542,VT,2021,2022,62.404,67.30968619415303,-4.905686194153027,4.905686194153027,-7.861172671868834
34548,VT,2021,2022,63.6175,71.57823530508071,-7.960735305080711,7.960735305080711,-12.513436248014637
34554,VT,2021,2022,64.81904761904762,71.34081981188177,-6.521772192834149,6.521772192834149,-10.06150573387578
34560,VT,2021,2022,67.18333333333334,72.1846952663882,-5.001361933054866,5.001361933054866,-7.444349193333961
34566,VT,2021,2022,76.45,87.52209371425465,-11.072093714254649,11.072093714254649,-14.482790993138847
34572,VT,2021,2022,80.82068965517242,115.49022961940321,-34.66953996423079,34.66953996423079,-42.89686231601216
34578,VT,2021,2022,76.45384615384616,83.59023867725806,-7.1363925234118994,7.1363925234118994,-9.334249200558878
34584,VT,2021,2022,60.25675675675676,63.30950004008444,-3.052743283327679,3.052743283327679,-5.066225677646294
34590,VT,2021,2022,62.7314606741573,63.59107942699278,-0.8596187528354804,0.8596187528354804,-1.3703152191857169
34602,VT,2021,2022,69.51186440677967,81.5612326893492,-12.049368282569532,12.049368282569532,-17.3342614032869
34614,VT,2021,2022,73.34426229508196,75.48930696180575,-2.1450446667237912,2.1450446667237912,-2.9246250485058396
34620,VT,2021,2022,68.9578947368421,72.03580654074467,-3.077911803902566,3.077911803902566,-4.463465446050127
34632,VT,2021,2022,65.46,69.03710631913648,-3.5771063191364902,3.5771063191364902,-5.464568162444991
34638,VT,2021,2022,73.43047619047618,78.06589424713204,-4.635418056655851,4.635418056655851,-6.312662394605385
34644,VT,2021,2022,73.55,78.65212339386504,-5.1021233938650425,5.1021233938650425,-6.9369454709245995
34650,VT,2021,2022,63.06333333333333,59.61031844921394,3.4530148841193906,3.4530148841193906,5.475471564225473
34656,VT,2021,2022,52.04285714285714,55.88484544424253,-3.841988301385392,3.841988301385392,-7.382354682870641
34662,VT,2021,2022,62.30681818181818,64.66279978128284,-2.3559815994646627,2.3559815994646627,-3.7812580841307737
34668,VT,2021,2022,55.96052631578947,66.30327411955874,-10.342747803769264,10.342747803769264,-18.48222038764317
34914,VT,2021,2022,62.86555819477434,66.40905236065753,-3.543494165883189,3.543494165883189,-5.636622448979924
34920,VT,2021,2022,50.35,45.304849969724216,5.045150030275785,5.045150030275785,10.020158947916157
34926,VT,2021,2022,76.8,81.82817099316384,-5.02817099316384,5.02817099316384,-6.547097647348751
34932,VT,2021,2022,53.3734693877551,56.02036008845248,-2.6468907006973765,2.6468907006973765,-4.959188021801379
34944,VT,2021,2022,56.83220338983051,56.99224839174662,-0.16004500191611015,0.16004500191611015,-0.2816097078241179
34956,VT,2021,2022,62.03414634146341,67.39505168695237,-5.360905345488959,5.360905345488959,-8.641862041560405
34962,VT,2021,2022,120.472,159.07316482963836,-38.601164829638364,38.601164829638364,-32.041607037019695
34968,VT,2021,2022,96.59454545454544,89.65572584404418,6.938819610501255,6.938819610501255,7.183448690450602
34974,VT,2021,2022,66.32692307692308,73.01675723754389,-6.689834160620805,6.689834160620805,-10.086151822333484
34980,VT,2021,2022,54.02716049382716,55.092840992203925,-1.0656804983767643,1.0656804983767643,-1.9724902967990015
34992,VT,2021,2022,96.11481481481482,105.8852854972078,-9.770470682392983,9.770470682392983,-10.165415915556645
35016,VT,2021,2022,57.45,67.27535371342138,-9.825353713421379,9.825353713421379,-17.102443365398397
35022,VT,2021,2022,50.54705882352941,46.32841765669316,4.21864116683625,4.21864116683625,8.345967629025514
35034,VT,2021,2022,58.46842105263158,63.18598503247295,-4.717563979841373,4.717563979841373,-8.068567433341082
35046,VT,2021,2022,104.63333333333334,104.43187834328505,0.20145499004829048,0.20145499004829048,0.19253423706431075
35052,VT,2021,2022,49.75333333333333,49.958901861007504,-0.2055685276741741,0.2055685276741741,-0.4131753872588251
35058,VT,2021,2022,53.91159420289855,55.367694285204756,-1.4561000823062074,1.4561000823062074,-2.7009034027562113
35070,VT,2021,2022,54.87301587301587,63.20721292022789,-8.334197047212015,8.334197047212015,-15.188151980745065
35076,VT,2021,2022,51.22063492063492,54.5197753598426,-3.299140439207676,3.299140439207676,-6.441037765969927
35082,VT,2021,2022,50.65238095238095,50.228171857561115,0.4242090948198367,0.4242090948198367,0.8374909270674599
35100,VT,2021,2022,46.784615384615385,49.5251434086227,-2.740528024007311,2.740528024007311,-5.857754737273108
35106,VT,2021,2022,57.57700729927007,63.67505585169096,-6.098048552420892,6.098048552420892,-10.59111759790648
35118,VT,2021,2022,63.36923076923077,70.8053613133454,-7.436130544114633,7.436130544114633,-11.734607559297187
35130,VT,2021,2022,60.70311614730878,65.17332670246466,-4.47021055515588,4.47021055515588,-7.364054498138088
35142,VT,2021,2022,56.85333333333333,65.43306224475226,-8.579728911418933,8.579728911418933,-15.09098659372467
35148,VT,2021,2022,44.17333333333333,43.58715109759174,0.5861822357415889,0.5861822357415889,1.3270047594512275
35154,VT,2021,2022,50.74368932038835,54.884294782827936,-4.140605462439588,4.140605462439588,-8.159843160587716
35160,VT,2021,2022,54.82272727272727,58.54023968066679,-3.717512407939516,3.717512407939516,-6.780969486333584
35172,VT,2021,2022,87.48947368421052,99.01695684397026,-11.52748315975974,11.52748315975974,-13.175851533142938
35196,VT,2021,2022,48.94166666666667,56.57255002168618,-7.630883355019513,7.630883355019513,-15.591792995102018
35202,VT,2021,2022,55.80833333333333,52.213616872569084,3.5947164607642463,3.5947164607642463,6.441182250137518
35208,VT,2021,2022,53.28947368421053,55.81826586465112,-2.5287921804405897,2.5287921804405897,-4.745387795394687
35226,VT,2021,2022,58.43289473684211,64.62341082143152,-6.190516084589412,6.190516084589412,-10.594231404192737
35232,VT,2021,2022,51.1,47.462524911961175,3.6374750880388262,3.6374750880388262,7.11834655193508
35238,VT,2021,2022,65.35853658536585,77.21825403114676,-11.859717445780902,11.859717445780902,-18.14562881206915
35244,VT,2021,2022,59.262962962962966,63.44059772481089,-4.177634761847926,4.177634761847926,-7.049318078238485
35250,VT,2021,2022,54.93666666666667,61.72558475010767,-6.788918083441004,6.788918083441004,-12.357717523404533
35418,VT,2021,2022,57.7,54.76540923691772,2.9345907630822836,2.9345907630822836,5.085945863227527
35424,VT,2021,2022,35.16153846153846,38.72002057483457,-3.558482113296108,3.558482113296108,-10.120382295526014
35430,VT,2021,2022,59.76176470588236,62.24812247138818,-2.486357765505822,2.486357765505822,-4.160449039184899
35436,VT,2021,2022,51.00175438596492,51.63670237185859,-0.6349479858936675,0.6349479858936675,-1.2449532247235746
36006,CT,2021,2022,212.301914893617,305.9570761705179,-93.65516127690088,93.65516127690088,-44.11413873672822
36012,CT,2021,2022,88.22869704236611,93.81397406407069,-5.585277021704584,5.585277021704584,-6.330453932718305
36060,CT,2021,2022,68.09771210676836,73.01270383790455,-4.9149917311361975,4.9149917311361975,-7.217557799049298
36078,CT,2021,2022,135.2943887775551,138.69827433244893,-3.403885554893833,3.403885554893833,-2.5159103682343744
36096,CT,2021,2022,83.71155015197569,90.69320853765865,-6.981658385682962,6.981658385682962,-8.340137499554102
36108,CT,2021,2022,65.88496240601503,70.3295402120253,-4.444577806010258,4.444577806010258,-6.745966975924822
36114,CT,2021,2022,137.83811394891944,148.81584681384754,-10.9777328649281,10.9777328649281,-7.964221615072496
36126,CT,2021,2022,93.64054054054054,109.66211974221787,-16.021579201677326,16.021579201677326,-17.10966116726011
36138,CT,2021,2022,104.76986301369864,105.51891866103779,-0.7490556473391479,0.7490556473391479,-0.7149533518443266
36144,CT,2021,2022,85.93461538461538,88.50462798315839,-2.570012598543002,2.570012598543002,-2.9906605004752294
36156,CT,2021,2022,108.61375464684016,121.0461100508752,-12.432355404035036,12.432355404035036,-11.44639133824173
36162,CT,2021,2022,104.39864864864865,97.04796639810645,7.350682250542192,7.350682250542192,7.040974519967927
36174,CT,2021,2022,109.90551643192488,123.13601644347095,-13.23050001154607,13.23050001154607,-12.038067279126064
36186,CT,2021,2022,133.54426229508198,158.62001950886088,-25.0757572137789,25.0757572137789,-18.77711313300082
36192,CT,2021,2022,171.41929092805006,198.10289591702258,-26.68360498897252,26.68360498897252,-15.566278943583104
36198,CT,2021,2022,164.18971275885104,207.39428298525644,-43.204570226405394,43.204570226405394,-26.3138107135012
36210,CT,2021,2022,112.5110275689223,125.72630473878249,-13.215277169860187,13.215277169860187,-11.745761687017513
36222,CT,2021,2022,106.01634241245137,114.59092293425839,-8.574580521807022,8.574580521807022,-8.08797995355097
36234,CT,2021,2022,176.1909090909091,254.6062594916067,-78.4153504006976,78.4153504006976,-44.50590033577595
36240,CT,2021,2022,72.00962067069818,75.51419457330623,-3.504573902608044,3.504573902608044,-4.866813447934338
36252,CT,2021,2022,70.19012638230647,74.19315041829513,-4.003024035988659,4.003024035988659,-5.7031155837863565
36258,CT,2021,2022,112.33023255813951,128.9725567544038,-16.642324196264283,16.642324196264283,-14.815534355500068
36306,CT,2021,2022,38.68482269503546,40.65179539214699,-1.9669726971115296,1.9669726971115296,-5.084610863071003
36312,CT,2021,2022,64.93076923076923,69.40444682405322,-4.473677593283995,4.473677593283995,-6.889919288317964
36318,CT,2021,2022,50.92475845410628,51.87338765410469,-0.9486291999984076,0.9486291999984076,-1.8628054973561008
36342,CT,2021,2022,116.58070175438596,128.06376318848578,-11.483061434099824,11.483061434099824,-9.849881894082706
36348,CT,2021,2022,106.71975308641976,161.44936194102348,-54.729608854603725,54.729608854603725,-51.28348527032729
36360,CT,2021,2022,162.06016260162602,192.68481293306223,-30.624650331436214,30.624650331436214,-18.897087254390392
36372,CT,2021,2022,71.8140771637122,79.79668947032202,-7.982612306609823,7.982612306609823,-11.115665092252211
36378,CT,2021,2022,96.77368421052633,100.99821249586775,-4.224528285341421,4.224528285341421,-4.365368870478435
36390,CT,2021,2022,90.90263157894736,91.29971605933156,-0.3970844803841942,0.3970844803841942,-0.43682396591492867
36396,CT,2021,2022,74.08220973782771,81.02506042299012,-6.942850685162412,6.942850685162412,-9.371819104387848
36402,CT,2021,2022,101.13879472693031,112.21491437560687,-11.076119648676553,11.076119648676553,-10.951405618963053
36408,CT,2021,2022,210.09333333333333,340.28909389208644,-130.1957605587531,130.1957605587531,-61.970438801208886
36414,CT,2021,2022,222.78925619834712,297.4482353090903,-74.65897911074319,74.65897911074319,-33.51103207790012
36420,CT,2021,2022,163.31908975979772,218.29558552018636,-54.976495760388644,54.976495760388644,-33.66201455154175
36426,CT,2021,2022,127.0537634408602,139.36983714303483,-12.316073702174634,12.316073702174634,-9.693592199578886
36438,CT,2021,2022,303.8989726027397,278.5545855372201,25.34438706551964,25.34438706551964,8.339740950243394
36444,CT,2021,2022,119.89577464788732,129.00950956188325,-9.113734913995927,9.113734913995927,-7.601381233626752
36456,CT,2021,2022,80.37541528239203,80.33658245530873,0.03883282708329716,0.03883282708329716,0.04831430972625324
36468,CT,2021,2022,139.1169459962756,165.33724660365198,-26.220300607376373,26.220300607376373,-18.84766835528314
36486,CT,2021,2022,74.07534246575342,78.59543534398512,-4.520092878231694,4.520092878231694,-6.102020898953557
36492,CT,2021,2022,74.57041251778094,77.08082669213766,-2.5104141743567254,2.5104141743567254,-3.366501658761952
36504,CT,2021,2022,131.5904054054054,139.86412482151076,-8.273719416105365,8.273719416105365,-6.287479235750953
36510,CT,2021,2022,133.09972527472527,135.09247348940642,-1.9927482146811428,1.9927482146811428,-1.4971843184259015
36528,CT,2021,2022,71.8022813688213,73.11628147705811,-1.3140001082368116,1.3140001082368116,-1.8300255690864298
36534,CT,2021,2022,150.01121495327104,149.66389500614247,0.3473199471285682,0.3473199471285682,0.23152932081561997
36540,CT,2021,2022,213.13859649122807,216.59234715055027,-3.4537506593221963,3.4537506593221963,-1.6204247922146464
36552,CT,2021,2022,222.79238578680204,236.72691737371417,-13.93453158691213,13.93453158691213,-6.2544918389834825
36558,CT,2021,2022,121.42349726775956,139.35246321936643,-17.92896595160687,17.92896595160687,-14.765647798852669
36570,CT,2021,2022,79.20390243902439,82.72733015416898,-3.5234277151445923,3.5234277151445923,-4.448553173067609
36576,CT,2021,2022,69.43323823109843,73.55356208575279,-4.120323854654359,4.120323854654359,-5.9342239532894325
36588,CT,2021,2022,65.82269230769231,72.21857699352142,-6.395884685829117,6.395884685829117,-9.716838466483797
36618,CT,2021,2022,99.53829787234042,109.52546001974092,-9.987162147400497,9.987162147400497,-10.033486970220451
36630,CT,2021,2022,61.977244772447726,65.0769208947682,-3.099676122320467,3.099676122320467,-5.00131319761159
36636,CT,2021,2022,40.34207792207792,41.2281364495743,-0.886058527496381,0.886058527496381,-2.196363135304614
36642,CT,2021,2022,206.7152489626556,239.11412565551126,-32.39887669285565,32.39887669285565,-15.673191433839847
36648,CT,2021,2022,48.30727718724448,50.22343212453841,-1.916154937293932,1.916154937293932,-3.96659685427249
36654,CT,2021,2022,100.82140902872776,108.10468073647039,-7.283271707742628,7.283271707742628,-7.223933664393992
36660,CT,2021,2022,72.6224368499257,77.3405199482844,-4.71808309835869,4.71808309835869,-6.496729252019745
36666,CT,2021,2022,84.24410692588093,88.3430225726287,-4.09891564674777,4.09891564674777,-4.865522107503673
36672,CT,2021,2022,37.83052208835341,38.473658923247015,-0.6431368348936033,0.6431368348936033,-1.7000474732850723
36684,CT,2021,2022,38.67296834901625,40.47495554843156,-1.8019871994153078,1.8019871994153078,-4.659552334211103
36702,CT,2021,2022,224.9618543046357,261.000752850229,-36.0388985455933,36.0388985455933,-16.020004216710735
36708,CT,2021,2022,56.97095010252905,59.18392296500305,-2.212972862473997,2.212972862473997,-3.8843881987071835
36714,CT,2021,2022,113.24196547144754,114.13080428148967,-0.888838810042131,0.888838810042131,-0.7849023163292232
36720,CT,2021,2022,31.485714285714284,36.01729408667321,-4.5315798009589265,4.5315798009589265,-14.392494830631799
37356,CT,2021,2022,43.60532623169108,45.95315137563737,-2.347825143946288,2.347825143946288,-5.384262306561893
37386,CT,2021,2022,114.1005,120.95793719628183,-6.857437196281836,6.857437196281836,-6.009997498943332
37392,CT,2021,2022,104.50175438596492,98.62109166435646,5.880662721608459,5.880662721608459,5.627333967895816
37404,CT,2021,2022,80.78179551122194,82.63989812860542,-1.85810261738348,1.85810261738348,-2.300150183125551
37410,CT,2021,2022,72.52946428571428,87.64010732967297,-15.110643043958689,15.110643043958689,-20.833799329378124
37422,CT,2021,2022,100.7459649122807,110.40913505973225,-9.663170147451552,9.663170147451552,-9.591620027526913
37428,CT,2021,2022,99.17996845425868,102.92054018266106,-3.7405717284023723,3.7405717284023723,-3.7714992116855792
37434,CT,2021,2022,63.32825278810409,68.63447281290874,-5.306220024804652,5.306220024804652,-8.378914293686941
37446,CT,2021,2022,70.03882352941176,76.18128341592332,-6.14245988651156,6.14245988651156,-8.77007861779992
37452,CT,2021,2022,86.06103896103896,99.94850623203818,-13.887467270999224,13.887467270999224,-16.136764601791846
37458,CT,2021,2022,65.74615384615385,49.00910530560772,16.737048540546127,16.737048540546127,25.457076287246945
37482,CT,2021,2022,80.25645161290322,84.91071770545472,-4.654266092551495,4.654266092551495,-5.799242302662688
37488,CT,2021,2022,120.49198606271776,138.51367193468099,-18.02168587196323,18.02168587196323,-14.95675061956626
37494,CT,2021,2022,88.23532608695652,94.52844618012807,-6.293120093171552,6.293120093171552,-7.13220018813059
37500,CT,2021,2022,94.8688524590164,90.22033936108294,4.64851309793346,4.64851309793346,4.899936045860395
37524,CT,2021,2022,88.83592233009709,87.36172096489224,1.4742013652048485,1.4742013652048485,1.6594653677675586
37530,CT,2021,2022,71.23013698630137,70.17820022797181,1.0519367583295605,1.0519367583295605,1.4768141728154527
37536,CT,2021,2022,61.53247863247864,62.403848385859156,-0.8713697533805131,0.8713697533805131,-1.4161135269473424
37554,CT,2021,2022,112.37089947089947,120.68279643921859,-8.311896968319118,8.311896968319118,-7.396841181707936
37560,CT,2021,2022,65.60675381263617,67.10389857068851,-1.4971447580523431,1.4971447580523431,-2.2819979210188968
37572,CT,2021,2022,59.759375,57.06858495702103,2.6907900429789677,2.6907900429789677,4.502707806062175
37584,CT,2021,2022,73.06538461538462,89.91130665986654,-16.845922044481924,16.845922044481924,-23.055954790573775
37596,CT,2021,2022,59.20333333333333,68.43311860416551,-9.229785270832181,9.229785270832181,-15.589975684081159
37608,CT,2021,2022,108.96803797468354,118.16812815961252,-9.200090184928982,9.200090184928982,-8.442925426505735
37662,CT,2021,2022,83.68551401869159,85.79962608137512,-2.1141120626835317,2.1141120626835317,-2.526258083581029
37668,CT,2021,2022,80.18362831858407,85.66329307028042,-5.4796647516963475,5.4796647516963475,-6.833894732132409
37674,CT,2021,2022,85.88741007194244,90.68309126480717,-4.795681192864734,4.795681192864734,-5.583683556003955
37680,CT,2021,2022,71.54512195121951,76.36275733195654,-4.8176353807370305,4.8176353807370305,-6.733702102040952
37686,CT,2021,2022,112.04772727272729,107.56550687413578,4.482220398591508,4.482220398591508,4.000277834892321
37692,CT,2021,2022,96.15483870967742,84.32933632819001,11.82550238148741,11.82550238148741,12.298395525567289
37920,CT,2021,2022,51.27699530516432,51.650415248230544,-0.3734199430662244,0.3734199430662244,-0.7282406873567643
37980,CT,2021,2022,74.75314685314686,71.44565784444731,3.307489008699548,3.307489008699548,4.424548193532423
37986,CT,2021,2022,80.58396946564885,79.33083097168164,1.2531384939672137,1.2531384939672137,1.5550716876777815
37998,CT,2021,2022,142.64845360824742,149.90716017321927,-7.258706564971845,7.258706564971845,-5.088528043147447
38004,CT,2021,2022,79.51203007518797,82.27357986603552,-2.7615497908475533,2.7615497908475533,-3.4731219769337844
38010,CT,2021,2022,95.6657738095238,97.51860938929065,-1.8528355797668468,1.8528355797668468,-1.9367800060405633
38034,CT,2021,2022,88.35011709601874,89.17708438228259,-0.8269672862638515,0.8269672862638515,-0.9360115339350429
38040,CT,2021,2022,74.68229461756374,76.53169488004495,-1.8494002624812111,1.8494002624812111,-2.4763570427926704
38106,CT,2021,2022,75.6484700122399,76.65030946213584,-1.0018394498959395,1.0018394498959395,-1.324335376160076
38118,CT,2021,2022,55.05294117647059,55.03241255611324,0.020528620357346483,0.020528620357346483,0.03728887125493004
38124,CT,2021,2022,62.75457875457875,63.026976894896485,-0.27239814031773335,0.27239814031773335,-0.43406894879022423
38130,CT,2021,2022,124.84111747851004,158.89682303319364,-34.0557055546836,34.0557055546836,-27.27923799668478
38142,CT,2021,2022,106.09751243781096,133.2064352671615,-27.108922829350547,27.108922829350547,-25.550950447816046
38154,CT,2021,2022,99.11535580524344,105.62429641116293,-6.508940605919491,6.508940605919491,-6.567035504275669
38160,CT,2021,2022,56.55757906215921,56.93931519911822,-0.381736136959006,0.381736136959006,-0.6749513385986016
38190,CT,2021,2022,87.29552845528455,89.92475980985404,-2.629231354569484,2.629231354569484,-3.011874034208129
38220,CT,2021,2022,83.53423180592992,83.27946230655984,0.2547694993700844,0.2547694993700844,0.3049881394276482
38226,CT,2021,2022,184.86647509578543,200.08567913568726,-15.219204039901825,15.219204039901825,-8.232538664469182
38244,CT,2021,2022,64.0061855670103,65.31285629580188,-1.3066707287915733,1.3066707287915733,-2.0414757061621396
38250,CT,2021,2022,87.05276381909547,85.9690785932272,1.0836852258682796,1.0836852258682796,1.2448602184765645
38262,CT,2021,2022,72.9514705882353,72.1714418667693,0.780028721465996,0.780028721465996,1.0692433136389567
38268,CT,2021,2022,173.22566666666663,207.0560881178164,-33.83042145114976,33.83042145114976,-19.529681774149964
38274,CT,2021,2022,89.80585774058578,98.8795083499986,-9.073650609412823,9.073650609412823,-10.10362891429986
38280,CT,2021,2022,42.936708860759495,46.211111854654376,-3.2744029938948813,3.2744029938948813,-7.62611546337546
38292,CT,2021,2022,66.13078393881453,69.24453988217114,-3.113755943356608,3.113755943356608,-4.708481826311805
38304,CT,2021,2022,80.46413793103449,81.98939800434678,-1.525260073312296,1.525260073312296,-1.8955774740538338
38310,CT,2021,2022,100.67463026166098,112.81246443297984,-12.137834171318858,12.137834171318858,-12.056497391419972
38334,CT,2021,2022,72.66,69.8957733329035,2.7642266670964943,2.7642266670964943,3.8043306731303255
38406,CT,2021,2022,58.53414387031408,59.4534854398395,-0.9193415695254146,0.9193415695254146,-1.5706073562163496
38418,CT,2021,2022,90.43981762917932,95.67461082485788,-5.234793195678563,5.234793195678563,-5.788150985821559
38430,CT,2021,2022,124.33441475826972,135.02064563934312,-10.6862308810734,10.6862308810734,-8.594749009636239
38454,CT,2021,2022,87.85128205128206,96.92122849582579,-9.069946444543731,9.069946444543731,-10.324204989119302
38460,CT,2021,2022,148.9814492753623,164.66809129596845,-15.686642020606143,15.686642020606143,-10.52925857340301
38472,CT,2021,2022,115.32906403940886,139.74784967096008,-24.418785631551216,24.418785631551216,-21.173141250159734
38478,CT,2021,2022,96.853006993007,105.72079179575424,-8.867784802747238,8.867784802747238,-9.155920996224218
38490,CT,2021,2022,97.21549295774648,97.85848960936939,-0.6429966516229086,0.6429966516229086,-0.6614137644730961
38496,CT,2021,2022,112.19004975124378,122.97280572252723,-10.78275597128345,10.78275597128345,-9.611151786804434
38502,CT,2021,2022,101.49045643153526,107.08247507510272,-5.592018643567457,5.592018643567457,-5.509896043614497
38508,CT,2021,2022,64.45242424242424,65.21920015639579,-0.7667759139715429,0.7667759139715429,-1.1896773829444747
38514,CT,2021,2022,130.2607250755287,140.4203899281726,-10.159664852643886,10.159664852643886,-7.799484339391658
38520,CT,2021,2022,108.89090909090908,109.60256300833814,-0.7116539174290608,0.7116539174290608,-0.6535475949006236
38532,CT,2021,2022,141.936,144.6884210849159,-2.7524210849158806,2.7524210849158806,-1.9391987127408694
38538,CT,2021,2022,117.85900383141762,124.01026367913141,-6.1512598477137885,6.1512598477137885,-5.21916836876747
38544,CT,2021,2022,104.29924812030076,106.56393872425865,-2.264690603957888,2.264690603957888,-2.171339338271883
38556,CT,2021,2022,224.66839378238345,262.9059464919344,-38.237552709550954,38.237552709550954,-17.01955137783569
38622,CT,2021,2022,168.0776888888889,206.95029943900238,-38.87261055011348,38.87261055011348,-23.12776359973095
38628,CT,2021,2022,127.30928571428572,156.51257239621214,-29.203286681926414,29.203286681926414,-22.93885046803733
38646,CT,2021,2022,112.06153846153846,124.38349244204215,-12.321953980503693,12.321953980503693,-10.99570303037809
38652,CT,2021,2022,110.94685314685314,127.20816631635944,-16.261313169506295,16.261313169506295,-14.656849390745903
38658,CT,2021,2022,237.7920218579235,248.44665719960858,-10.654635341685093,10.654635341685093,-4.480652991819485
38682,CT,2021,2022,131.5343949044586,142.8037327654897,-11.269337861031119,11.269337861031119,-8.567597752068364
38700,CT,2021,2022,60.10190735694823,63.38633961457938,-3.2844322576311455,3.2844322576311455,-5.46477208805494
38706,CT,2021,2022,57.58890662410216,59.02992586891792,-1.441019244815763,1.441019244815763,-2.5022514391906623
38730,CT,2021,2022,120.16121212121212,117.58470908272585,2.5765030384862655,2.5765030384862655,2.144205266410952
38742,CT,2021,2022,78.74614057783528,81.99646977481763,-3.2503291969823493,3.2503291969823493,-4.127604442746775
38760,CT,2021,2022,107.96541646371163,122.41323721059574,-14.447820746884105,14.447820746884105,-13.38189692598479
38766,CT,2021,2022,107.59505562422744,109.94545309199371,-2.350397467766271,2.350397467766271,-2.184484643955169
38808,CT,2021,2022,126.89002079002078,139.21136085482914,-12.321340064808354,12.321340064808354,-9.710251435136781
38814,CT,2021,2022,84.5577380952381,89.59924528342992,-5.041507188191829,5.041507188191829,-5.962206773451694
38820,CT,2021,2022,172.84749694749695,204.0049671162625,-31.157470168765542,31.157470168765542,-18.025988642595
38826,CT,2021,2022,95.03794871794872,99.21834084059216,-4.18039212264344,4.18039212264344,-4.398655672851173
38832,CT,2021,2022,99.06985507246377,100.86517154864333,-1.7953164761795648,1.7953164761795648,-1.812172304952295
38838,CT,2021,2022,114.4339393939394,122.78201857403187,-8.34807918009247,8.34807918009247,-7.295107748894465
38850,CT,2021,2022,181.3642978003384,186.30562323461402,-4.941325434275626,4.941325434275626,-2.7245304032855833
38862,CT,2021,2022,148.72906336088155,180.12953580076373,-31.40047243988218,31.40047243988218,-21.112532904003398
38868,CT,2021,2022,116.45624103299856,128.50886489864052,-12.052623865641962,12.052623865641962,-10.34948729130522
38874,CT,2021,2022,93.88859315589352,98.95408414337929,-5.065490987485774,5.065490987485774,-5.395214495412647
38880,CT,2021,2022,99.81834677419354,103.88580849609818,-4.067461721904635,4.067461721904635,-4.074863843523617
38886,CT,2021,2022,95.80833333333334,90.25378296668724,5.554550366646097,5.554550366646097,5.797564964751949
38892,CT,2021,2022,139.535,148.30647835133948,-8.771478351339482,8.771478351339482,-6.286220913275868
38898,CT,2021,2022,82.26354285714285,84.99373214334668,-2.7301892862038244,2.7301892862038244,-3.3188326096591947
38904,CT,2021,2022,101.7750781598928,116.64159383651167,-14.866515676618874,14.866515676618874,-14.607225998159365
38928,CT,2021,2022,134.49001956947163,167.24684233288224,-32.75682276341061,32.75682276341061,-24.356322400927212
38934,CT,2021,2022,106.87693641618498,115.88750401857271,-9.010567602387738,9.010567602387738,-8.430787693333636
38952,CT,2021,2022,95.84047008547007,102.05970190563728,-6.219231820167209,6.219231820167209,-6.489149953689635
38988,CT,2021,2022,105.7766304347826,122.43436018280043,-16.65772974801783,16.65772974801783,-15.748024567948665
39060,CT,2021,2022,104.17413793103448,122.61034320538862,-18.436205274354137,18.436205274354137,-17.697487726329257
39066,CT,2021,2022,73.89232876712329,74.6800806974186,-0.7877519302953147,0.7877519302953147,-1.0660808008608966
39072,CT,2021,2022,66.66171974522292,70.36895737602566,-3.7072376308027373,3.7072376308027373,-5.561269113625595
39078,CT,2021,2022,46.78957459556621,48.97790043513565,-2.188325839569444,2.188325839569444,-4.676951775015305
39084,CT,2021,2022,66.56534216335541,68.1462232154651,-1.5808810521096888,1.5808810521096888,-2.3749311589657425
39090,CT,2021,2022,73.15694822888284,75.99812554353842,-2.8411773146555817,2.8411773146555817,-3.8836739140163674
39096,CT,2021,2022,59.47916822780068,63.889770317458144,-4.410602089657466,4.410602089657466,-7.41537284577551
39102,CT,2021,2022,105.98975032851511,111.46912131442826,-5.47937098591315,5.47937098591315,-5.169717797173638
39108,CT,2021,2022,98.4032010243278,100.47711935913715,-2.073918334809349,2.073918334809349,-2.1075720232887782
39114,CT,2021,2022,41.02071651090343,43.028598701669836,-2.007882190766402,2.007882190766402,-4.894800387586358
39144,CT,2021,2022,142.09450549450548,145.3255523360785,-3.2310468415730043,3.2310468415730043,-2.2738717660676486
39150,CT,2021,2022,232.9479262672811,266.14780529443,-33.19987902714888,33.19987902714888,-14.252060346335007
39624,CT,2021,2022,44.15939044481054,47.55742498862351,-3.398034543812969,3.398034543812969,-7.694930816718948
39630,CT,2021,2022,53.08689138576779,54.888234285614836,-1.801342899847043,1.801342899847043,-3.393197176977611
39636,CT,2021,2022,49.23159722222222,51.734223439987005,-2.502626217764785,2.502626217764785,-5.083374009720624
39642,CT,2021,2022,35.344148936170214,36.63196124769511,-1.2878123115248954,1.2878123115248954,-3.643636500770243
39648,CT,2021,2022,32.32131147540984,35.80725703264755,-3.485945557237706,3.485945557237706,-10.785284996525665
39660,CT,2021,2022,44.53148974130241,46.75286220724853,-2.221372465946125,2.221372465946125,-4.988318331254544
39666,CT,2021,2022,135.4144880174292,163.29883008685135,-27.88434206942216,27.88434206942216,-20.59184543520422
39672,CT,2021,2022,240.9800561797753,289.0972520242171,-48.117195844441795,48.117195844441795,-19.967293811461946
39684,CT,2021,2022,83.01402936378467,89.14785047124384,-6.13382110745917,6.13382110745917,-7.388896978581169
39690,CT,2021,2022,70.30902777777777,73.03469330037318,-2.7256655225954063,2.7256655225954063,-3.876693518235355
40212,CT,2021,2022,26.60925925925926,30.77807964292812,-4.168820383668859,4.168820383668859,-15.666803585365605
40224,CT,2021,2022,41.11810561609388,41.785869054645445,-0.6677634385515674,0.6677634385515674,-1.6240131410387757
40230,CT,2021,2022,45.81071703932151,47.265801455268175,-1.455084415946665,1.455084415946665,-3.1762969671435113
40236,CT,2021,2022,44.07825421133232,47.23980758068274,-3.161553369350422,3.161553369350422,-7.17259207724611
40248,CT,2021,2022,54.2789722785666,56.80405741857616,-2.5250851400095584,2.5250851400095584,-4.652050387119528
40260,CT,2021,2022,43.37658079625293,46.351742572088696,-2.9751617758357654,2.9751617758357654,-6.85891262340524
40272,CT,2021,2022,97.800395256917,99.82623594526157,-2.025840688344573,2.025840688344573,-2.071403375234615
40296,CT,2021,2022,88.5708037825059,88.97362557671065,-0.4028217942047405,0.4028217942047405,-0.45480200811308885
40500,CT,2021,2022,92.83692307692309,103.178067281822,-10.34114420489891,10.34114420489891,-11.13904237900088
40506,CT,2021,2022,120.51629213483146,129.39490910261736,-8.878616967785902,8.878616967785902,-7.3671507897477175
40512,CT,2021,2022,236.3177777777778,274.96547863418044,-38.64770085640265,38.64770085640265,-16.354123341810173
40524,CT,2021,2022,135.50375,169.58807924799243,-34.08432924799243,34.08432924799243,-25.15379039177324
40530,CT,2021,2022,91.12833333333332,98.7273706811915,-7.599037347858186,7.599037347858186,-8.338830602840156
40536,CT,2021,2022,157.3510204081633,210.83284233364708,-53.481821925483786,53.481821925483786,-33.98886247242231
40542,CT,2021,2022,161.03947368421052,194.3718990856778,-33.332425401467276,33.332425401467276,-20.69829504462385
40554,CT,2021,2022,149.88088737201366,174.64787760086665,-24.76699022885299,24.76699022885299,-16.524448622578397
40572,CT,2021,2022,162.88170731707316,190.94309784478344,-28.061390527710273,28.061390527710273,-17.228079807074135
40578,CT,2021,2022,147.76732673267327,148.8976613223931,-1.130334589719837,1.130334589719837,-0.7649421659801234
40620,CT,2021,2022,66.13598746081504,66.64350666192512,-0.5075192011100711,0.5075192011100711,-0.7673873493017269
40656,CT,2021,2022,92.86050541516244,101.62234160835307,-8.761836193190632,8.761836193190632,-9.435481913455087
40662,CT,2021,2022,198.6174418604651,244.2502252252615,-45.63278336479638,45.63278336479638,-22.975214531689932
40668,CT,2021,2022,86.40597014925373,83.10073135980528,3.3052387894484525,3.3052387894484525,3.825243537847135
40674,CT,2021,2022,66.56674757281553,68.30327679646226,-1.736529223646727,1.736529223646727,-2.608703725155244
40692,CT,2021,2022,78.92913385826772,84.82385750763926,-5.894723649371542,5.894723649371542,-7.468374934858199
40698,CT,2021,2022,248.9855855855856,343.09146494660695,-94.10587936102135,94.10587936102135,-37.79571381198438
40704,CT,2021,2022,166.9103825136612,204.9876458306967,-38.07726331703549,38.07726331703549,-22.812998654483916
40710,CT,2021,2022,273.3617647058824,350.5174902433163,-77.15572553743385,77.15572553743385,-28.224768603044343
40716,CT,2021,2022,69.50657370517928,70.66899762507099,-1.1624239198917081,1.1624239198917081,-1.6723942181674396
40722,CT,2021,2022,80.50906862745099,78.90566740814182,1.6034012193091627,1.6034012193091627,1.9915783981165753
40740,CT,2021,2022,61.122381477398015,64.63422112838,-3.5118396509819902,3.5118396509819902,-5.745587076446959
40746,CT,2021,2022,101.9235494880546,113.42594296450936,-11.502393476454756,11.502393476454756,-11.28531486023535
40758,CT,2021,2022,233.3921568627451,353.58287180153627,-120.19071493879116,120.19071493879116,-51.49732388371292
40764,CT,2021,2022,180.12295081967213,353.76210998150293,-173.6391591618308,173.6391591618308,-96.40035229917342
40770,CT,2021,2022,100.93798342541436,113.11190249422354,-12.173919068809184,12.173919068809184,-12.06079084966543
40776,CT,2021,2022,134.40227272727273,175.91568221638448,-41.51340948911175,41.51340948911175,-30.887431177112756
40788,CT,2021,2022,121.8869395711501,145.05590411988817,-23.168964548738074,23.168964548738074,-19.008570262126778
40806,CT,2021,2022,101.03857280617164,108.28287447532287,-7.244301669151227,7.244301669151227,-7.169837684711171
40824,CT,2021,2022,124.4437772925764,143.44563666443128,-19.001859371854877,19.001859371854877,-15.269433141024095
40842,CT,2021,2022,336.9601123595506,414.71673264274835,-77.75662028319778,77.75662028319778,-23.075912379868928
40860,CT,2021,2022,61.2977631096443,72.28859736158373,-10.990834251939425,10.990834251939425,-17.930237082681046
40866,CT,2021,2022,97.87586872586871,106.35318118027554,-8.477312454406828,8.477312454406828,-8.66128961588084
40872,CT,2021,2022,141.8904486251809,148.15486159307437,-6.264412967893463,6.264412967893463,-4.414964522694261
40920,CT,2021,2022,709.7361635220126,909.6109008888045,-199.87473736679192,199.87473736679192,-28.161836417483432
40944,CT,2021,2022,293.1342070773263,402.1963414049863,-109.06213432765998,109.06213432765998,-37.2055296497315
40950,CT,2021,2022,137.27514851485148,155.18846257216666,-17.913314057315176,17.913314057315176,-13.049203917180375
40980,CT,2021,2022,796.1295809367297,872.8749034423766,-76.74532250564698,76.74532250564698,-9.639802909389209
40986,CT,2021,2022,794.1111416781293,668.9965112232844,125.11463045484493,125.11463045484493,15.755304753746502
41040,CT,2021,2022,695.6176728869374,1089.1759084669711,-393.55823558003374,393.55823558003374,-56.576802303871446
41100,CT,2021,2022,105.8032258064516,111.25621317217912,-5.452987365727523,5.452987365727523,-5.153895190022661
41106,CT,2021,2022,104.60238885202388,117.92774567020766,-13.325356818183778,13.325356818183778,-12.739055928287202
41118,CT,2021,2022,538.5464480874317,1105.796696000664,-567.2502479132323,567.2502479132323,-105.329865219191
41124,CT,2021,2022,83.63673064195896,94.46011056352332,-10.823379921564353,10.823379921564353,-12.940940946027926
41130,CT,2021,2022,123.43385300668152,113.02397412554708,10.409878881134432,10.409878881134432,8.433568771908094
41220,CT,2021,2022,816.8832835820896,950.3889067625262,-133.5056231804366,133.5056231804366,-16.343292348327317
41262,CT,2021,2022,293.35931623931623,400.67061750287843,-107.3113012635622,107.3113012635622,-36.58015795756081
41268,CT,2021,2022,791.2270557029178,732.2465970544897,58.98045864842811,58.98045864842811,7.454302557441049
41280,CT,2021,2022,547.2183436532508,1119.9688434392908,-572.75049978604,572.75049978604,-104.66580779480736
41298,CT,2021,2022,401.46726457399103,588.163211940922,-186.69594736693097,186.69594736693097,-46.503404845483395
41340,CT,2021,2022,399.3719457013575,688.2156000216265,-288.843654320269,288.843654320269,-72.32447282019669
41376,CT,2021,2022,226.04549763033177,279.16393860669393,-53.118440976362166,53.118440976362166,-23.499004197478207
41382,CT,2021,2022,346.77334905660376,444.61131467203114,-97.83796561542738,97.83796561542738,-28.21380763014095
41406,CT,2021,2022,160.70283806343906,153.20531731948847,7.497520743950588,7.497520743950588,4.66545633810827
41412,CT,2021,2022,121.3427900552486,179.94124599706203,-58.59845594181343,58.59845594181343,-48.29166686799682
41418,CT,2021,2022,266.2718792866941,363.6467131396874,-97.37483385299328,97.37483385299328,-36.56970240862351
41430,CT,2021,2022,138.4319018404908,161.2676852515632,-22.835783411072384,22.835783411072384,-16.49604109129779
41436,CT,2021,2022,90.48992537313433,102.24419189385893,-11.754266520724599,11.754266520724599,-12.989585826550298
41442,CT,2021,2022,110.31890838206628,115.3881980396144,-5.0692896575481114,5.0692896575481114,-4.595123113430107
42006,NJ,2021,2022,71.72615176151761,71.61536070877123,0.11079105274637868,0.11079105274637868,0.15446395774131033
42012,NJ,2021,2022,67.9948607522251,73.17866292949589,-5.183802177270792,5.183802177270792,-7.623814682348849
42018,NJ,2021,2022,81.92975929978118,87.52690220800888,-5.597142908227696,5.597142908227696,-6.831635972159685
42024,NJ,2021,2022,143.47660550458716,169.48463785462764,-26.00803235004048,26.00803235004048,-18.127019564321213
42030,NJ,2021,2022,150.2486904761905,148.68640094440673,1.5622895317837617,1.5622895317837617,1.0398024281158933
42036,NJ,2021,2022,185.0211701308699,248.94869952417855,-63.927529393308646,63.927529393308646,-34.55146746077283
42048,NJ,2021,2022,58.37792937399679,59.68991888055463,-1.3119895065578362,1.3119895065578362,-2.2474067179611787
42054,NJ,2021,2022,159.05232558139534,181.77643854161443,-22.724112960219088,22.724112960219088,-14.287193146754701
42060,NJ,2021,2022,95.95658612626656,101.7314949220948,-5.774908795828239,5.774908795828239,-6.0182516166521385
42066,NJ,2021,2022,51.86639848556555,55.56707978624649,-3.700681300680941,3.700681300680941,-7.13502654654312
42072,NJ,2021,2022,102.31681415929204,115.78167743384137,-13.46486327454933,13.46486327454933,-13.159971198464548
42078,NJ,2021,2022,105.29788778877888,109.49241755189881,-4.194529763119931,4.194529763119931,-3.9834889865349443
42084,NJ,2021,2022,97.3112676056338,121.25198162401584,-23.94071401838204,23.94071401838204,-24.60220137651973
42096,NJ,2021,2022,153.42225941422595,178.61635818536138,-25.19409877113543,25.19409877113543,-16.42141033988666
42102,NJ,2021,2022,47.20834715312327,49.63574766928974,-2.427400516166472,2.427400516166472,-5.141888378961975
42108,NJ,2021,2022,46.31185964912281,48.35534993594157,-2.043490286818759,2.043490286818759,-4.412455691265822
42120,NJ,2021,2022,179.7394856278366,204.96069998966766,-25.221214361831073,25.221214361831073,-14.032094435862245
42126,NJ,2021,2022,481.7119266055046,681.6915306727388,-199.97960406723428,199.97960406723428,-41.514355992062974
42132,NJ,2021,2022,48.49469273743017,52.442204944890065,-3.9475122074598943,3.9475122074598943,-8.140091182417256
42138,NJ,2021,2022,157.70899182561308,171.8531579961973,-14.144166170584214,14.144166170584214,-8.968522344131236
42144,NJ,2021,2022,130.40608345902464,170.31820444922556,-39.91212099020092,39.91212099020092,-30.60602690574773
42156,NJ,2021,2022,53.75858461538461,53.618261631456036,0.14032298392857712,0.14032298392857712,0.2610243274307106
42162,NJ,2021,2022,104.31146245059288,122.21725488964607,-17.905792439053187,17.905792439053187,-17.165699740365795
42168,NJ,2021,2022,316.94755043227667,397.84123370012134,-80.89368326784466,80.89368326784466,-25.52273496277723
42174,NJ,2021,2022,69.82541630148992,72.58166217355895,-2.75624587206903,2.75624587206903,-3.947338974920251
42180,NJ,2021,2022,225.1145409950946,286.9739954708892,-61.85945447579459,61.85945447579459,-27.479102061711135
42186,NJ,2021,2022,78.45051783659379,84.84986675626203,-6.399348919668242,6.399348919668242,-8.157178685547466
42192,NJ,2021,2022,61.03050345508391,66.40564685936918,-5.375143404285275,5.375143404285275,-8.807306346802747
42198,NJ,2021,2022,92.6486301369863,96.00423812880365,-3.355607991817351,3.355607991817351,-3.621864658825384
42204,NJ,2021,2022,83.83489795918368,85.16910335600782,-1.3342053968241459,1.3342053968241459,-1.5914677888362487
42210,NJ,2021,2022,99.41323792486584,105.96707169992047,-6.553833775054628,6.553833775054628,-6.592516159676702
42216,NJ,2021,2022,60.71560283687944,66.1348001902827,-5.419197353403263,5.419197353403263,-8.925543188564987
42234,NJ,2021,2022,290.97637848876786,420.3124129971708,-129.33603450840292,129.33603450840292,-44.44898076611242
42240,NJ,2021,2022,183.37738985868663,206.51582418801007,-23.138434329323445,23.138434329323445,-12.617931985592264
42246,NJ,2021,2022,228.3195845697329,221.3502978988617,6.969286670871213,6.969286670871213,3.052426135061869
42252,NJ,2021,2022,199.90605601816804,256.5948226624007,-56.68876664423266,56.68876664423266,-28.357703500028343
42258,NJ,2021,2022,349.1425724637681,441.8335894829311,-92.69101701916298,92.69101701916298,-26.548185277171232
42264,NJ,2021,2022,170.68720770288857,199.16378214387373,-28.47657444098516,28.47657444098516,-16.68348485174923
42270,NJ,2021,2022,207.72066420664208,244.0010112424361,-36.28034703579402,36.28034703579402,-17.465930592106165
42276,NJ,2021,2022,428.84829268292685,411.7504497891692,17.097842893757672,17.097842893757672,3.9869210593777806
42282,NJ,2021,2022,58.71471917366043,69.25189583403811,-10.537176660377682,10.537176660377682,-17.94639710225283
42300,NJ,2021,2022,45.28591916558018,46.929309256222346,-1.6433900906421641,1.6433900906421641,-3.628920690851809
42312,NJ,2021,2022,127.38584399504748,153.1716973450233,-25.78585334997581,25.78585334997581,-20.24232249148368
42324,NJ,2021,2022,114.24546666666669,121.90507013757832,-7.659603470911634,7.659603470911634,-6.704514143445195
42330,NJ,2021,2022,48.23760545100584,50.57858801997944,-2.340982568973601,2.340982568973601,-4.853023998778918
42342,NJ,2021,2022,67.24797406807131,70.46235595201857,-3.2143818839472544,3.2143818839472544,-4.779894009436653
42348,NJ,2021,2022,199.6841155234657,190.6367843741926,9.047331149273106,9.047331149273106,4.530821655771571
42354,NJ,2021,2022,301.04321728691474,421.2797902096631,-120.23657292274834,120.23657292274834,-39.939970747839396
42360,NJ,2021,2022,52.76876083188908,55.08200759655112,-2.31324676466204,2.31324676466204,-4.3837428209307205
42372,NJ,2021,2022,59.55165562913907,59.41486140298864,0.13679422615042824,0.13679422615042824,0.2297068397263733
42378,NJ,2021,2022,53.23878954607978,54.68157058881367,-1.4427810427338912,1.4427810427338912,-2.710018494100285
42384,NJ,2021,2022,69.66909090909091,70.38083978305012,-0.711748873959209,0.711748873959209,-1.0216135515360012
42390,NJ,2021,2022,70.38230912476723,72.14130023737908,-1.7589911126118523,1.7589911126118523,-2.4991949461244243
42396,NJ,2021,2022,123.02788461538462,139.28318627949034,-16.255301664105716,16.255301664105716,-13.212697036061199
42402,NJ,2021,2022,111.0217435897436,122.70935728031166,-11.687613690568071,11.687613690568071,-10.527319525585073
42408,NJ,2021,2022,183.8153392330384,241.52725472624905,-57.711915493210654,57.711915493210654,-31.39668089399456
42414,NJ,2021,2022,260.6249211356467,389.09659873504904,-128.47167759940237,128.47167759940237,-49.29370416290202
42420,NJ,2021,2022,129.89634801288938,141.5496110869184,-11.653263074029013,11.653263074029013,-8.971201463548983
42426,NJ,2021,2022,82.48893653516295,85.8770947986708,-3.3881582635078473,3.3881582635078473,-4.107409315506887
42432,NJ,2021,2022,91.16526946107784,90.7970714369806,0.36819802409723934,0.36819802409723934,0.4038797080004662
42438,NJ,2021,2022,80.09791271347248,79.2901003218449,0.8078123916275786,0.8078123916275786,1.0085311392786198
42444,NJ,2021,2022,81.53653846153846,76.0721293077683,5.464409153770163,5.464409153770163,6.7017919289617325
42450,NJ,2021,2022,122.8252319109462,121.78596668784193,1.039265223104266,1.039265223104266,0.8461333285800591
42456,NJ,2021,2022,190.6459817729909,199.28231399134472,-8.636332218353829,8.636332218353829,-4.530036320743138
42462,NJ,2021,2022,78.25694444444444,75.35468441660596,2.90226002783848,2.90226002783848,3.7086293726927066
42468,NJ,2021,2022,1044.1607907742998,899.6003114216825,144.56047935261734,144.56047935261734,13.844656936928093
42474,NJ,2021,2022,237.7805929919137,270.22528842764854,-32.44469543573484,32.44469543573484,-13.644803819981307
42480,NJ,2021,2022,91.3267942583732,95.49654345755678,-4.169749199183585,4.169749199183585,-4.565745719035009
42486,NJ,2021,2022,144.09066059225512,148.6963994708887,-4.605738878633588,4.605738878633588,-3.1964173525908217
42492,NJ,2021,2022,193.9530821917808,214.9772354158498,-21.02415322406901,21.02415322406901,-10.839813931536458
42498,NJ,2021,2022,84.964299933643,92.81834628230217,-7.854046348659168,7.854046348659168,-9.243936988585991
42516,NJ,2021,2022,166.9960826985854,166.49341158035224,0.5026711182331667,0.5026711182331667,0.30100773030733174
42522,NJ,2021,2022,49.5688814385858,55.01751240135353,-5.44863096276773,5.44863096276773,-10.992039369535508
42528,NJ,2021,2022,61.22950819672131,58.29939846384693,2.930109732874385,2.930109732874385,4.78545364672925
42540,NJ,2021,2022,309.58033946251766,409.6961783088075,-100.11583884628982,100.11583884628982,-32.33921088790954
42552,NJ,2021,2022,218.1980113636364,276.9267935399281,-58.7287821762917,58.7287821762917,-26.915360873027232
42558,NJ,2021,2022,68.07427838357921,79.28655155506483,-11.21227317148562,11.21227317148562,-16.470645650193525
42564,NJ,2021,2022,127.5384395813511,121.29748682534863,6.240952756002471,6.240952756002471,4.893389613742016
42570,NJ,2021,2022,103.28870402802102,135.7017772320429,-32.413073204021885,32.413073204021885,-31.381043560415474
42612,NJ,2021,2022,82.3093309859155,118.124292153733,-35.8149611678175,35.8149611678175,-43.512637921873086
42618,NJ,2021,2022,40.42795549374131,41.552395000649625,-1.1244395069083168,1.1244395069083168,-2.78134150781479
42624,NJ,2021,2022,42.62845046570703,45.495024192664175,-2.8665737269571423,2.8665737269571423,-6.724555304357571
42630,NJ,2021,2022,43.40933133732535,50.483447106523435,-7.074115769198087,7.074115769198087,-16.296302088199724
42636,NJ,2021,2022,43.38503674014696,44.531796648071165,-1.1467599079242063,1.1467599079242063,-2.643215251361158
42642,NJ,2021,2022,36.68749302065885,40.3154111322023,-3.627918111543451,3.627918111543451,-9.88870542203731
42648,NJ,2021,2022,36.11605902777778,37.48598172611832,-1.3699226983405381,1.3699226983405381,-3.7931123583746937
42654,NJ,2021,2022,63.22054187192119,65.83652720195437,-2.615985330033176,2.615985330033176,-4.137872363278559
42660,NJ,2021,2022,112.38629139072847,117.80220991004687,-5.415918519318396,5.415918519318396,-4.81902058720766
42666,NJ,2021,2022,42.58538570417552,43.48662113566164,-0.9012354314861213,0.9012354314861213,-2.1163021458738474
42672,NJ,2021,2022,41.80046911649726,41.076986190676756,0.7234829258205053,0.7234829258205053,1.7308009721234696
42684,NJ,2021,2022,37.88543689320388,40.79466729620409,-2.9092304030002083,2.9092304030002083,-7.679020334914188
43206,NJ,2021,2022,40.90387051372273,45.05209523327992,-4.1482247195571915,4.1482247195571915,-10.14139901055455
43212,NJ,2021,2022,44.54448651206815,47.221135444846055,-2.6766489327779084,2.6766489327779084,-6.008934308969397
43218,NJ,2021,2022,56.97351524879615,58.75364348734016,-1.780128238544016,1.780128238544016,-3.12448377245185
43224,NJ,2021,2022,73.6148097826087,74.22941202411297,-0.6146022415042722,0.6146022415042722,-0.8348893970102608
43230,NJ,2021,2022,67.67319502074689,65.61986284003552,2.053332180711365,2.053332180711365,3.0341883223953965
43236,NJ,2021,2022,37.78482202820685,41.16552409193842,-3.380702063731576,3.380702063731576,-8.9472488747144
43248,NJ,2021,2022,54.4373577749684,56.75678921812321,-2.319431443154812,2.319431443154812,-4.2607347930860495
43812,NJ,2021,2022,200.78178331735376,273.83401399876766,-73.0522306814139,73.0522306814139,-36.383893734995
43824,NJ,2021,2022,60.69137271568211,61.66543788045561,-0.9740651647735064,0.9740651647735064,-1.604948316685242
43830,NJ,2021,2022,59.61912762520194,62.87554738328547,-3.2564197580835312,3.2564197580835312,-5.462038590291267
43836,NJ,2021,2022,72.355672823219,75.38693171717081,-3.031258893951815,3.031258893951815,-4.189386644718037
43842,NJ,2021,2022,78.08588235294117,78.3131379301451,-0.22725557720393397,0.22725557720393397,-0.29103286068633916
43860,NJ,2021,2022,194.4432518597237,204.3457958658742,-9.90254400615052,9.90254400615052,-5.092768152887336
43866,NJ,2021,2022,256.7164835164835,208.2143053159885,48.502178200494996,48.502178200494996,18.893285517203932
44406,NJ,2021,2022,275.9105590062112,303.45833820272634,-27.547779196515137,27.547779196515137,-9.984314951822844
44418,NJ,2021,2022,95.7795061728395,99.15146165743668,-3.37195548459718,3.37195548459718,-3.5205396429088873
44430,NJ,2021,2022,154.0627931769723,166.73407630431274,-12.671283127340445,12.671283127340445,-8.224752301345667
44442,NJ,2021,2022,70.96524886877827,76.8905684076413,-5.925319538863022,5.925319538863022,-8.349607213834366
44460,NJ,2021,2022,122.85857226448216,136.78031361663437,-13.92174135215221,13.92174135215221,-11.331518098861157
44496,NJ,2021,2022,66.41764705882353,68.48462093520673,-2.0669738763832015,2.0669738763832015,-3.1120853687462957
44502,NJ,2021,2022,412.0897569444445,621.8707846090545,-209.78102766460995,209.78102766460995,-50.906634811816346
44508,NJ,2021,2022,95.9287037037037,96.54825309641862,-0.6195493927149158,0.6195493927149158,-0.6458435992510922
44514,NJ,2021,2022,84.07874762808349,95.03954013103169,-10.960792502948195,10.960792502948195,-13.03634130164795
44520,NJ,2021,2022,76.55542635658915,79.98397130279535,-3.428544946206202,3.428544946206202,-4.478513293409548
44526,NJ,2021,2022,97.53474576271186,94.38445803381693,3.150287728894938,3.150287728894938,3.229913303469452
44532,NJ,2021,2022,83.76170212765958,89.87637595093896,-6.114673823279389,6.114673823279389,-7.300083054616219
44538,NJ,2021,2022,375.8915,395.3631093650542,-19.471609365054178,19.471609365054178,-5.180114305605255
44544,NJ,2021,2022,95.0579570688379,110.8826084242333,-15.824651355395403,15.824651355395403,-16.647371607129852
44580,NJ,2021,2022,168.7998417721519,206.77925189230297,-37.97941012015107,37.97941012015107,-22.499671635602684
44592,NJ,2021,2022,120.2041095890411,138.17678549123298,-17.97267590219188,17.97267590219188,-14.951798206931215
44610,NJ,2021,2022,161.8173228346457,157.82231018946248,3.995012645183209,3.995012645183209,2.468841144569883
44616,NJ,2021,2022,140.312715855573,148.01485351079953,-7.702137655226522,7.702137655226522,-5.4892656080825235
44628,NJ,2021,2022,110.7993103448276,107.9841225799784,2.815187764849199,2.815187764849199,2.540798996029689
44634,NJ,2021,2022,78.9130081300813,81.40250359903588,-2.489495468954587,2.489495468954587,-3.1547339633167555
44640,NJ,2021,2022,100.91234042553192,107.76316420427933,-6.8508237787474116,6.8508237787474116,-6.788886027079082
44652,NJ,2021,2022,88.3991680532446,90.03458317745283,-1.6354151242082366,1.6354151242082366,-1.8500345198081427
44664,NJ,2021,2022,122.75104669887278,151.67505338832996,-28.924006689457173,28.924006689457173,-23.563144647077607
44676,NJ,2021,2022,201.61707953063885,217.25635422859847,-15.639274697959621,15.639274697959621,-7.756919569694983
44700,NJ,2021,2022,312.0132644272179,400.9620947076035,-88.94883028038561,88.94883028038561,-28.50802847874897
44712,NJ,2021,2022,247.19334565619224,312.20295608222796,-65.00961042603572,65.00961042603572,-26.29909403647704
44736,NJ,2021,2022,118.92363636363636,133.84691931648734,-14.923282952850982,14.923282952850982,-12.548626504507157
44742,NJ,2021,2022,99.8012658227848,107.69161536015655,-7.890349537371748,7.890349537371748,-7.90606158381046
44748,NJ,2021,2022,461.6986086956522,589.0393969743469,-127.34078827869473,127.34078827869473,-27.580933942696088
44760,NJ,2021,2022,98.30119760479042,96.78383920086114,1.5173584039292791,1.5173584039292791,1.543580791385328
44766,NJ,2021,2022,85.7943661971831,91.1394481404758,-5.345081943292712,5.345081943292712,-6.2301083162127355
44772,NJ,2021,2022,78.13126760563381,79.41884590916503,-1.2875783035312196,1.2875783035312196,-1.6479680197053097
44778,NJ,2021,2022,123.44481409001956,143.24376379240368,-19.79894970238412,19.79894970238412,-16.03870510748726
44790,NJ,2021,2022,97.96127167630058,111.40655719850405,-13.445285522203463,13.445285522203463,-13.725103086280404
44820,NJ,2021,2022,140.91923513820524,169.04625272681915,-28.12701758861391,28.12701758861391,-19.959672333609106
44880,NJ,2021,2022,98.31428571428572,105.00388506412659,-6.689599349840876,6.689599349840876,-6.804300413961949
44886,NJ,2021,2022,268.69632802937576,402.255089192018,-133.5587611626422,133.5587611626422,-49.7062100335218
45006,NJ,2021,2022,32.480208937899015,36.50211382459086,-4.021904886691843,4.021904886691843,-12.382632434358964
45012,NJ,2021,2022,43.93376168224299,47.27861092001271,-3.344849237769722,3.344849237769722,-7.613391409462743
45018,NJ,2021,2022,38.32903225806452,41.415755652414916,-3.0867233943503933,3.0867233943503933,-8.053225486017688
45024,NJ,2021,2022,41.32906666666667,44.90912754895104,-3.5800608822843714,3.5800608822843714,-8.66233179461518
45030,NJ,2021,2022,31.70846153846154,36.29938413216189,-4.590922593700352,4.590922593700352,-14.47854096652303
45036,NJ,2021,2022,88.60676982591876,96.04215111003775,-7.435381284118989,7.435381284118989,-8.391437018556152
45048,NJ,2021,2022,77.87946287519748,82.74316173186062,-4.863698856663149,4.863698856663149,-6.245162302232707
45072,NJ,2021,2022,93.91966666666669,98.74441913708436,-4.824752470417678,4.824752470417678,-5.137105615527111
45078,NJ,2021,2022,34.74400606980273,37.75502048007333,-3.0110144102705974,3.0110144102705974,-8.666284492989364
45084,NJ,2021,2022,37.97689282202557,42.151126462728875,-4.1742336407033065,4.1742336407033065,-10.991509127050973
45132,NJ,2021,2022,33.12497745716862,36.12635446065056,-3.0013770034819416,3.0013770034819416,-9.06076693142748
45144,NJ,2021,2022,33.01806358381503,35.91650164179515,-2.8984380579801226,2.8984380579801226,-8.778340530547935
45606,NJ,2021,2022,69.37022562449637,72.9954077953401,-3.625182170843729,3.625182170843729,-5.225847455747046
45618,NJ,2021,2022,74.08315565031982,71.47315040267138,2.610005247648445,2.610005247648445,3.5230751508047797
45624,NJ,2021,2022,104.51417322834644,111.5792578750052,-7.065084646658761,7.065084646658761,-6.759929709459311
45630,NJ,2021,2022,125.97126436781608,130.61484998887124,-4.643585621055166,4.643585621055166,-3.6862260963711804
45636,NJ,2021,2022,63.94965517241379,78.99557529173313,-15.04592011931934,15.04592011931934,-23.52775801332195
45642,NJ,2021,2022,98.69092702169624,100.8362781731375,-2.145351151441261,2.145351151441261,-2.173807883038353
45726,NJ,2021,2022,103.81689045936396,103.0762255017674,0.7406649575965645,0.7406649575965645,0.7134339646653892
45744,NJ,2021,2022,227.1229007633588,250.5578498708623,-23.434949107503485,23.434949107503485,-10.318179729449893
45756,NJ,2021,2022,243.4938118811881,398.01413625016926,-154.52032436898116,154.52032436898116,-63.459651469245046
45762,NJ,2021,2022,351.5943231441048,401.4977817688319,-49.90345862472708,49.90345862472708,-14.193476782693558
45768,NJ,2021,2022,91.23836206896551,96.80393886178452,-5.565576792819002,5.565576792819002,-6.100040231555316
45780,NJ,2021,2022,139.43701657458564,156.42108080089048,-16.984064226304838,16.984064226304838,-12.180455838439405
45786,NJ,2021,2022,158.99939516129032,268.54817145105784,-109.54877628976752,109.54877628976752,-68.8988635325564
45792,NJ,2021,2022,351.3853146853147,582.8957750470056,-231.5104603616909,231.5104603616909,-65.8850699463697
45840,NJ,2021,2022,185.64632034632035,213.1344902072408,-27.488169860920436,27.488169860920436,-14.806741016811795
45846,NJ,2021,2022,248.0496894409938,314.4032199680003,-66.35353052700651,66.35353052700651,-26.75009619102576
45852,NJ,2021,2022,153.1943579766537,165.2938994237674,-12.099541447113722,12.099541447113722,-7.898163879480243
45858,NJ,2021,2022,67.04103448275862,70.59047432336122,-3.549439840602602,3.549439840602602,-5.294428804668034
45864,NJ,2021,2022,58.94237804878049,61.74483629611762,-2.8024582473371282,2.8024582473371282,-4.754572754118988
45870,NJ,2021,2022,188.1134615384616,221.22356181749063,-33.11010027902904,33.11010027902904,-17.601132852610533
45876,NJ,2021,2022,99.2823803967328,106.50480040280821,-7.22242000607541,7.22242000607541,-7.274624134931687
45882,NJ,2021,2022,128.26408163265307,132.32228930751052,-4.058207674857442,4.058207674857442,-3.16394708729144
45888,NJ,2021,2022,171.58642857142857,196.58258989668087,-24.996161325252302,24.996161325252302,-14.567679701338859
45894,NJ,2021,2022,213.72166246851384,221.2932386095144,-7.571576141000548,7.571576141000548,-3.5427275146318014
45900,NJ,2021,2022,68.32933070866142,76.26792583996288,-7.938595131301469,7.938595131301469,-11.618136822018036
45912,NJ,2021,2022,148.37687642153145,179.9974511655758,-31.620574744044347,31.620574744044347,-21.310985583907186
45936,NJ,2021,2022,165.67516198704104,192.4764639562673,-26.801301969226273,26.801301969226273,-16.17701872011608
45942,NJ,2021,2022,82.46357388316152,92.35189654320817,-9.888322660046654,9.888322660046654,-11.991140080900351
45960,NJ,2021,2022,74.15558698727015,79.20171557582712,-5.046128588556968,5.046128588556968,-6.804785443102496
45966,NJ,2021,2022,142.73760984182778,146.08050735795132,-3.342897516123543,3.342897516123543,-2.341987875394521
45972,NJ,2021,2022,88.13503184713376,91.70112356594423,-3.566091718810469,3.566091718810469,-4.046168298884482
45978,NJ,2021,2022,96.36040353089534,97.47434000569078,-1.1139364747954374,1.1139364747954374,-1.1560105956159514
45996,NJ,2021,2022,142.7361993160723,202.97315701539708,-60.23695769932479,60.23695769932479,-42.201598464827576
46020,NJ,2021,2022,394.4660091047041,566.0442595902097,-171.57825048550558,171.57825048550558,-43.49633340396717
46050,NJ,2021,2022,178.38370206489677,240.77363357284167,-62.38993150794491,62.38993150794491,-34.97512989457253
46056,NJ,2021,2022,161.21006423982868,187.03542028552994,-25.825356045701255,25.825356045701255,-16.019692174603588
46062,NJ,2021,2022,292.1904761904762,409.13551522560215,-116.94503903512594,116.94503903512594,-40.02356290315588
46206,NJ,2021,2022,156.63776758409787,168.3105525577347,-11.672784973636823,11.672784973636823,-7.452088441805565
46212,NJ,2021,2022,205.33155339805825,275.48544541228625,-70.153892014228,70.153892014228,-34.16615267027509
46224,NJ,2021,2022,338.5116197183099,412.27200875643854,-73.76038903812866,73.76038903812866,-21.789618063778097
46266,NJ,2021,2022,226.22388059701493,274.12792410426704,-47.90404350725211,47.90404350725211,-21.17550250699935
46272,NJ,2021,2022,108.03486460348162,116.57035898089373,-8.535494377412107,8.535494377412107,-7.90068503231783
46296,NJ,2021,2022,158.92326621923937,162.37290470627227,-3.4496384870328995,3.4496384870328995,-2.170631506071629
46302,NJ,2021,2022,221.09339622641508,281.86187400665693,-60.76847778024185,60.76847778024185,-27.485433222985407
46308,NJ,2021,2022,96.91265432098766,97.2122173223247,-0.2995630013370487,0.2995630013370487,-0.3091061775533008
46314,NJ,2021,2022,130.79515859766278,152.23406146465453,-21.438902866991754,21.438902866991754,-16.39120522261812
46320,NJ,2021,2022,122.11120689655172,119.02257139317581,3.0886355033759116,3.0886355033759116,2.529362850366792
46326,NJ,2021,2022,82.74858490566038,75.4117905999104,7.336794305749976,7.336794305749976,8.866368306013298
46332,NJ,2021,2022,319.0637450199203,495.60412466234243,-176.54037964242212,176.54037964242212,-55.33075518542543
46338,NJ,2021,2022,218.27272727272728,682.3176076634553,-464.04488039072805,464.04488039072805,-212.59865407321982
46344,NJ,2021,2022,104.10159872102318,125.25166550730354,-21.150066786280362,21.150066786280362,-20.3167550221389
46356,NJ,2021,2022,139.22459821428572,174.1343218979817,-34.90972368369597,34.90972368369597,-25.07439355649289
46362,NJ,2021,2022,126.34336492890996,158.0545777500883,-31.711212821178336,31.711212821178336,-25.09923084526155
46368,NJ,2021,2022,114.3429081814934,138.91838484047173,-24.57547665897833,24.57547665897833,-21.49278608514167
46380,NJ,2021,2022,97.33730512249444,102.14527003498134,-4.807964912486895,4.807964912486895,-4.939488417556142
46386,NJ,2021,2022,94.0477536597678,99.57968568616879,-5.53193202640098,5.53193202640098,-5.882045887468609
46392,NJ,2021,2022,120.70240963855422,124.93343559032948,-4.2310259517752655,4.2310259517752655,-3.5053367736776404
46398,NJ,2021,2022,257.4858009708738,333.2230820597263,-75.73728108885251,75.73728108885251,-29.414158296604377
46404,NJ,2021,2022,60.451136363636365,63.03122707101298,-2.5800907073766126,2.5800907073766126,-4.268059895278717
46410,NJ,2021,2022,75.49573604060913,76.72575411116001,-1.2300180705508836,1.2300180705508836,-1.6292550216203696
46422,NJ,2021,2022,118.39904306220096,119.61399204109715,-1.2149489788961887,1.2149489788961887,-1.0261476338604485
46428,NJ,2021,2022,211.3985835694051,211.01927161562458,0.3793119537805296,0.3793119537805296,0.17942975178733694
46434,NJ,2021,2022,277.6904918032787,337.9224247563782,-60.23193295309949,60.23193295309949,-21.690311599062223
46440,NJ,2021,2022,82.06285714285714,105.37456684495662,-23.311709702099478,23.311709702099478,-28.407138763786705
46476,NJ,2021,2022,182.4266304347826,216.70812854850476,-34.281498113722165,34.281498113722165,-18.79193735696268
46482,NJ,2021,2022,111.38801204819278,117.771884504742,-6.383872456549227,6.383872456549227,-5.7312024329756435
46488,NJ,2021,2022,135.79243167484233,155.4740753830696,-19.681643708227256,19.681643708227256,-14.49391800815184
46500,NJ,2021,2022,265.1098901098901,325.0334091811498,-59.923519071259705,59.923519071259705,-22.60327558750107
46506,NJ,2021,2022,177.1890279114533,179.61458337597878,-2.4255554645254733,2.4255554645254733,-1.3689083873396475
46518,NJ,2021,2022,79.37537493952588,84.90465303421722,-5.529278094691335,5.529278094691335,-6.9659867419888775
46530,NJ,2021,2022,153.94092526690392,191.1010190072272,-37.160093740323276,37.160093740323276,-24.1391908460306
46536,NJ,2021,2022,117.43658536585366,138.53336181992069,-21.096776454067026,21.096776454067026,-17.964398733447176
46542,NJ,2021,2022,178.3367741935484,172.39220007341055,5.944574120137844,5.944574120137844,3.333341733369145
46548,NJ,2021,2022,96.64112903225806,95.77120432614498,0.8699247061130819,0.8699247061130819,0.9001599162016285
46560,NJ,2021,2022,569.2807053941908,788.9568210492474,-219.6761156550566,219.6761156550566,-38.58836485648057
46572,NJ,2021,2022,196.39304703476483,290.35597697800983,-93.962929943245,93.962929943245,-47.84432614185776
46584,NJ,2021,2022,117.94135802469135,134.664011084432,-16.722653059740637,16.722653059740637,-14.178786254300805
46806,NJ,2021,2022,54.636436950146624,57.61706056064185,-2.980623610495229,2.980623610495229,-5.455376991759032
46818,NJ,2021,2022,76.9689497716895,87.73510005767822,-10.76615028598873,10.76615028598873,-13.987653875912315
46926,NJ,2021,2022,119.8507658643326,128.91692315073755,-9.066157286404945,9.066157286404945,-7.564538466669088
46932,NJ,2021,2022,107.60192307692309,113.08863137973397,-5.486708302810882,5.486708302810882,-5.09908015202341
46938,NJ,2021,2022,74.40321715817694,90.42735988820708,-16.024142730030135,16.024142730030135,-21.536894965124603
46950,NJ,2021,2022,102.5798715203426,143.2075383545253,-40.62766683418269,40.62766683418269,-39.60588586438794
46956,NJ,2021,2022,96.10779661016949,113.35792578999599,-17.2501291798265,17.2501291798265,-17.948730267738974
46962,NJ,2021,2022,70.58955223880596,74.44601571321486,-3.8564634744088977,3.8564634744088977,-5.46322132964153
46968,NJ,2021,2022,90.09194444444444,90.12192016642325,-0.029975721978814818,0.029975721978814818,-0.033272366540273164
46980,NJ,2021,2022,196.78246153846155,293.40169933981383,-96.61923780135228,96.61923780135228,-49.09951681972829
46992,NJ,2021,2022,87.15263157894736,99.70922622392536,-12.556594644977991,12.556594644977991,-14.407590932700154
47004,NJ,2021,2022,160.45628997867803,182.65108975349,-22.19479977481197,22.19479977481197,-13.832302727279366
47016,NJ,2021,2022,130.86666666666667,139.00011662154816,-8.133449954881485,8.133449954881485,-6.215066190688857
47028,NJ,2021,2022,96.88058823529413,100.16520595943211,-3.2846177241379877,3.2846177241379877,-3.3903775606322997
47040,NJ,2021,2022,92.1346081504702,101.6450713025119,-9.510463152041694,9.510463152041694,-10.32235697633795
47058,NJ,2021,2022,86.1984399375975,83.1787795823667,3.0196603552307977,3.0196603552307977,3.5031496595725518
47082,NJ,2021,2022,79.46631578947368,77.37179628306052,2.094519506413164,2.094519506413164,2.635732493201364
47088,NJ,2021,2022,104.02339449541284,105.52435176004984,-1.5009572646369946,1.5009572646369946,-1.4429035621435933
47094,NJ,2021,2022,112.0076062639821,110.20777466860841,1.7998315953736892,1.7998315953736892,1.606883367484709
47100,NJ,2021,2022,87.66209912536443,95.69337227813676,-8.031273152772329,8.031273152772329,-9.161625414977696
47106,NJ,2021,2022,99.755,108.54454458200664,-8.789544582006641,8.789544582006641,-8.811131855051519
47112,NJ,2021,2022,107.71121076233185,109.34833770990451,-1.6371269475726677,1.6371269475726677,-1.5199225187293082
47118,NJ,2021,2022,165.99695512820512,185.41019138869154,-19.41323626048643,19.41323626048643,-11.694935154378538
47136,NJ,2021,2022,106.19114391143911,134.65413462865524,-28.46299071721613,28.46299071721613,-26.803544691969407
47142,NJ,2021,2022,68.37947368421052,71.86174986208081,-3.4822761778702898,3.4822761778702898,-5.092575286484518
47160,NJ,2021,2022,94.08207771609834,100.42522765433084,-6.3431499382325,6.3431499382325,-6.742144829511059
47178,NJ,2021,2022,82.69095238095238,79.99406321543029,2.6968891655220943,2.6968891655220943,3.2614077935608767
47190,NJ,2021,2022,104.33537414965988,110.19446539589102,-5.859091246231131,5.859091246231131,-5.615632563723576
47196,NJ,2021,2022,108.14955175224124,118.77465044900629,-10.62509869676505,10.62509869676505,-9.824450055147697
47214,NJ,2021,2022,163.5549689440994,183.37239817117847,-19.81742922707909,19.81742922707909,-12.116678175551112
47226,NJ,2021,2022,157.82045454545454,167.98522962043995,-10.164775074985414,10.164775074985414,-6.440720947269743
47244,NJ,2021,2022,87.7916488222698,90.35868228262036,-2.567033460350558,2.567033460350558,-2.924006434310626
47256,NJ,2021,2022,120.95380333951762,124.00439325160077,-3.0505899120831543,3.0505899120831543,-2.5221116061312605
47292,NJ,2021,2022,85.81622691292876,89.4537125161704,-3.637485603241643,3.637485603241643,-4.238692068030823
47310,NJ,2021,2022,77.90520393811533,85.9512684243496,-8.046064486234272,8.046064486234272,-10.32801928434169
47406,NJ,2021,2022,453.19104744852285,606.0377598923159,-152.84671244379302,152.84671244379302,-33.726772252965695
47520,NJ,2021,2022,256.23012490815574,323.2651464794818,-67.03502157132607,67.03502157132607,-26.16203758061407
47526,NJ,2021,2022,153.5693304535637,187.0283111095252,-33.45898065596148,33.45898065596148,-21.78754088276683
47532,NJ,2021,2022,210.31265625,250.4512378391932,-40.138581589193194,40.138581589193194,-19.085195491744543
47544,NJ,2021,2022,339.32331606217616,388.0171315844462,-48.69381552227003,48.69381552227003,-14.350271029812633
47562,NJ,2021,2022,133.47556561085972,142.62427106658703,-9.14870545572731,9.14870545572731,-6.854217409649217
47568,NJ,2021,2022,363.6299892125135,462.98806455196535,-99.35807533945183,99.35807533945183,-27.323949698049997
47580,NJ,2021,2022,243.87857142857143,321.1419877633893,-77.26341633481786,77.26341633481786,-31.681100919293854
47586,NJ,2021,2022,760.1114457831326,768.015319243054,-7.903873459921442,7.903873459921442,-1.0398308700348786
47592,NJ,2021,2022,244.07222222222225,376.22973653849516,-132.1575143162729,132.1575143162729,-54.14688861887219
47598,NJ,2021,2022,163.35,183.35028610980328,-20.000286109803284,20.000286109803284,-12.243823758679696
47604,NJ,2021,2022,436.52972972972975,463.35788445553135,-26.828154725801596,26.828154725801596,-6.145779519395348
47610,NJ,2021,2022,349.1322580645161,410.10038112317017,-60.968123058654044,60.968123058654044,-17.462758496348325
47616,NJ,2021,2022,156.38137583892615,179.04460029215352,-22.66322445322737,22.66322445322737,-14.492278464521661
47640,NJ,2021,2022,263.0250663129973,323.33212092953767,-60.30705461654037,60.30705461654037,-22.92825374474977
47670,NJ,2021,2022,365.4632608695652,461.128549660169,-95.66528879060382,95.66528879060382,-26.176444812258985
47676,NJ,2021,2022,183.428025477707,213.52174837718468,-30.093722899477683,30.093722899477683,-16.40628405670492
47700,NJ,2021,2022,151.15705128205127,183.56614749730602,-32.40909621525475,32.40909621525475,-21.440677719216055
47760,NJ,2021,2022,207.142899408284,253.3449562082015,-46.2020567999175,46.2020567999175,-22.304436662756206
47844,NJ,2021,2022,213.36229773462784,286.5106076577381,-73.14830992311025,73.14830992311025,-34.28361556833692
47856,NJ,2021,2022,662.3931034482758,896.0522027173706,-233.65909926909478,233.65909926909478,-35.274989738376775
47880,NJ,2021,2022,133.744,146.4099672569534,-12.665967256953394,12.665967256953394,-9.470306897470836
47886,NJ,2021,2022,142.1586744639376,166.50888532569883,-24.35021086176124,24.35021086176124,-17.128895548289833
48012,NJ,2021,2022,91.66806722689076,98.2886508913732,-6.620583664482439,6.620583664482439,-7.222344557669801
48018,NJ,2021,2022,158.91420079260237,176.79295726573997,-17.8787564731376,17.8787564731376,-11.250571933763817
48024,NJ,2021,2022,73.12145214521452,75.9329091007487,-2.811456955534183,2.811456955534183,-3.8449140068372953
48030,NJ,2021,2022,82.63721413721414,98.78180211029697,-16.14458797308282,16.14458797308282,-19.53670406443724
48042,NJ,2021,2022,75.53582089552239,76.93677231229519,-1.4009514167727986,1.4009514167727986,-1.8546848371589537
48048,NJ,2021,2022,176.1592841163311,205.5683885784834,-29.4091044621523,29.4091044621523,-16.694609432410772
48054,NJ,2021,2022,83.65836627140975,85.88346871789764,-2.2251024464878952,2.2251024464878952,-2.6597488639320037
48060,NJ,2021,2022,59.51292639138241,65.46631478620077,-5.9533883948183615,5.9533883948183615,-10.003521513404227
48072,NJ,2021,2022,75.42947421638019,77.83283902979169,-2.4033648134114998,2.4033648134114998,-3.1862409732793653
48084,NJ,2021,2022,64.48,59.801272093925306,4.678727906074698,4.678727906074698,7.256091665748602
48090,NJ,2021,2022,56.99021406727829,59.05312132432496,-2.0629072570466747,2.0629072570466747,-3.6197569895269464
48096,NJ,2021,2022,76.5298364354202,82.32996414970872,-5.8001277142885215,5.8001277142885215,-7.578910375932877
48114,NJ,2021,2022,81.63125,77.38525347158948,4.245996528410515,4.245996528410515,5.20143514696947
48120,NJ,2021,2022,111.75506329113924,127.67599130318659,-15.920928012047355,15.920928012047355,-14.246269961452104
48126,NJ,2021,2022,55.24261945392492,56.55502131572182,-1.3124018617969,1.3124018617969,-2.3757053426684593
48132,NJ,2021,2022,115.9657894736842,125.85904850325845,-9.893259029574253,9.893259029574253,-8.531187580816066
48156,NJ,2021,2022,89.36896551724138,92.47908295170129,-3.1101174344599087,3.1101174344599087,-3.480086645805354
48162,NJ,2021,2022,74.58677042801557,75.41182644632305,-0.8250560183074782,0.8250560183074782,-1.1061693830861707
48168,NJ,2021,2022,73.47364253393665,77.42918583508255,-3.9555433011458945,3.9555433011458945,-5.383622159904313
48174,NJ,2021,2022,67.76032388663968,70.40837255962869,-2.648048672989006,2.648048672989006,-3.9079634232845253
48180,NJ,2021,2022,53.81700468018721,57.2109978260405,-3.393993145853287,3.393993145853287,-6.30654412303773
48186,NJ,2021,2022,61.27893864013267,63.209237407710674,-1.9302987675780017,1.9302987675780017,-3.1500199096363173
48198,NJ,2021,2022,297.2137761377614,242.57101742175524,54.64275871600614,54.64275871600614,18.385002009691068
48204,NJ,2021,2022,115.57067745197168,127.19021778488444,-11.619540332912763,11.619540332912763,-10.054055742419228
48210,NJ,2021,2022,117.65274151436032,123.99783699921805,-6.345095484857737,6.345095484857737,-5.393070661326897
48216,NJ,2021,2022,118.0466463414634,126.95316471027651,-8.90651836881311,8.90651836881311,-7.544914357880179
48222,NJ,2021,2022,80.86917355371901,89.08278014800936,-8.213606594290354,8.213606594290354,-10.156659495022906
48246,NJ,2021,2022,104.5625,111.418334097192,-6.855834097192002,6.855834097192002,-6.556685329053917
48258,NJ,2021,2022,139.44787752261655,160.22309195662677,-20.775214434010223,20.775214434010223,-14.89819336306554
48270,NJ,2021,2022,54.29210526315789,52.05275764576001,2.2393476173978826,2.2393476173978826,4.12462844559738
48276,NJ,2021,2022,57.229342027267336,58.7067665370227,-1.477424509755366,1.477424509755366,-2.581585699607443
48288,NJ,2021,2022,106.81863354037267,108.79287213255003,-1.9742385921773575,1.9742385921773575,-1.8482155469917927
48294,NJ,2021,2022,65.7057761732852,63.85774481091279,1.84803136237241,1.84803136237241,2.8125858486149147
48300,NJ,2021,2022,88.80652472527473,99.06555120537953,-10.259026480104808,10.259026480104808,-11.552108937762592
48306,NJ,2021,2022,79.59982269503546,79.77997828787716,-0.18015559284170024,0.18015559284170024,-0.22632662579151236
48312,NJ,2021,2022,61.55530227948464,64.81967974918811,-3.2643774697034686,3.2643774697034686,-5.3031621140969225
48318,NJ,2021,2022,111.74269617706236,133.13696301231846,-21.394266835256104,21.394266835256104,-19.14600915066138
48324,NJ,2021,2022,112.86936082474227,134.48553049468217,-21.616169669939893,21.616169669939893,-19.15149471210736
48330,NJ,2021,2022,156.92668918918918,187.7525929938978,-30.825903804708616,30.825903804708616,-19.643506126319423
48336,NJ,2021,2022,163.19828326180257,177.50991278315814,-14.31162952135557,14.31162952135557,-8.769473082260838
48342,NJ,2021,2022,245.8165242165242,323.00532965650393,-77.18880543997975,77.18880543997975,-31.40098318695167
48354,NJ,2021,2022,71.49633333333334,68.31187608483276,3.1844572485005784,3.1844572485005784,4.454014772553247
48360,NJ,2021,2022,77.27341678939617,78.85409350415502,-1.5806767147588516,1.5806767147588516,-2.045563377981443
48366,NJ,2021,2022,107.11616766467066,101.8599149228268,5.256252741843852,5.256252741843852,4.907058249412598
48372,NJ,2021,2022,169.3467418546366,186.74248903991003,-17.39574718527342,17.39574718527342,-10.272265645479932
48378,NJ,2021,2022,61.26118421052632,63.13778455122918,-1.8766003407028649,1.8766003407028649,-3.0632779383660926
48390,NJ,2021,2022,69.39590792838875,76.55011969011954,-7.154211761730792,7.154211761730792,-10.309270352242368
48396,NJ,2021,2022,49.89845360824742,52.315507958121174,-2.4170543498737516,2.4170543498737516,-4.843946405333592
48402,NJ,2021,2022,88.72696629213483,84.33703962999945,4.38992666213538,4.38992666213538,4.94768033393758
48408,NJ,2021,2022,60.87852760736196,63.88821563449726,-3.0096880271352973,3.0096880271352973,-4.943759557633157
48414,NJ,2021,2022,52.8089552238806,55.23866403757344,-2.429708813692841,2.429708813692841,-4.600940888514508
48420,NJ,2021,2022,67.30567484662576,70.83956513621057,-3.5338902895848037,3.5338902895848037,-5.250508664592891
48426,NJ,2021,2022,86.66507276507276,95.09143830291278,-8.426365537840013,8.426365537840013,-9.722908282419345
48450,NJ,2021,2022,76.58551587301588,83.61691587059993,-7.031399997584046,7.031399997584046,-9.181109400950692
48462,NJ,2021,2022,110.73402985074628,116.9813394991175,-6.247309648371214,6.247309648371214,-5.641725183118233
48468,NJ,2021,2022,63.16125907990315,63.98613979948095,-0.8248807195778056,0.8248807195778056,-1.305991570773276
48474,NJ,2021,2022,61.04094827586207,64.5700851824156,-3.529136906553525,3.529136906553525,-5.781589254813528
48480,NJ,2021,2022,110.1549059481444,117.06148466024034,-6.906578712095936,6.906578712095936,-6.269878452210942
48486,NJ,2021,2022,75.63221789883268,75.83815933384861,-0.2059414350159301,0.2059414350159301,-0.2722932643485372
48498,NJ,2021,2022,72.0973282442748,72.14066331203044,-0.04333506775563478,0.04333506775563478,-0.060106343481703135
48504,NJ,2021,2022,74.14602272727272,75.62869926599865,-1.4826765387259258,1.4826765387259258,-1.9996710331713599
48510,NJ,2021,2022,113.3560418648906,108.31906467439313,5.036977190497467,5.036977190497467,4.443501297002815
48516,NJ,2021,2022,84.14072398190045,88.0463357804643,-3.9056117985638537,3.9056117985638537,-4.641761579569949
48522,NJ,2021,2022,73.70581570996978,89.82048619260907,-16.114670482639283,16.114670482639283,-21.863499273992215
48528,NJ,2021,2022,101.2180790960452,113.65978049439858,-12.441701398353374,12.441701398353374,-12.291975415328245
48534,NJ,2021,2022,73.10804020100502,77.79349465622217,-4.68545445521714,4.68545445521714,-6.4089455035791385
48540,NJ,2021,2022,86.69684684684685,87.01314181846553,-0.3162949716186745,0.3162949716186745,-0.3648286911488501
48546,NJ,2021,2022,78.16078431372549,88.73677551003962,-10.575991196314135,10.575991196314135,-13.531070970147532
48552,NJ,2021,2022,92.98177083333331,102.92775888670685,-9.94598805337354,9.94598805337354,-10.696707498936957
48558,NJ,2021,2022,57.84122448979592,59.315700318241774,-1.4744758284458541,1.4744758284458541,-2.549178101694535
48564,NJ,2021,2022,77.23180722891566,82.38248786787565,-5.150680638959997,5.150680638959997,-6.669118364268417
48576,NJ,2021,2022,74.49619358346928,81.39354231375793,-6.897348730288655,6.897348730288655,-9.258659266342944
48582,NJ,2021,2022,83.44294117647058,82.60427918863395,0.8386619878366304,0.8386619878366304,1.0050724195626966
48588,NJ,2021,2022,95.63181818181818,120.25494787637145,-24.62312969455327,24.62312969455327,-25.747842258670662
48612,NJ,2021,2022,35.03581560283688,37.18264885460369,-2.1468332517668145,2.1468332517668145,-6.127538962138457
48618,NJ,2021,2022,35.44288659793814,36.61935108100388,-1.176464483065736,1.176464483065736,-3.3193246825843348
48624,NJ,2021,2022,30.434563758389263,33.521671104973706,-3.0871073465844425,3.0871073465844425,-10.143425649508394
48630,NJ,2021,2022,32.29267461669506,35.22430488660533,-2.931630269910272,2.931630269910272,-9.078313594980585
48636,NJ,2021,2022,83.34850894632207,86.02434848491929,-2.6758395385972165,2.6758395385972165,-3.2104228047084864
48642,NJ,2021,2022,68.79623493975903,73.06277798528306,-4.266543045524031,4.266543045524031,-6.201710092507245
48648,NJ,2021,2022,106.53076109936576,113.32633720392334,-6.795576104557583,6.795576104557583,-6.37898015036151
48654,NJ,2021,2022,67.21950171821305,67.80060817131528,-0.5811064531022225,0.5811064531022225,-0.8644908668592114
48660,NJ,2021,2022,46.65014272121789,50.072949884265604,-3.4228071630477146,3.4228071630477146,-7.337184761689739
49206,NJ,2021,2022,68.57118055555556,71.80852053311781,-3.2373399775622573,3.2373399775622573,-4.721137876486468
49212,NJ,2021,2022,257.4746835443038,290.73438953755436,-33.25970599325058,33.25970599325058,-12.917660694018318
49218,NJ,2021,2022,113.89027431421448,130.15761734518696,-16.267343030972484,16.267343030972484,-14.283346957346103
49224,NJ,2021,2022,90.87847533632286,103.27489885647908,-12.396423520156219,12.396423520156219,-13.640659654862782
49230,NJ,2021,2022,70.87350369872226,74.14064151841258,-3.267137819690319,3.267137819690319,-4.609815585777539
49260,NJ,2021,2022,80.38112359550561,87.52733236717046,-7.1462087716648455,7.1462087716648455,-8.890406667647545
49290,NJ,2021,2022,70.03145400593472,73.49906050968767,-3.467606503752947,3.467606503752947,-4.951498655816984
49326,NJ,2021,2022,134.72063492063492,172.61040210701907,-37.88976718638415,37.88976718638415,-28.1246946384311
49338,NJ,2021,2022,99.9467248908297,114.88911587762946,-14.942390986799765,14.942390986799765,-14.950355805176322
49350,NJ,2021,2022,86.31940928270042,97.08378758117881,-10.764378298478391,10.764378298478391,-12.470403108557553
49356,NJ,2021,2022,141.42924836601307,183.02850605028272,-41.599257684269645,41.599257684269645,-29.413475758997514
49380,NJ,2021,2022,96.0037617554859,112.55711915988088,-16.553357404394987,16.553357404394987,-17.242404986749477
49392,NJ,2021,2022,37.08900778210117,39.84863551799969,-2.759627735898519,2.759627735898519,-7.440554225962042
49404,NJ,2021,2022,72.2852127220157,78.27919509915914,-5.993982377143439,5.993982377143439,-8.29212801820789
49446,NJ,2021,2022,99.48166666666668,100.56427108445945,-1.0826044177927656,1.0826044177927656,-1.0882451551804508
49452,NJ,2021,2022,52.76681818181818,57.97453585812038,-5.207717676302202,5.207717676302202,-9.869303959844638
49458,NJ,2021,2022,146.76363636363635,163.15660554479672,-16.392969181160367,16.392969181160367,-11.169639556043363
49464,NJ,2021,2022,68.16936936936936,76.93292904576441,-8.763559676395047,8.763559676395047,-12.85556806152998
49482,NJ,2021,2022,203.1877551020408,313.1208692532092,-109.93311415116841,109.93311415116841,-54.10420234032314
49506,NJ,2021,2022,54.74740124740125,58.51133331817316,-3.763932070771908,3.763932070771908,-6.8750881046624555
49560,NJ,2021,2022,72.1866935483871,82.0128308980876,-9.826137349700502,9.826137349700502,-13.612117229214817
49620,NJ,2021,2022,71.93516483516484,75.39492322149987,-3.459758386335025,3.459758386335025,-4.809550925841146
49812,NJ,2021,2022,56.87845659163988,58.2976325946051,-1.4191760029652158,1.4191760029652158,-2.4951028702382363
49860,NJ,2021,2022,68.12555555555555,65.44529122928788,2.6802643262676753,2.6802643262676753,3.9343008719862147
49866,NJ,2021,2022,56.66494845360825,55.404753872519144,1.2601945810891024,1.2601945810891024,2.2239402231536967
49872,NJ,2021,2022,65.46699507389162,66.32504960498862,-0.8580545310969967,0.8580545310969967,-1.3106673525010935
49884,NJ,2021,2022,57.42727272727273,49.56275698543443,7.8645157418382965,7.8645157418382965,13.69474009185076
49902,NJ,2021,2022,74.35762711864406,75.64321895088811,-1.2855918322440516,1.2855918322440516,-1.728930685473298
49908,NJ,2021,2022,84.4641541038526,90.12450322595156,-5.660349122098964,5.660349122098964,-6.701480861501675
49914,NJ,2021,2022,81.86,78.22340381757331,3.636596182426686,3.636596182426686,4.442458077726223
49932,NJ,2021,2022,96.14891944990175,86.32314404411399,9.825775405787766,9.825775405787766,10.219330037200752
49938,NJ,2021,2022,81.26756756756757,83.26724724641147,-1.9996796788439042,1.9996796788439042,-2.460612195857011
49944,NJ,2021,2022,52.31428571428572,48.20742248682787,4.106863227457843,4.106863227457843,7.850366628128046
49956,NJ,2021,2022,56.857317073170734,55.80966859127755,1.0476484818931837,1.0476484818931837,1.8425921865869006
49962,NJ,2021,2022,56.05,51.38155151570959,4.668448484290408,4.668448484290408,8.329078473310274
49968,NJ,2021,2022,68.69090909090909,74.187323177854,-5.49641408694491,5.49641408694491,-8.001661587664637
49980,NJ,2021,2022,69.1724404378622,73.60193438563313,-4.429493947770922,4.429493947770922,-6.403553090988526
49992,NJ,2021,2022,60.02359686179843,64.69147336721642,-4.667876505417986,4.667876505417986,-7.776735733057713
50040,NJ,2021,2022,85.0093023255814,85.39858759650505,-0.38928527092365073,0.38928527092365073,-0.45793255593688736
50046,NJ,2021,2022,56.23170731707317,57.385713566712326,-1.1540062496391528,1.1540062496391528,-2.052234059215149
50058,NJ,2021,2022,99.6406113537118,102.98128281558103,-3.3406714618692206,3.3406714618692206,-3.3527207596210458
50064,NJ,2021,2022,80.94867549668874,79.39513240938673,1.5535430873020033,1.5535430873020033,1.9191704839760497
50070,NJ,2021,2022,60.142857142857146,57.645076310843166,2.49778083201398,2.49778083201398,4.1530797681942655
50076,NJ,2021,2022,53.16052631578948,49.914975390088514,3.245550925700968,3.245550925700968,6.105189603318487
50088,NJ,2021,2022,61.81428571428572,72.13938288278678,-10.32509716850106,10.32509716850106,-16.703415802982992
50094,NJ,2021,2022,52.57125,54.038816366640646,-1.4675663666406464,1.4675663666406464,-2.7915759405390714
50100,NJ,2021,2022,73.22972972972973,66.26753435510821,6.9621953746215155,6.9621953746215155,9.507334521535196
50118,NJ,2021,2022,64.26153846153846,61.17049086565975,3.091047595878713,3.091047595878713,4.81010518870281
50160,NJ,2021,2022,52.42383521333987,54.1879104187174,-1.7640752053775302,1.7640752053775302,-3.365025084865672
50166,NJ,2021,2022,90.0412834224599,97.27665360282344,-7.235370180363546,7.235370180363546,-8.035614226439108
50406,NJ,2021,2022,38.72208513263418,44.7543024185554,-6.03221728592122,6.03221728592122,-15.578234656680179
50412,NJ,2021,2022,177.2541095890411,194.9097750765403,-17.65566548749922,17.65566548749922,-9.960652268335785
50418,NJ,2021,2022,202.0960784313725,284.0240316734659,-81.92795324209342,81.92795324209342,-40.53911084173482
50436,NJ,2021,2022,89.84034334763949,115.69797914087287,-25.857635793233385,25.857635793233385,-28.78176421607897
51006,NJ,2021,2022,148.81863905325443,174.6404727415739,-25.821833688319458,25.821833688319458,-17.351209399972518
51012,NJ,2021,2022,236.2121100917431,302.205525874268,-65.99341578252489,65.99341578252489,-27.938201710697015
51030,NJ,2021,2022,94.16246215943492,97.45798985502459,-3.2955276955896693,3.2955276955896693,-3.49983169515015
51060,NJ,2021,2022,180.8837301587301,172.88785946384985,7.995870694880239,7.995870694880239,4.420447702987802
51066,NJ,2021,2022,83.15510204081633,71.99786590292437,11.157236137891957,11.157236137891957,13.417380129502426
51072,NJ,2021,2022,157.50590163934427,189.59219211300905,-32.086290473664775,32.086290473664775,-20.37148458547014
51084,NJ,2021,2022,126.87991452991452,139.76602528157264,-12.886110751658123,12.886110751658123,-10.15614709341561
51090,NJ,2021,2022,151.48219178082192,149.25295296566685,2.229238815155071,2.229238815155071,1.4716177452598087
51108,NJ,2021,2022,77.32236842105263,77.78252840438125,-0.46015998332862296,0.46015998332862296,-0.5951188417080805
51120,NJ,2021,2022,92.29391361256543,105.36093328246503,-13.067019669899594,13.067019669899594,-14.158051336681613
51150,NJ,2021,2022,164.0,237.85812254796866,-73.85812254796866,73.85812254796866,-45.03544057802967
51162,NJ,2021,2022,103.51193809874724,103.30125632213237,0.21068177661486232,0.21068177661486232,0.2035337956998528
51168,NJ,2021,2022,117.20434782608696,149.03366497954227,-31.829317153455307,31.829317153455307,-27.15711297731469
51180,NJ,2021,2022,145.79481865284973,171.8873951344026,-26.092576481552868,26.092576481552868,-17.896778995748527
51198,NJ,2021,2022,92.5875,94.60483439385523,-2.017334393855222,2.017334393855222,-2.1788409816176286
51204,NJ,2021,2022,231.4798751950078,250.61995237362936,-19.140077178621567,19.140077178621567,-8.268570718079578
51210,NJ,2021,2022,177.1583969465649,173.82850374292036,3.329893203644531,3.329893203644531,1.879613532882048
51216,NJ,2021,2022,153.75216473072862,162.51473624800536,-8.76257151727674,8.76257151727674,-5.699153265661612
51240,NJ,2021,2022,271.7008996851102,428.48786916031327,-156.78696947520308,156.78696947520308,-57.70572333654859
51252,NJ,2021,2022,150.78011363636364,296.7006656175331,-145.92055198116947,145.92055198116947,-96.77705399074445
51300,NJ,2021,2022,249.23812038014785,294.9592823322178,-45.72116195206996,45.72116195206996,-18.34436958613483
51306,NJ,2021,2022,166.9303886925795,173.83516987771196,-6.904781185132464,6.904781185132464,-4.13632367312603
51318,NJ,2021,2022,153.35897435897436,204.22704080015626,-50.868066441181895,50.868066441181895,-33.169279237687576
51324,NJ,2021,2022,66.94564102564102,68.16426252996747,-1.2186215043264497,1.2186215043264497,-1.8203149385927941
51348,NJ,2021,2022,300.8201612903226,390.8957515471384,-90.07559025681581,90.07559025681581,-29.94333553657115
51354,NJ,2021,2022,162.77439024390245,175.41415702702102,-12.639766783118574,12.639766783118574,-7.76520604020021
51360,NJ,2021,2022,171.8659217877095,202.31425767067907,-30.44833588296956,30.44833588296956,-17.716331176217494
51372,NJ,2021,2022,72.192578125,79.57199424769506,-7.379416122695062,7.379416122695062,-10.221848719570247
51648,NJ,2021,2022,33.59318181818182,40.69572378731297,-7.102541969131153,7.102541969131153,-21.142808107825637
51654,NJ,2021,2022,35.282459016393446,37.783893368605035,-2.5014343522115894,2.5014343522115894,-7.089739269729859
51660,NJ,2021,2022,57.63360655737705,61.640707401129106,-4.007100843752056,4.007100843752056,-6.952715755802637
51666,NJ,2021,2022,34.767379182156134,37.11061947349604,-2.343240291339903,2.343240291339903,-6.739766834488744
51708,NJ,2021,2022,50.42987341772152,52.3359265243519,-1.906053106630381,1.906053106630381,-3.779611126211109
51714,NJ,2021,2022,83.12957969865187,88.2517754225184,-5.12219572386654,5.12219572386654,-6.161700495100191
51720,NJ,2021,2022,97.23178170144462,98.09042841693434,-0.8586467154897264,0.8586467154897264,-0.8830926477581651
51768,NJ,2021,2022,87.54495726495726,92.43652217753055,-4.891564912573287,4.891564912573287,-5.587489063212207
51774,NJ,2021,2022,41.97920489296636,44.62575980405566,-2.6465549110893036,2.6465549110893036,-6.304442682602442
51828,NJ,2021,2022,55.64616048317515,61.236282489352035,-5.590122006176884,5.590122006176884,-10.045835970780196
51840,NJ,2021,2022,61.3468085106383,65.39138960527026,-4.044581094631965,4.044581094631965,-6.592977194454354
51846,NJ,2021,2022,59.17453416149068,64.73287406293521,-5.558339901444526,5.558339901444526,-9.39312827757207
51888,NJ,2021,2022,109.5962915601023,121.80093311127892,-12.204641551176621,12.204641551176621,-11.135998652366471
52140,NJ,2021,2022,100.42889305816136,116.63847183855813,-16.209578780396768,16.209578780396768,-16.14035392285895
52146,NJ,2021,2022,162.39735894357744,171.54974030090983,-9.152381357332388,9.152381357332388,-5.635794459263495
52206,NJ,2021,2022,92.35784716516024,94.62073426631895,-2.262887101158711,2.262887101158711,-2.4501297622410694
52326,NJ,2021,2022,83.60509383378016,90.05746308124263,-6.452369247462471,6.452369247462471,-7.717674787006133
52332,NJ,2021,2022,72.02090592334494,72.39857647240275,-0.37767054905781094,0.37767054905781094,-0.5243901672936224
52338,NJ,2021,2022,83.05800344234079,88.76797975862479,-5.709976316283999,5.709976316283999,-6.874685255645338
52344,NJ,2021,2022,88.68872246696036,95.60239023253548,-6.913667765575127,6.913667765575127,-7.79543054997856
52380,NJ,2021,2022,206.17849462365592,235.70174077629224,-29.523246152636318,29.523246152636318,-14.319265550234048
52386,NJ,2021,2022,87.19023539668702,93.3129252340646,-6.122689837377578,6.122689837377578,-7.022219643657738
52398,NJ,2021,2022,53.50510948905109,56.409147387678146,-2.9040378986270596,2.9040378986270596,-5.42758986264914
52404,NJ,2021,2022,92.07289002557545,96.94716243799644,-4.874272412420993,4.874272412420993,-5.293927898936427
52410,NJ,2021,2022,154.99481865284974,200.60548645559948,-45.61066780274973,45.61066780274973,-29.427220986597234
52416,NJ,2021,2022,170.5875901875902,204.20972989302948,-33.62213970543928,33.62213970543928,-19.709604707157183
52428,NJ,2021,2022,487.1898305084746,414.0247422605728,73.16508824790179,73.16508824790179,15.017778218305624
52446,NJ,2021,2022,103.94013605442176,109.62246118479318,-5.682325130371424,5.682325130371424,-5.4669210047947505
52452,NJ,2021,2022,127.2146501457726,169.09188956444137,-41.87723941866878,41.87723941866878,-32.918566667190085
52500,NJ,2021,2022,278.0627358490566,353.5450485344616,-75.48231268540502,75.48231268540502,-27.145785088721773
52506,NJ,2021,2022,85.36952380952381,106.38397443028154,-21.014450620757728,21.014450620757728,-24.615869555094505
52512,NJ,2021,2022,130.3984496124031,187.1343993210054,-56.73594970860228,56.73594970860228,-43.50968119425073
52518,NJ,2021,2022,88.9474835230677,103.19257478220476,-14.245091259137055,14.245091259137055,-16.015170632053604
52530,NJ,2021,2022,89.35065034429992,94.0732159924802,-4.722565648180279,4.722565648180279,-5.285429518400313
52542,NJ,2021,2022,59.33890625,72.1209735275221,-12.782067277522096,12.782067277522096,-21.540786787795057
52548,NJ,2021,2022,88.66430155210644,106.95768611887566,-18.29338456676922,18.29338456676922,-20.63218707702617
52554,NJ,2021,2022,63.26598746081505,82.53188076710924,-19.265893306294195,19.265893306294195,-30.452213076144396
52806,NJ,2021,2022,175.1529715762274,187.39696892446608,-12.243997348238679,12.243997348238679,-6.990459389899664
52812,NJ,2021,2022,129.62110552763818,145.58321002735124,-15.962104499713064,15.962104499713064,-12.314433235804781
52824,NJ,2021,2022,125.71548387096774,115.75595791434428,9.959525956623466,9.959525956623466,7.922274687218128
52830,NJ,2021,2022,66.6885593220339,72.518953672005,-5.830394349971101,5.830394349971101,-8.742720504452011
52842,NJ,2021,2022,147.91009174311927,176.7484846239608,-28.838392880841525,28.838392880841525,-19.49724494183006
52854,NJ,2021,2022,140.2512027491409,136.49790584344396,3.753296905696942,3.753296905696942,2.676124576564412
52860,NJ,2021,2022,155.82139303482586,183.63642191880348,-27.815028883977618,27.815028883977618,-17.85058414781403
52872,NJ,2021,2022,111.55883134130146,119.75178503689042,-8.192953695588969,8.192953695588969,-7.344065545580669
52896,NJ,2021,2022,130.12177519701368,157.09119523568694,-26.969420038673263,26.969420038673263,-20.72629273450937
52902,NJ,2021,2022,87.53911894273128,92.19904596217118,-4.659927019439905,4.659927019439905,-5.323250994208045
52920,NJ,2021,2022,166.48959694989108,187.8380401802163,-21.348443230325216,21.348443230325216,-12.822688997649824
52932,NJ,2021,2022,139.44954954954954,159.65172430748703,-20.202174757937485,20.202174757937485,-14.487084987505966
52938,NJ,2021,2022,101.42495088408644,108.07703672026695,-6.652085836180504,6.652085836180504,-6.558628599961408
52944,NJ,2021,2022,138.71297709923664,149.26802230897056,-10.555045209733919,10.555045209733919,-7.60927018542954
52950,NJ,2021,2022,108.63430962343097,113.43132346379286,-4.797013840361899,4.797013840361899,-4.4157447651577355
52956,NJ,2021,2022,123.430223880597,126.39168981829239,-2.961465937695394,2.961465937695394,-2.3993037074616623
52962,NJ,2021,2022,125.84405286343612,135.33157392681824,-9.487521063382118,9.487521063382118,-7.539109594378543
52968,NJ,2021,2022,83.01549295774647,91.11383416908355,-8.098341211337072,8.098341211337072,-9.7552166743851
52974,NJ,2021,2022,105.8745945945946,106.96643390129846,-1.0918393067038608,1.0918393067038608,-1.031257131028112
52980,NJ,2021,2022,101.44898580121703,108.2750192770256,-6.826033475808572,6.826033475808572,-6.72853791676514
52986,NJ,2021,2022,132.87194839563347,172.22516885519622,-39.35322045956275,39.35322045956275,-29.617403022033205
52992,NJ,2021,2022,47.229447852760735,47.694402572081415,-0.46495471932068,0.46495471932068,-0.9844593584286455
52998,NJ,2021,2022,198.5401301518438,222.77341416101308,-24.233284009169267,24.233284009169267,-12.20573593390697
53010,NJ,2021,2022,60.73717277486911,63.871301933558,-3.134129158688893,3.134129158688893,-5.160149897503436
53016,NJ,2021,2022,236.8298969072165,241.98786146370844,-5.157964556491947,5.157964556491947,-2.177919521078328
53022,NJ,2021,2022,108.27992916174736,140.2516015513521,-31.97167238960475,31.97167238960475,-29.526868586925115
53040,NJ,2021,2022,141.25794701986754,148.48108040902406,-7.223133389156516,7.223133389156516,-5.113435060854029
53064,NJ,2021,2022,146.28439944776807,165.38871346540475,-19.104314017636682,19.104314017636682,-13.059707043099985
53076,NJ,2021,2022,82.43168187744459,85.00593695038991,-2.57425507294532,2.57425507294532,-3.1228952440550675
53088,NJ,2021,2022,112.41595238095238,127.13181060132068,-14.715858220368304,14.715858220368304,-13.090542675384336
53100,NJ,2021,2022,119.60963302752292,123.11964235359237,-3.5100093260694507,3.5100093260694507,-2.9345540465472175
53112,NJ,2021,2022,132.92433011789925,151.49547463028466,-18.571144512385416,18.571144512385416,-13.971215424530225
53118,NJ,2021,2022,180.69216417910448,169.37254362414063,11.319620554963848,11.319620554963848,6.264588509628834
53124,NJ,2021,2022,91.75167535368578,94.2380684030445,-2.4863930493587105,2.4863930493587105,-2.709915693391019
53142,NJ,2021,2022,98.2198029094322,105.96993869551304,-7.750135786080833,7.750135786080833,-7.8906040905286465
53154,NJ,2021,2022,81.40770478507704,83.4151465317624,-2.007441746685359,2.007441746685359,-2.46591124511515
53166,NJ,2021,2022,43.700399334442594,45.420419429214206,-1.7200200947716127,1.7200200947716127,-3.9359367899779665
53178,NJ,2021,2022,81.97216494845361,78.9802443664572,2.9919205819964105,2.9919205819964105,3.649922609556322
53190,NJ,2021,2022,68.33975195822454,71.1286769654046,-2.7889250071800546,2.7889250071800546,-4.080970339027421
53202,NJ,2021,2022,178.169921875,203.16560515365563,-24.995683278655633,24.995683278655633,-14.029126249598987
53214,NJ,2021,2022,87.0752808988764,96.14682905800409,-9.071548159127687,9.071548159127687,-10.418052133145336
53232,NJ,2021,2022,86.22028708133972,83.9615464648215,2.2587406165182244,2.2587406165182244,2.6197321917837524
53238,NJ,2021,2022,96.91386738471896,107.34804151792412,-10.434174133205161,10.434174133205161,-10.766440773418548
53256,NJ,2021,2022,113.2563137254902,122.90150923568459,-9.645195510194384,9.645195510194384,-8.516254143298656
53274,NJ,2021,2022,79.75098199672668,80.31986211046791,-0.5688801137412298,0.5688801137412298,-0.7133205127989259
53280,NJ,2021,2022,68.80118577075099,71.23505037584337,-2.4338646050923813,2.4338646050923813,-3.5375329332290004
53292,NJ,2021,2022,70.66441717791412,74.41964773717623,-3.7552305592621167,3.7552305592621167,-5.314174671259864
53304,NJ,2021,2022,83.52404761904762,90.41038323453294,-6.886335615485322,6.886335615485322,-8.244734075740476
53316,NJ,2021,2022,107.21209439528025,109.24241006693889,-2.0303156716586415,2.0303156716586415,-1.893737533167733
53322,NJ,2021,2022,88.735,90.16710610602819,-1.4321061060281863,1.4321061060281863,-1.6139134569540612
53334,NJ,2021,2022,168.27486338797814,237.85570914260433,-69.58084575462618,69.58084575462618,-41.34951849237226
53406,NJ,2021,2022,47.27346524606799,49.437390690065065,-2.1639254439970728,2.1639254439970728,-4.577463134410395
53412,NJ,2021,2022,89.21839389860924,93.74666409247166,-4.528270193862426,4.528270193862426,-5.075489476988908
53424,NJ,2021,2022,106.58446215139442,112.60369565921314,-6.019233507818726,6.019233507818726,-5.647383667676534
60006,NY,2021,2022,264.14298349056605,300.4312940379482,-36.28831054738214,36.28831054738214,-13.738131548240876
60012,NY,2021,2022,80.70661282180717,95.3994291619151,-14.692816340107925,14.692816340107925,-18.205219902547913
60018,NY,2021,2022,305.01235059760955,453.1775566424415,-148.16520604483196,148.16520604483196,-48.57678902330756
60024,NY,2021,2022,412.298755186722,565.0500050937035,-152.75124990698146,152.75124990698146,-37.04868083771037
60030,NY,2021,2022,386.4944532488114,631.429914772215,-244.93546152340366,244.93546152340366,-63.373603285769
60036,NY,2021,2022,330.1596,348.19526172919694,-18.03566172919693,18.03566172919693,-5.462710073914837
60042,NY,2021,2022,894.9903614457832,708.8527793064904,186.1375821392927,186.1375821392927,20.797719188685203
60054,NY,2021,2022,103.29012903225806,121.1426971947475,-17.852568162489433,17.852568162489433,-17.28390537387554
60060,NY,2021,2022,281.31965248651886,399.0445071110036,-117.72485462448475,117.72485462448475,-41.847362451909135
60066,NY,2021,2022,356.0007319623562,540.3052965359511,-184.30456457359492,184.30456457359492,-51.770838660265284
60072,NY,2021,2022,346.32444821731747,537.5068405021276,-191.18239228481013,191.18239228481013,-55.20326193224563
60078,NY,2021,2022,581.055785123967,715.4914892269853,-134.43570410301834,134.43570410301834,-23.136453942083506
60084,NY,2021,2022,426.81586695747,739.9794091125586,-313.16354215508863,313.16354215508863,-73.37204785460652
60096,NY,2021,2022,229.5003717472119,283.83044883763387,-54.33007709042198,54.33007709042198,-23.67319785881001
60102,NY,2021,2022,410.6870651204282,837.0078757475075,-426.32081062707925,426.32081062707925,-103.80672946250856
60108,NY,2021,2022,399.12718023255815,626.2422817657073,-227.11510153314913,227.11510153314913,-56.902940411328714
60114,NY,2021,2022,328.01895979343414,591.6430948937995,-263.6241351003653,263.6241351003653,-80.36856627628455
60126,NY,2021,2022,571.4375946547884,822.0153058607643,-250.5777112059759,250.5777112059759,-43.85040703479661
60132,NY,2021,2022,789.0632212744606,757.2548957431983,31.808325531262312,31.808325531262312,4.0311504418982915
60138,NY,2021,2022,419.6650835532102,635.3222232258016,-215.65713967259143,215.65713967259143,-51.38791577480565
60144,NY,2021,2022,425.6443454420836,647.3294715193994,-221.68512607731577,221.68512607731577,-52.082243885342514
60150,NY,2021,2022,192.60387505871304,327.3520096781252,-134.74813461941218,134.74813461941218,-69.96127911670303
60156,NY,2021,2022,90.46883720930232,103.73829238458293,-13.269455175280612,13.269455175280612,-14.667431996037857
60162,NY,2021,2022,85.23674471299094,97.94761156288956,-12.710866849898622,12.710866849898622,-14.912426433809312
60168,NY,2021,2022,454.2012581168832,611.6187616680892,-157.41750355120598,157.41750355120598,-34.65809500481315
60174,NY,2021,2022,65.82916786639792,78.8302517798734,-13.001083913475469,13.001083913475469,-19.749731516979708
60180,NY,2021,2022,56.23197172034564,61.74322003882976,-5.511248318484121,5.511248318484121,-9.800916008943826
60186,NY,2021,2022,53.98319882611886,55.792825371956766,-1.809626545837908,1.809626545837908,-3.352203250620174
60192,NY,2021,2022,49.34698795180723,58.221060778088024,-8.874072826280795,8.874072826280795,-17.98300807122677
60198,NY,2021,2022,57.263665212217376,71.74598766055081,-14.482322448333434,14.482322448333434,-25.290596392428593
60204,NY,2021,2022,55.55692883895131,69.37798823390513,-13.82105939495382,13.82105939495382,-24.877291966621073
60210,NY,2021,2022,62.27703703703704,63.98396529758145,-1.7069282605444087,1.7069282605444087,-2.740862991810728
60216,NY,2021,2022,225.68810572687224,412.7117531764938,-187.02364744962156,187.02364744962156,-82.86818964042243
60222,NY,2021,2022,60.76771159874608,65.91877595591058,-5.151064357164493,5.151064357164493,-8.476646925882896
60228,NY,2021,2022,201.85963302752293,235.73654960399034,-33.87691657646741,33.87691657646741,-16.782412644061626
60234,NY,2021,2022,51.94221146085553,53.98050950358282,-2.038298042727291,2.038298042727291,-3.9241649236736573
60240,NY,2021,2022,54.20418535127055,58.98958355794767,-4.785398206677115,4.785398206677115,-8.828466244193715
60264,NY,2021,2022,119.4158762886598,134.08046802928476,-14.664591740624957,14.664591740624957,-12.28026975674219
60390,NY,2021,2022,570.8974042829332,763.9195093068472,-193.02210502391404,193.02210502391404,-33.81029648687166
60414,NY,2021,2022,555.3134730538923,761.7211863785856,-206.4077133246933,206.4077133246933,-37.16958498946086
60450,NY,2021,2022,496.5614830813535,788.6685125616897,-292.10702948033617,292.10702948033617,-58.82595397204402
60768,NY,2021,2022,435.3812264150943,633.9838885490163,-198.60266213392202,198.60266213392202,-45.61580750029249
60972,NY,2021,2022,332.12432432432433,323.6632707912224,8.46105353310196,8.46105353310196,2.547556114811879
61680,NY,2021,2022,272.32524038461537,347.5394799107367,-75.21423952612133,75.21423952612133,-27.61926857014553
61692,NY,2021,2022,821.3107476635514,1109.3144194971533,-288.00367183360186,288.00367183360186,-35.066346404562346
61806,NY,2021,2022,81.67483407079646,91.33222886727884,-9.657394796482379,9.657394796482379,-11.824198856787715
61812,NY,2021,2022,59.035300794551645,62.39883028917935,-3.3635294946277057,3.3635294946277057,-5.697488535432558
61818,NY,2021,2022,53.81913385826772,54.41229183378101,-0.593157975513293,0.593157975513293,-1.1021321470452683
61824,NY,2021,2022,83.89377128953771,82.67722147805364,1.2165498114840716,1.2165498114840716,1.4501074308430644
61830,NY,2021,2022,67.77755491881567,74.50018720812211,-6.722632289306446,6.722632289306446,-9.91867041730681
61836,NY,2021,2022,82.30079612322604,93.27338105666021,-10.972584933434177,10.972584933434177,-13.332295008428982
61842,NY,2021,2022,118.93125925925926,120.90063273945877,-1.9693734801995078,1.9693734801995078,-1.6558922292300409
61848,NY,2021,2022,88.64932767162067,95.8415774903901,-7.192249818769426,7.192249818769426,-8.113146492674284
61854,NY,2021,2022,106.57577092511012,110.49415639356215,-3.91838546845203,3.91838546845203,-3.676619398986516
61860,NY,2021,2022,73.7664418212479,79.30555338692777,-5.539111565679875,5.539111565679875,-7.508985697185103
61872,NY,2021,2022,96.2098582261787,103.76667705481441,-7.556818828635713,7.556818828635713,-7.854516125437448
61884,NY,2021,2022,82.95702147746047,92.59835858309441,-9.641337105633937,9.641337105633937,-11.622086875736613
62706,NY,2021,2022,41.20275415147833,47.38822880028116,-6.185474648802831,6.185474648802831,-15.012284436284219
62712,NY,2021,2022,34.47885254988913,42.698077041076324,-8.219224491187191,8.219224491187191,-23.838451350126558
62718,NY,2021,2022,33.4773422818792,43.240877931869186,-9.763535649989983,9.763535649989983,-29.164608013924813
62724,NY,2021,2022,35.97790549169859,40.64724800557036,-4.669342513871769,4.669342513871769,-12.97836116376801
62730,NY,2021,2022,35.26408602150538,39.46186409637892,-4.19777807487354,4.19777807487354,-11.903833470442352
62736,NY,2021,2022,33.88908906368942,41.50897391920832,-7.6198848555189045,7.6198848555189045,-22.484773318038982
62742,NY,2021,2022,33.852939421068335,41.366499896341416,-7.513560475273081,7.513560475273081,-22.194706290695176
62748,NY,2021,2022,35.09868613138686,44.763521095624355,-9.664834964237492,9.664834964237492,-27.53617308653258
62754,NY,2021,2022,35.635280373831776,41.00524119595691,-5.369960822125137,5.369960822125137,-15.069225682502235
62760,NY,2021,2022,35.90718401844026,44.2873092502503,-8.380125231810041,8.380125231810041,-23.33829694778181
62766,NY,2021,2022,60.21664621676892,67.70153021929849,-7.484884002529569,7.484884002529569,-12.429925066874954
62772,NY,2021,2022,48.59921875,58.9041877279869,-10.304968977986903,10.304968977986903,-21.203980728572727
62778,NY,2021,2022,76.38260351504319,100.77309996149167,-24.39049644644848,24.39049644644848,-31.93200457175421
62784,NY,2021,2022,106.0646511627907,108.48684121082447,-2.4221900480337695,2.4221900480337695,-2.283692089192026
62790,NY,2021,2022,70.84360672440143,76.16305485956218,-5.319448135160755,5.319448135160755,-7.50872009644382
62796,NY,2021,2022,48.06665609137056,52.95062059779843,-4.883964506427866,4.883964506427866,-10.160816049162793
62802,NY,2021,2022,41.50151717983043,51.3916298525954,-9.890112672764971,9.890112672764971,-23.83072558506735
62808,NY,2021,2022,36.94689635535308,49.07864324685655,-12.131746891503468,12.131746891503468,-32.83563191565818
62814,NY,2021,2022,54.51955430006277,56.778423598164174,-2.258869298101402,2.258869298101402,-4.143227741131407
62820,NY,2021,2022,61.62496697490092,66.7938803745436,-5.168913399642683,5.168913399642683,-8.387693581641864
62826,NY,2021,2022,153.43114919354838,259.175495169422,-105.74434597587361,105.74434597587361,-68.9197379617359
62832,NY,2021,2022,36.956947368421055,47.82442719513116,-10.867479826710102,10.867479826710102,-29.405783216814434
62838,NY,2021,2022,46.66425470332851,51.9706873628654,-5.306432659536888,5.306432659536888,-11.371514863513692
62844,NY,2021,2022,34.3318,33.90774277429935,0.4240572257006505,0.4240572257006505,1.235173296187938
62850,NY,2021,2022,56.10531962449709,61.8124675966795,-5.707147972182405,5.707147972182405,-10.172204722082201
63006,NY,2021,2022,179.84571428571428,172.3808189469504,7.464895338763881,7.464895338763881,4.150721838667046
63012,NY,2021,2022,236.70736842105265,225.0288227869175,11.678545634135162,11.678545634135162,4.933748244525065
63024,NY,2021,2022,546.0884318766067,1063.4382329077791,-517.3498010311724,517.3498010311724,-94.73736684978377
63030,NY,2021,2022,154.726582278481,178.0791585863086,-23.352576307827604,23.352576307827604,-15.092801743527831
63036,NY,2021,2022,498.2910394265233,783.3263283076511,-285.0352888811278,285.0352888811278,-57.202571655547175
63042,NY,2021,2022,362.086231884058,553.6370238258907,-191.55079194183264,191.55079194183264,-52.90198164816392
63054,NY,2021,2022,104.79406614785992,117.380651151082,-12.586585003222083,12.586585003222083,-12.01078025301829
63060,NY,2021,2022,317.0618,418.31375289862814,-101.25195289862813,101.25195289862813,-31.93445344050533
63066,NY,2021,2022,96.68925619834712,101.07527613424745,-4.386019935900322,4.386019935900322,-4.536201961159879
63072,NY,2021,2022,103.53924528301889,115.87801804968197,-12.338772766663084,12.338772766663084,-11.91700087530648
63084,NY,2021,2022,561.0383763837639,1075.1934003534648,-514.1550239697009,514.1550239697009,-91.64346782901823
63096,NY,2021,2022,213.77773722627737,180.72914352992484,33.048593696352526,33.048593696352526,15.459324308111455
63108,NY,2021,2022,224.3057142857143,269.56137221072066,-45.255657925006375,45.255657925006375,-20.175882754088466
63120,NY,2021,2022,179.5456386292835,210.48925745399288,-30.943618824709375,30.943618824709375,-17.234402941193213
63132,NY,2021,2022,194.2395833333333,266.14477741914766,-71.90519408581437,71.90519408581437,-37.01881606820498
63138,NY,2021,2022,85.11647509578545,89.48365138232046,-4.367176286535013,4.367176286535013,-5.130823711414776
63144,NY,2021,2022,191.9308056872038,231.77174078500246,-39.84093509779868,39.84093509779868,-20.75796793284389
63156,NY,2021,2022,233.21515151515152,243.06485397153165,-9.849702456380129,9.849702456380129,-4.223440197769575
63162,NY,2021,2022,202.89777777777772,222.77717831186237,-19.879400534084652,19.879400534084652,-9.797741873672672
63168,NY,2021,2022,294.36765676567654,388.1637199576495,-93.79606319197296,93.79606319197296,-31.863576393732956
63180,NY,2021,2022,152.50631868131867,179.21721251956444,-26.710893838245767,26.710893838245767,-17.51461452168521
63192,NY,2021,2022,123.88403041825094,142.6614810348114,-18.777450616560458,18.777450616560458,-15.157281009638602
63198,NY,2021,2022,355.98713136729225,462.2074323532004,-106.22030098590812,106.22030098590812,-29.838241786418557
63210,NY,2021,2022,79.27428571428571,80.18935575905161,-0.9150700447658977,0.9150700447658977,-1.1543087856558214
63216,NY,2021,2022,341.3284615384615,493.21496548143585,-151.88650394297434,151.88650394297434,-44.49863432377716
63222,NY,2021,2022,78.90731707317073,76.3457455045842,2.5615715685865297,2.5615715685865297,3.246304225768043
63228,NY,2021,2022,568.4071428571428,876.8536504670581,-308.4465076099152,308.4465076099152,-54.265065364851814
63246,NY,2021,2022,110.25388679245285,123.32375669885586,-13.069869906403014,13.069869906403014,-11.854339367650917
63258,NY,2021,2022,220.50010131712256,311.9135390834424,-91.41343776631984,91.41343776631984,-41.457322341475624
63276,NY,2021,2022,250.3442857142857,396.1988044198255,-145.8545187055398,145.8545187055398,-58.261572973150045
63282,NY,2021,2022,103.53910761154856,106.81724452768034,-3.2781369161317855,3.2781369161317855,-3.1660857348997937
63288,NY,2021,2022,99.84464285714286,106.05979293062113,-6.21515007347827,6.21515007347827,-6.224820777185683
63294,NY,2021,2022,229.35901442307693,336.1694988784325,-106.81048445535555,106.81048445535555,-46.56912427184237
63300,NY,2021,2022,49.35596043727225,51.90740660308617,-2.551446165813921,2.551446165813921,-5.169479315586654
63312,NY,2021,2022,93.09936936936936,99.3096653326419,-6.210295963272543,6.210295963272543,-6.670610129090513
63318,NY,2021,2022,62.90850340136054,61.40873806576218,1.4997653355983616,1.4997653355983616,2.384042306697008
63360,NY,2021,2022,237.20318181818183,297.6143858470283,-60.41120402884647,60.41120402884647,-25.46812549721704
63372,NY,2021,2022,103.5537627934979,117.08551620622144,-13.531753412723546,13.531753412723546,-13.067370076843988
63396,NY,2021,2022,67.23705972434915,74.15027521933247,-6.913215494983319,6.913215494983319,-10.281852780780918
63402,NY,2021,2022,133.72102713178293,146.95532816577298,-13.23430103399005,13.23430103399005,-9.896948384151703
63420,NY,2021,2022,226.80486223662885,235.6429129274615,-8.83805069083266,8.83805069083266,-3.8967642067619304
63438,NY,2021,2022,121.70056065239552,157.17738937753836,-35.47682872514284,35.47682872514284,-29.150916425498423
63456,NY,2021,2022,344.41167315175096,499.0387578790025,-154.62708472725154,154.62708472725154,-44.89600579220828
63462,NY,2021,2022,990.167549668874,657.6506684012384,332.51688126763565,332.51688126763565,33.581880296807746
63468,NY,2021,2022,112.25909090909092,133.72828801505415,-21.469197105963232,21.469197105963232,-19.12468463097506
63474,NY,2021,2022,127.52334801762116,134.5024525433065,-6.979104525685344,6.979104525685344,-5.472805281681416
63480,NY,2021,2022,793.0115613825983,920.6850054869807,-127.67344410438238,127.67344410438238,-16.09982127899706
63498,NY,2021,2022,660.420725933719,804.445879852894,-144.02515391917495,144.02515391917495,-21.80809115515699
63528,NY,2021,2022,106.13969465648854,109.83381373363392,-3.6941190771453734,3.6941190771453734,-3.4804312270739555
63534,NY,2021,2022,153.59254658385092,185.08345046840276,-31.49090388455184,31.49090388455184,-20.50288544917118
63540,NY,2021,2022,242.2118181818182,263.92936642533664,-21.71754824351845,21.71754824351845,-8.966345410617414
63546,NY,2021,2022,171.05679806918744,234.38359847036918,-63.32680040118174,63.32680040118174,-37.020920019541066
63564,NY,2021,2022,147.80555555555554,155.11237391184676,-7.306818356291217,7.306818356291217,-4.943534313596764
63570,NY,2021,2022,151.34777448071216,175.84699354606494,-24.499219065352776,24.499219065352776,-16.187366579661845
63582,NY,2021,2022,492.5270833333333,670.3743708653501,-177.84728753201682,177.84728753201682,-36.10913867484786
63588,NY,2021,2022,138.79410582719356,168.90707772861157,-30.112971901418007,30.112971901418007,-21.696146044494384
63606,NY,2021,2022,217.51532385466035,256.58677312539777,-39.07144927073742,39.07144927073742,-17.962619174750294
63618,NY,2021,2022,98.12758274824472,102.27967913263747,-4.152096384392749,4.152096384392749,-4.231324433055008
63624,NY,2021,2022,181.3565916398714,213.96846274547158,-32.61187110560019,32.61187110560019,-17.982181298576215
63630,NY,2021,2022,185.1209257473481,239.28345164770417,-54.16252590035606,54.16252590035606,-29.257916511435738
63636,NY,2021,2022,98.52077185017026,109.46815313018507,-10.94738128001481,10.94738128001481,-11.111749405154391
63642,NY,2021,2022,123.82398081534772,120.34183873020493,3.4821420851427973,3.4821420851427973,2.8121710045290302
64206,NY,2021,2022,60.46300559026636,67.05227116457525,-6.589265574308882,6.589265574308882,-10.898011949590636
64218,NY,2021,2022,64.70637119113573,68.69970421275542,-3.9933330216196907,3.9933330216196907,-6.1714680457412925
64224,NY,2021,2022,76.60410724472334,83.20673274117252,-6.602625496449178,6.602625496449178,-8.619153376928077
64230,NY,2021,2022,59.244866310160425,63.70996567382103,-4.465099363660606,4.465099363660606,-7.53668569405624
64236,NY,2021,2022,242.63963963963965,285.13765819735113,-42.498018557711475,42.498018557711475,-17.514870455968413
64242,NY,2021,2022,147.59418386491558,164.49298027376926,-16.898796408853684,16.898796408853684,-11.449500221716171
64248,NY,2021,2022,381.25584872471416,543.8165896229968,-162.5607408982827,162.5607408982827,-42.63822874902562
64254,NY,2021,2022,174.42224409448818,208.5459229536612,-34.123678859173026,34.123678859173026,-19.563834324186033
64260,NY,2021,2022,93.71257817929116,100.71745539307761,-7.0048772137864574,7.0048772137864574,-7.474852735760516
64806,NY,2021,2022,84.82283236994219,99.67479324019705,-14.851960870254857,14.851960870254857,-17.50939040266922
64818,NY,2021,2022,320.05626043405675,441.93677378077354,-121.88051334671678,121.88051334671678,-38.08096525949025
64824,NY,2021,2022,316.48615384615385,397.5816147863575,-81.09546094020362,81.09546094020362,-25.623699474582608
64830,NY,2021,2022,98.7748140276302,98.63993588894789,0.13487813868231058,0.13487813868231058,0.1365511441454916
65406,NY,2021,2022,151.4964539007092,200.45291427438008,-48.956460373670865,48.956460373670865,-32.31525168619256
65478,NY,2021,2022,153.984496124031,174.36704049477237,-20.382544370741357,20.382544370741357,-13.236751026105695
65496,NY,2021,2022,116.17787234042554,128.51735377981254,-12.339481439387,12.339481439387,-10.621197643583738
65502,NY,2021,2022,106.17363636363636,102.18974290605641,3.9838934575799527,3.9838934575799527,3.752243583270927
65508,NY,2021,2022,103.23433835845896,98.51189122472523,4.7224471337337235,4.7224471337337235,4.574492565967774
65514,NY,2021,2022,88.46724137931035,79.68317068395423,8.784070695356121,8.784070695356121,9.929178934939
65520,NY,2021,2022,111.68406113537118,114.0610705156606,-2.3770093802894223,2.3770093802894223,-2.1283335832570343
65526,NY,2021,2022,93.17973568281938,95.64126326617486,-2.461527583355476,2.461527583355476,-2.6416983964565337
65538,NY,2021,2022,74.04016064257029,76.12918030364915,-2.089019661078865,2.089019661078865,-2.8214682990271065
65544,NY,2021,2022,126.47155688622756,131.4190131742447,-4.947456288017136,4.947456288017136,-3.9119122194943916
65550,NY,2021,2022,90.16285714285716,94.85116555995496,-4.688308417097801,4.688308417097801,-5.199822372165383
65556,NY,2021,2022,81.9375,79.72025368695874,2.217246313041258,2.217246313041258,2.7060214346804066
65562,NY,2021,2022,52.90743670886076,54.58010511536024,-1.6726684064994828,1.6726684064994828,-3.1614996124341626
65568,NY,2021,2022,66.4191111111111,71.90573261066606,-5.486621499554957,5.486621499554957,-8.260606635304867
65580,NY,2021,2022,109.09976958525344,111.40350851859854,-2.3037389333451017,2.3037389333451017,-2.111589183096211
65640,NY,2021,2022,65.54590225563909,66.75218224163442,-1.206279985995323,1.206279985995323,-1.8403591139696966
65646,NY,2021,2022,74.58488372093024,75.20714468858398,-0.6222609676537445,0.6222609676537445,-0.8342990383708593
65700,NY,2021,2022,91.87700258397932,88.1517952615724,3.7252073224069164,3.7252073224069164,4.05455904920486
65712,NY,2021,2022,126.33664302600472,142.04590824026798,-15.709265214263255,15.709265214263255,-12.434448817062291
65724,NY,2021,2022,100.58071428571428,108.05395809878524,-7.473243813070965,7.473243813070965,-7.430096183093431
65736,NY,2021,2022,141.5391171060699,168.01853103936725,-26.479413933297337,26.479413933297337,-18.70819493204382
65748,NY,2021,2022,95.13780487804878,95.79143760467812,-0.6536327266293398,0.6536327266293398,-0.6870378473280846
65760,NY,2021,2022,134.5836627140975,206.92161781195665,-72.33795509785915,72.33795509785915,-53.74943261243389
65772,NY,2021,2022,133.43082706766918,187.63061832383067,-54.19979125616149,54.19979125616149,-40.620141872218305
65778,NY,2021,2022,82.37209302325581,78.12710537736925,4.244987645886567,4.244987645886567,5.153429383769689
65784,NY,2021,2022,318.61066666666665,326.8920174547735,-8.281350788106863,8.281350788106863,-2.599207011725972
65790,NY,2021,2022,120.94184049079756,128.0201616948695,-7.0783212040719405,7.0783212040719405,-5.85266535993433
65808,NY,2021,2022,163.93225806451613,204.86441809879028,-40.93216003427415,40.93216003427415,-24.968947855378865
65814,NY,2021,2022,92.95970149253732,86.38673449286183,6.5729669996754865,6.5729669996754865,7.070770338266582
65820,NY,2021,2022,98.4682745825603,103.49599789689198,-5.027723314331681,5.027723314331681,-5.10593217525733
65838,NY,2021,2022,97.34867256637168,97.78741985104158,-0.4387472846699012,0.4387472846699012,-0.45069673073432637
65844,NY,2021,2022,104.03559322033898,108.11831083775363,-4.0827176174146445,4.0827176174146445,-3.924346938424985
65850,NY,2021,2022,73.90666666666667,71.78111991622794,2.1255467504387298,2.1255467504387298,2.8759878456233943
65856,NY,2021,2022,99.92409638554216,110.48951050619623,-10.565414120654069,10.565414120654069,-10.573439743591976
65862,NY,2021,2022,71.94477491961415,71.69750874666141,0.24726617295273456,0.24726617295273456,0.3436888547208769
65880,NY,2021,2022,104.22534435261709,106.17943951788754,-1.9540951652704592,1.9540951652704592,-1.8748752305958607
65898,NY,2021,2022,128.66258064516128,137.45946508897214,-8.796884443810853,8.796884443810853,-6.837173947312462
65904,NY,2021,2022,95.57,94.93063384762532,0.6393661523746772,0.6393661523746772,0.6690029845921076
65910,NY,2021,2022,95.02,74.46672154167562,20.55327845832437,20.55327845832437,21.630476171673724
65916,NY,2021,2022,103.20927835051546,110.34871709815079,-7.1394387476353245,7.1394387476353245,-6.917438879272687
65922,NY,2021,2022,200.92146341463413,231.4504154437151,-30.528952029080955,30.528952029080955,-15.194470272237414
65934,NY,2021,2022,113.0476861167002,123.60205440185185,-10.55436828515164,10.55436828515164,-9.336209035058236
65940,NY,2021,2022,124.71376884422112,146.50103701143047,-21.787268167209348,21.787268167209348,-17.46981778284933
65952,NY,2021,2022,92.0478787878788,92.81983080700265,-0.7719520191238445,0.7719520191238445,-0.8386418343249188
65958,NY,2021,2022,57.45970149253731,57.711486452986065,-0.2517849604487523,0.2517849604487523,-0.4381939931961765
65964,NY,2021,2022,152.16321243523316,176.15947319876057,-23.996260763527403,23.996260763527403,-15.770080283853883
65976,NY,2021,2022,83.75615384615385,98.76418986625951,-15.008036020105664,15.008036020105664,-17.91872636328661
65988,NY,2021,2022,98.2699421965318,96.76285612341361,1.507086073118188,1.507086073118188,1.5336185607030681
66006,NY,2021,2022,107.96731167933656,119.31576483310647,-11.34845315376991,11.34845315376991,-10.511008357302504
66018,NY,2021,2022,66.04425963488843,66.7641024035022,-0.7198427686137734,0.7198427686137734,-1.089939947231251
66024,NY,2021,2022,81.24177777777778,87.78526803172173,-6.5434902539439435,6.5434902539439435,-8.054341538220003
66030,NY,2021,2022,179.09246575342465,207.2260399424348,-28.133574189010147,28.133574189010147,-15.708965796330363
66060,NY,2021,2022,92.78452107279692,99.49362177363402,-6.709100700837098,6.709100700837098,-7.230840471303687
66120,NY,2021,2022,220.69485530546623,257.20063318408705,-36.50577787862082,36.50577787862082,-16.541290837112065
66126,NY,2021,2022,221.96979936642023,295.98891976465995,-74.01912039823972,74.01912039823972,-33.34648254380384
66138,NY,2021,2022,231.17961165048544,305.95704419002305,-74.77743253953761,74.77743253953761,-32.346032595898514
66144,NY,2021,2022,335.7307692307692,732.5326953335955,-396.80192610282626,396.80192610282626,-118.19051527865143
66180,NY,2021,2022,470.90984162895927,655.9651380020382,-185.05529637307893,185.05529637307893,-39.297394111140335
66240,NY,2021,2022,131.57989252127183,161.06214713391586,-29.482254612644027,29.482254612644027,-22.4063525571567
66252,NY,2021,2022,809.5375,1143.3507422737844,-333.81324227378434,333.81324227378434,-41.235056099783435
66300,NY,2021,2022,272.1957755775577,391.1306728211294,-118.9348972435717,118.9348972435717,-43.69461538894572
66576,NY,2021,2022,53.093556085918856,53.429004052269356,-0.33544796635050034,0.33544796635050034,-0.6318054225029877
66606,NY,2021,2022,135.12062228654125,153.06226527968744,-17.94164299314619,17.94164299314619,-13.278241832766687
66612,NY,2021,2022,77.69717804002052,88.33180501578823,-10.634626975767716,10.634626975767716,-13.687275708121597
66618,NY,2021,2022,72.05630585898709,79.08885778411096,-7.032551925123869,7.032551925123869,-9.75980081311197
66624,NY,2021,2022,78.21929945054946,85.39447997459452,-7.175180524045061,7.175180524045061,-9.173158765735606
66630,NY,2021,2022,80.97522216414009,96.85495135624289,-15.8797291921028,15.8797291921028,-19.610602808738133
66636,NY,2021,2022,76.45499541704858,82.54680423519753,-6.091808818148948,6.091808818148948,-7.967836221713441
66654,NY,2021,2022,217.63882352941167,235.36521469363788,-17.726391164226214,17.726391164226214,-8.144866286612082
67206,NY,2021,2022,278.00287434984944,441.2207785613861,-163.21790421153668,163.21790421153668,-58.7108693006307
67218,NY,2021,2022,52.26577979054628,58.305920385876824,-6.040140595330541,6.040140595330541,-11.556587540712572
67224,NY,2021,2022,70.00948604992658,81.43157363201666,-11.422087582090086,11.422087582090086,-16.315057039476816
67230,NY,2021,2022,107.58668110449378,112.89259249787294,-5.305911393379162,5.305911393379162,-4.931754877934924
67236,NY,2021,2022,60.61196146641692,61.34622598120168,-0.7342645147847549,0.7342645147847549,-1.2114185006066607
67242,NY,2021,2022,44.02139303482587,49.47998654446936,-5.458593509643492,5.458593509643492,-12.399865459335036
67248,NY,2021,2022,39.61501706484642,47.59190641036357,-7.976889345517151,7.976889345517151,-20.136024004381117
67254,NY,2021,2022,92.8616238317757,113.07716140414242,-20.215537572366713,20.215537572366713,-21.769528399576934
67260,NY,2021,2022,91.3714135021097,79.5864390234593,11.784974478650398,11.784974478650398,12.897879136321219
67266,NY,2021,2022,121.0506679092886,139.80539645599038,-18.75472854670177,18.75472854670177,-15.493287951749219
67272,NY,2021,2022,39.97805676855895,43.39511119241085,-3.4170544238519014,3.4170544238519014,-8.547324957873565
67278,NY,2021,2022,57.08991892844554,57.69080821626154,-0.6008892878159955,0.6008892878159955,-1.052531338447211
67284,NY,2021,2022,51.85709531732826,55.34035967823016,-3.4832643609018987,3.4832643609018987,-6.717044870305244
67290,NY,2021,2022,205.4932808716707,281.102168266535,-75.6088873948643,75.6088873948643,-36.79384896388977
67296,NY,2021,2022,82.42273351648352,89.21302572809073,-6.790292211607209,6.790292211607209,-8.238372985105178
67302,NY,2021,2022,194.6638099673964,244.88207171338792,-50.218261745991526,50.218261745991526,-25.797430839559965
67308,NY,2021,2022,80.87241379310345,100.45696761828862,-19.584553825185168,19.584553825185168,-24.21660601758282
67314,NY,2021,2022,55.8072335400059,59.51902388158648,-3.711790341580574,3.711790341580574,-6.651091813966634
67320,NY,2021,2022,37.59145217057242,37.86764304810249,-0.27619087753006966,0.27619087753006966,-0.7347172337925247
67326,NY,2021,2022,62.74830836152731,65.67165836473038,-2.923350003203069,2.923350003203069,-4.658850699783095
67332,NY,2021,2022,124.44672742336373,130.2392648059809,-5.792537382617169,5.792537382617169,-4.654632148671251
67338,NY,2021,2022,94.44793165467624,96.16686145298607,-1.71892979830983,1.71892979830983,-1.8199761161468733
67344,NY,2021,2022,51.391348477525376,57.43518166050638,-6.043833182981004,6.043833182981004,-11.760409800540867
67350,NY,2021,2022,71.37051630434783,73.87588839190208,-2.5053720875542496,2.5053720875542496,-3.510374055401957
67356,NY,2021,2022,58.72328554823712,62.474369623100706,-3.7510840748635843,3.7510840748635843,-6.387728547276749
67368,NY,2021,2022,69.8061669829222,79.37942876733229,-9.573261784410079,9.573261784410079,-13.714063095245063
67374,NY,2021,2022,73.36953166577968,93.04625897304845,-19.676727307268777,19.676727307268777,-26.818662816197598
67380,NY,2021,2022,92.973206401766,116.76410397578651,-23.790897574020505,23.790897574020505,-25.58898256258117
67386,NY,2021,2022,217.15727810650887,260.07069407560573,-42.91341596909686,42.91341596909686,-19.7614449505345
67392,NY,2021,2022,59.20427074939565,65.3947967790908,-6.19052602969515,6.19052602969515,-10.45621532253793
67398,NY,2021,2022,57.55009554140128,55.47789818562995,2.07219735577133,2.07219735577133,3.6006844754594725
67404,NY,2021,2022,81.22227805695142,87.72043823765314,-6.498160180701717,6.498160180701717,-8.000465310940106
67410,NY,2021,2022,70.08761083743842,90.87327864676634,-20.78566780932792,20.78566780932792,-29.65669333134826
67416,NY,2021,2022,55.27598944591029,55.54001750632505,-0.2640280604147591,0.2640280604147591,-0.4776541551972053
67422,NY,2021,2022,54.02989949748744,56.75856665304446,-2.7286671555570194,2.7286671555570194,-5.050291007267024
67428,NY,2021,2022,144.78206724782066,171.94251115343332,-27.160443905612652,27.160443905612652,-18.75953591622825
67434,NY,2021,2022,46.04237695078031,49.61857889335223,-3.5762019425719203,3.5762019425719203,-7.7671966119275515
68124,NY,2021,2022,48.19775600505689,60.971057321290246,-12.773301316233358,12.773301316233358,-26.501858955618573
68130,NY,2021,2022,34.730457541682824,56.17077325976936,-21.440315718086538,21.440315718086538,-61.73346749709325
68136,NY,2021,2022,46.64369003690037,56.31129782021714,-9.667607783316775,9.667607783316775,-20.726507220309152
68142,NY,2021,2022,94.69400570884872,111.23687073926745,-16.542865030418724,16.542865030418724,-17.46981227225967
68148,NY,2021,2022,64.6389534883721,74.8286275525432,-10.1896740641711,10.1896740641711,-15.763983657322239
68160,NY,2021,2022,104.38960155490768,130.74747237328472,-26.357870818377037,26.357870818377037,-25.249517601150256
68166,NY,2021,2022,79.55700416088766,88.54709839300135,-8.990094232113691,8.990094232113691,-11.300192015693648
68172,NY,2021,2022,95.52372143634383,104.66522294343889,-9.141501507095057,9.141501507095057,-9.569875806384777
68178,NY,2021,2022,149.66532951289398,157.77020494888393,-8.104875435989953,8.104875435989953,-5.415332637403977
68184,NY,2021,2022,78.29742489270386,88.31552689024575,-10.01810199754189,10.01810199754189,-12.794931648480595
68190,NY,2021,2022,62.596,72.31875607874022,-9.722756078740225,9.722756078740225,-15.532551726532407
68196,NY,2021,2022,77.71139971139971,94.48734144692402,-16.775941735524313,16.775941735524313,-21.58749140772895
68202,NY,2021,2022,71.71414456578263,80.0539571040375,-8.339812538254861,8.339812538254861,-11.6292435596228
68208,NY,2021,2022,35.536155238286746,59.23188124453741,-23.695726006250666,23.695726006250666,-66.6806125968316
68214,NY,2021,2022,45.54983905579399,50.48654508486182,-4.936706029067828,4.936706029067828,-10.838031772232736
68220,NY,2021,2022,54.29906407487401,65.95307320570839,-11.654009130834382,11.654009130834382,-21.462633526729757
68232,NY,2021,2022,59.30894690525081,74.58390050779116,-15.27495360254035,15.27495360254035,-25.754889269814385
68238,NY,2021,2022,43.33881604319321,58.06327314934331,-14.724457106150098,14.724457106150098,-33.97521771585802
68244,NY,2021,2022,74.76463993100474,95.06150133622822,-20.29686140522348,20.29686140522348,-27.147674922201308
68250,NY,2021,2022,119.04432814710044,160.3722479272891,-41.32791978018865,41.32791978018865,-34.716412300736124
68262,NY,2021,2022,53.91291602380428,62.60912917223409,-8.696213148429813,8.696213148429813,-16.130110908098825
68268,NY,2021,2022,62.582323788546255,70.19290379877653,-7.610580010230272,7.610580010230272,-12.160909901564173
68274,NY,2021,2022,80.50247797356828,89.31883541651281,-8.816357442944536,8.816357442944536,-10.951659706474189
68310,NY,2021,2022,59.89247073072265,69.82070215198522,-9.928231421262566,9.928231421262566,-16.576760484468956
68466,NY,2021,2022,63.67741626794258,64.49704165110147,-0.8196253831588862,0.8196253831588862,-1.2871523865071046
68472,NY,2021,2022,54.96134020618557,55.71169198039748,-0.7503517742119143,0.7503517742119143,-1.3652355844981137
68478,NY,2021,2022,60.750376293508936,63.45916575041861,-2.7087894569096775,2.7087894569096775,-4.458885067349133
68484,NY,2021,2022,83.09501116902457,91.31477990192172,-8.219768732897151,8.219768732897151,-9.892012308870408
68490,NY,2021,2022,82.52401280683031,85.08622133219932,-2.5622085253690017,2.5622085253690017,-3.1048036059110955
68496,NY,2021,2022,43.27251370399374,47.600443518807566,-4.327929814813828,4.327929814813828,-10.001567841468825
68502,NY,2021,2022,53.40791180285344,55.54305275067367,-2.1351409478202257,2.1351409478202257,-3.9977989697514276
68508,NY,2021,2022,52.20657748049052,57.36628271539193,-5.159705234901409,5.159705234901409,-9.883247444882935
68514,NY,2021,2022,42.32879156528792,53.51024288337234,-11.18145131808442,11.18145131808442,-26.415711161605337
68520,NY,2021,2022,50.34623344370861,59.34263469129831,-8.996401247589695,8.996401247589695,-17.869065136021426
68526,NY,2021,2022,48.19507959479016,54.63530691098184,-6.440227316191681,6.440227316191681,-13.362831580192811
68532,NY,2021,2022,61.25679398872887,62.20612829093385,-0.9493343022049743,0.9493343022049743,-1.5497616515478265
68538,NY,2021,2022,58.93440643863179,64.14411331830198,-5.209706879670186,5.209706879670186,-8.839839398560903
68556,NY,2021,2022,74.18563772775991,79.42066941527759,-5.235031687517676,5.235031687517676,-7.056664669688149
68562,NY,2021,2022,70.67390557939915,83.96933599494922,-13.295430415550072,13.295430415550072,-18.812361233685067
68568,NY,2021,2022,57.58716148445336,64.0873401410741,-6.500178656620733,6.500178656620733,-11.287548281704364
68574,NY,2021,2022,54.141761579347,53.88767652415611,0.25408505519088465,0.25408505519088465,0.4692958776720119
68592,NY,2021,2022,57.5906885479843,69.57387239848356,-11.983183850499259,11.983183850499259,-20.807502310924665
68598,NY,2021,2022,45.69578700994734,47.70849911849534,-2.0127121085480013,2.0127121085480013,-4.404590095165363
68604,NY,2021,2022,53.14781538461538,56.85472384436083,-3.706908459745449,3.706908459745449,-6.974714638634954
68610,NY,2021,2022,51.10850751741841,59.22838009602726,-8.119872578608849,8.119872578608849,-15.887516527148628
68616,NY,2021,2022,50.3461918892186,51.306010736045586,-0.9598188468269839,0.9598188468269839,-1.9064378273911209
69006,NY,2021,2022,107.0117235345582,116.87697353690803,-9.865250002349825,9.865250002349825,-9.21884974515335
69042,NY,2021,2022,151.4811855670103,176.73735036925285,-25.25616480224255,25.25616480224255,-16.672806400151956
69054,NY,2021,2022,291.7487804878049,373.3627893676147,-81.61400887980983,81.61400887980983,-27.974070274895734
69060,NY,2021,2022,88.66752226296491,93.31159918926913,-4.644076926304223,4.644076926304223,-5.237630203008373
69084,NY,2021,2022,107.68924302788844,104.4957491405092,3.1934938873792333,3.1934938873792333,2.965471571336247
69096,NY,2021,2022,181.31993769470404,222.187916949091,-40.86797925438697,40.86797925438697,-22.539153594459144
69108,NY,2021,2022,131.23127147766323,153.8286428018012,-22.59737132413798,22.59737132413798,-17.219501929449997
69120,NY,2021,2022,63.52110091743119,70.06012836978772,-6.539027452356528,6.539027452356528,-10.294260266137982
69180,NY,2021,2022,357.3915426251692,515.3707895074441,-157.97924688227488,157.97924688227488,-44.203409437688585
69252,NY,2021,2022,100.86882232811436,111.66035454818808,-10.79153222007372,10.79153222007372,-10.698580563348049
69270,NY,2021,2022,408.84016393442624,574.6027625658036,-165.76259863137733,165.76259863137733,-40.54459743782999
69288,NY,2021,2022,198.1428571428572,269.20821669541,-71.06535955255279,71.06535955255279,-35.865718591771405
69300,NY,2021,2022,50.68796419098143,56.35729406113454,-5.669329870153106,5.669329870153106,-11.184765379000588
69312,NY,2021,2022,101.08856502242152,105.58952996605612,-4.5009649436345995,4.5009649436345995,-4.452496622774576
69318,NY,2021,2022,54.73527106466362,53.87945165400331,0.8558194106603096,0.8558194106603096,1.5635611078809757
69324,NY,2021,2022,99.76009852216748,113.95283150613896,-14.192732983971482,14.192732983971482,-14.226863439612325
69342,NY,2021,2022,220.297542997543,324.3028399324723,-104.0052969349293,104.0052969349293,-47.211283212581854
69348,NY,2021,2022,97.93391304347826,96.39641722838665,1.537495815091603,1.537495815091603,1.5699319748502483
69354,NY,2021,2022,392.6846361185984,685.3697002927992,-292.68506417420076,292.68506417420076,-74.53438134661428
69360,NY,2021,2022,370.2627976190476,846.0060791953687,-475.74328157632107,475.74328157632107,-128.48800490774642
69366,NY,2021,2022,131.49309449636553,161.09826375484727,-29.605169258481737,29.605169258481737,-22.51461901621003
69378,NY,2021,2022,106.3971551724138,114.5120282058274,-8.114873033413602,8.114873033413602,-7.626964292667095
69390,NY,2021,2022,142.2846638655462,151.42133595727722,-9.136672091731015,9.136672091731015,-6.421403293586746
69396,NY,2021,2022,161.01555676855895,161.70463587557407,-0.6890791070151181,0.6890791070151181,-0.42795809351862124
69408,NY,2021,2022,776.2605714285714,667.932897689326,108.32767373924548,108.32767373924548,13.955065827945814
69420,NY,2021,2022,191.96438068579425,251.1863736282204,-59.22199294242614,59.22199294242614,-30.85051129321758
69432,NY,2021,2022,118.22747387830364,126.04307278132688,-7.815598903023243,7.815598903023243,-6.610645264287858
69450,NY,2021,2022,49.54467005076142,50.83215360659225,-1.287483555830832,1.287483555830832,-2.598631809459483
69456,NY,2021,2022,370.66532507739936,476.3283531599443,-105.66302808254494,105.66302808254494,-28.506315787828612
69462,NY,2021,2022,225.24838187702267,278.2264565725508,-52.97807469552811,52.97807469552811,-23.519846959190225
69474,NY,2021,2022,204.4453125,230.49269469158884,-26.047382191588838,26.047382191588838,-12.740513281070623
69480,NY,2021,2022,79.47801539777588,83.3996986039304,-3.921683206154526,3.921683206154526,-4.934299361310261
69486,NY,2021,2022,109.11024734982333,122.55390305276246,-13.44365570293914,13.44365570293914,-12.32116692013063
69540,NY,2021,2022,88.02659778032913,97.14912574325362,-9.122527962924494,9.122527962924494,-10.363376744026635
69576,NY,2021,2022,152.8359430604982,179.6323846573908,-26.796441596892578,26.796441596892578,-17.532813983609564
69588,NY,2021,2022,261.602508361204,328.21677671955257,-66.61426835834857,66.61426835834857,-25.46392569996762
70146,NY,2021,2022,52.67601713062098,55.04551328206641,-2.369496151445432,2.369496151445432,-4.498244705118424
70152,NY,2021,2022,53.37196367763904,54.350442773819054,-0.9784790961800169,0.9784790961800169,-1.8333203966223282
70158,NY,2021,2022,64.74615384615385,67.16777360715267,-2.421619760998823,2.421619760998823,-3.7401754654846973
70164,NY,2021,2022,110.41052631578948,118.56875868575852,-8.158232369969042,8.158232369969042,-7.388998714339393
70182,NY,2021,2022,125.93949579831931,150.35225102714924,-24.412755228829923,24.412755228829923,-19.384510851087363
70206,NY,2021,2022,72.75985732814527,77.49075466471288,-4.730897336567608,4.730897336567608,-6.5020706613419685
70212,NY,2021,2022,147.18143405889884,156.36730597481568,-9.185871915916834,9.185871915916834,-6.241189301254427
70218,NY,2021,2022,80.78939237899073,80.90820326007886,-0.11881088108813742,0.11881088108813742,-0.14706247638400877
70224,NY,2021,2022,75.41408775981525,78.70213720994086,-3.2880494501256123,3.2880494501256123,-4.359993666697464
70230,NY,2021,2022,158.2115207373272,147.43450419362802,10.777016543699176,10.777016543699176,6.811777355703358
70236,NY,2021,2022,71.14168834923389,71.83863569228515,-0.6969473430512636,0.6969473430512636,-0.9796609543899992
70254,NY,2021,2022,135.00328767123287,151.56754036949934,-16.564252698266472,16.564252698266472,-12.269518012483232
70260,NY,2021,2022,131.42362728785358,144.40014675569552,-12.976519467841939,12.976519467841939,-9.873810163084164
70278,NY,2021,2022,84.55034602076124,78.36740524290396,6.182940777857283,6.182940777857283,7.312732672127763
70284,NY,2021,2022,95.12977883096366,100.1487121405939,-5.018933309630242,5.018933309630242,-5.27588035135496
70290,NY,2021,2022,131.70495867768594,131.82090386483338,-0.11594518714744595,0.11594518714744595,-0.08803403327523303
70296,NY,2021,2022,100.35149384885764,102.54735545492308,-2.195861606065435,2.195861606065435,-2.188170321981143
70302,NY,2021,2022,47.1292463768116,45.194499733162026,1.934746643649575,1.934746643649575,4.105193255543979
70308,NY,2021,2022,191.96647727272727,213.1576912400949,-21.191213967367617,21.191213967367617,-11.039017993366208
70314,NY,2021,2022,131.05,164.46005967899504,-33.410059678995026,33.410059678995026,-25.49413176573447
70320,NY,2021,2022,87.54586614173229,91.51026915916944,-3.9644030174371494,3.9644030174371494,-4.528372603018152
70326,NY,2021,2022,201.21407624633432,262.5688039586635,-61.35472771232921,61.35472771232921,-30.49226418792704
70332,NY,2021,2022,52.586251189343486,52.86340803111072,-0.277156841767237,0.277156841767237,-0.5270519109059487
70344,NY,2021,2022,511.8906832298137,672.2901221603659,-160.39943893055215,160.39943893055215,-31.334705667721774
70350,NY,2021,2022,132.45233022636484,146.83538987828524,-14.383059651920405,14.383059651920405,-10.859046139346393
70356,NY,2021,2022,58.76268146883006,58.895016739483026,-0.13233527065296613,0.13233527065296613,-0.22520291338842618
70362,NY,2021,2022,75.94881486226778,83.72301197130334,-7.774197109035555,7.774197109035555,-10.236100620047809
70374,NY,2021,2022,77.858177278402,79.71461090595163,-1.8564336275496345,1.8564336275496345,-2.3843784846278604
70380,NY,2021,2022,122.41764705882352,129.4825969962318,-7.064949937408272,7.064949937408272,-5.77118586016725
70386,NY,2021,2022,117.6889650872818,127.81191486489051,-10.12294977760871,10.12294977760871,-8.601443448925918
70392,NY,2021,2022,217.4154255319149,288.825498502926,-71.41007297101109,71.41007297101109,-32.84498917052628
70398,NY,2021,2022,360.8636363636364,562.0466828796456,-201.1830465160092,201.1830465160092,-55.75043485769243
70410,NY,2021,2022,96.05634517766498,103.1204907956144,-7.064145617949421,7.064145617949421,-7.354168644334363
70428,NY,2021,2022,84.55602755453502,85.56049069869624,-1.004463144161221,1.004463144161221,-1.187926128049695
70440,NY,2021,2022,150.58987603305786,158.49108820846146,-7.9012121754036,7.9012121754036,-5.246841543098891
70446,NY,2021,2022,94.14143344709898,98.63676426341351,-4.495330816314535,4.495330816314535,-4.775082184021133
70452,NY,2021,2022,94.80329985652796,94.94680941828017,-0.14350956175221086,0.14350956175221086,-0.15137612506040748
70458,NY,2021,2022,200.1184710561202,273.35046561863555,-73.23199456251535,73.23199456251535,-36.594320442303676
70476,NY,2021,2022,125.21360697216755,150.3368846686165,-25.12327769644895,25.12327769644895,-20.06433510220127
70482,NY,2021,2022,243.05388692579504,298.3034705083286,-55.249583582533546,55.249583582533546,-22.73141330152905
70494,NY,2021,2022,75.25445026178011,79.67549658483068,-4.421046323050575,4.421046323050575,-5.8747971816570645
70506,NY,2021,2022,111.418625,106.10113157228338,5.317493427716627,5.317493427716627,4.772535496391763
70512,NY,2021,2022,85.80837988826816,88.62751749348223,-2.819137605214067,2.819137605214067,-3.2853872883800985
70518,NY,2021,2022,228.4854294478528,325.1823640458232,-96.6969345979704,96.6969345979704,-42.320831937355344
70524,NY,2021,2022,113.26417759838549,126.61666277514543,-13.352485176759942,13.352485176759942,-11.788798064738055
70530,NY,2021,2022,110.8163779527559,107.52683124354581,3.289546709210086,3.289546709210086,2.968466187022022
70536,NY,2021,2022,88.88481288076588,93.02985457277597,-4.145041692010096,4.145041692010096,-4.663385743490784
70542,NY,2021,2022,78.25181518151815,78.96867586449434,-0.7168606829761899,0.7168606829761899,-0.9160946379496907
70548,NY,2021,2022,129.62079752492266,143.67334403521653,-14.052546510293865,14.052546510293865,-10.84127453203791
70572,NY,2021,2022,128.73069727891158,141.78938391234493,-13.058686633433354,13.058686633433354,-10.14419008788559
70578,NY,2021,2022,76.7631679389313,79.13613865323407,-2.3729707143027667,2.3729707143027667,-3.0912881503152345
70584,NY,2021,2022,127.48730886850151,140.8990492772699,-13.411740408768395,13.411740408768395,-10.520059233976077
70590,NY,2021,2022,1335.7096774193549,501.63923791279495,834.07043950656,834.07043950656,62.443991655283796
70596,NY,2021,2022,146.20105580693817,169.64017620557416,-23.439120398635993,23.439120398635993,-16.03211431632059
70602,NY,2021,2022,118.90175913396482,132.92948178278687,-14.02772264882205,14.02772264882205,-11.797741892966634
70608,NY,2021,2022,190.61678445229683,280.68764284744344,-90.07085839514662,90.07085839514662,-47.25232284971603
70614,NY,2021,2022,115.86836935166994,126.03301693685152,-10.164647585181584,10.164647585181584,-8.77258188930842
70626,NY,2021,2022,330.9080459770115,350.3420164788775,-19.433970501865986,19.433970501865986,-5.872921718928551
70632,NY,2021,2022,79.95454545454545,85.0028313662407,-5.048285911695245,5.048285911695245,-6.313944858288539
70656,NY,2021,2022,83.30497322111707,84.96731012331963,-1.6623369022025685,1.6623369022025685,-1.9954833882368752
70662,NY,2021,2022,194.8617234468938,299.19851062013686,-104.33678717324307,104.33678717324307,-53.5440133278295
70668,NY,2021,2022,89.6203363914373,86.36813394698011,3.252202444457197,3.252202444457197,3.6288665892219587
70674,NY,2021,2022,88.49553483807655,88.09192323888786,0.40361159918869305,0.40361159918869305,0.4560813152066888
70680,NY,2021,2022,251.4965811965812,359.6782107256916,-108.18162952911041,108.18162952911041,-43.01514915805186
70692,NY,2021,2022,127.2780905752754,163.1327559001296,-35.85466532485421,35.85466532485421,-28.170335650697776
70698,NY,2021,2022,118.71952714535902,126.69413337601502,-7.9746062306559935,7.9746062306559935,-6.717181598012907
70704,NY,2021,2022,72.4540971168437,74.09179607597592,-1.6376989591322229,1.6376989591322229,-2.2603262262604336
70716,NY,2021,2022,126.58899082568809,127.52420596313289,-0.9352151374447999,0.9352151374447999,-0.7387807828664839
70722,NY,2021,2022,138.66589147286822,157.87930842898362,-19.213416956115395,19.213416956115395,-13.855906994889763
70728,NY,2021,2022,125.52519596864502,145.43423665818347,-19.909040689538443,19.909040689538443,-15.860593194781014
70734,NY,2021,2022,86.18567774936061,86.33855128304772,-0.15287353368711365,0.15287353368711365,-0.1773769583058686
70740,NY,2021,2022,151.63276353276353,175.93606725939316,-24.303303726629622,24.303303726629622,-16.027739098336998
70746,NY,2021,2022,275.4399196787149,322.4357646371095,-46.99584495839463,46.99584495839463,-17.06210378408933
70752,NY,2021,2022,130.31013513513514,136.45109023424374,-6.140955099108595,6.140955099108595,-4.712569051317657
70758,NY,2021,2022,125.52142857142856,143.74759600760217,-18.22616743617361,18.22616743617361,-14.52036329064079
70770,NY,2021,2022,128.5012148823083,127.89271928520434,0.6084955971039534,0.6084955971039534,0.4735329527127525
70776,NY,2021,2022,107.10368421052632,109.07934469966919,-1.975660489142868,1.975660489142868,-1.8446242103674495
70782,NY,2021,2022,499.170893970894,681.3365214432388,-182.1656274723448,182.1656274723448,-36.49363968784739
70788,NY,2021,2022,54.64711538461538,53.6924669690649,0.95464841555048,0.95464841555048,1.74693285973378
70806,NY,2021,2022,79.84376590330788,86.5967812795889,-6.753015376281013,6.753015376281013,-8.457786653574214
70818,NY,2021,2022,166.92079790712884,211.56597442227104,-44.6451765151422,44.6451765151422,-26.746323450946967
70824,NY,2021,2022,164.318359375,180.65036604389297,-16.332006668892973,16.332006668892973,-9.939246430534764
71406,NY,2021,2022,66.71194331983806,78.04584174957085,-11.333898429732798,11.333898429732798,-16.989309358587445
71598,NY,2021,2022,91.0243455497382,104.45589286996821,-13.43154732023001,13.43154732023001,-14.755994387117724
71604,NY,2021,2022,108.45382882882885,108.40482043449197,0.0490083943368802,0.0490083943368802,0.045188256483069365
71610,NY,2021,2022,186.23705583756345,250.25674150689775,-64.01968566933431,64.01968566933431,-34.37537464357925
71622,NY,2021,2022,315.5727182539683,375.38238612872686,-59.80966787475859,59.80966787475859,-18.95273717122297
71634,NY,2021,2022,247.4,166.7931658133964,80.6068341866036,80.6068341866036,32.58158212878076
71640,NY,2021,2022,136.7410344827586,138.06787189232705,-1.3268374095684408,1.3268374095684408,-0.9703286322115247
71646,NY,2021,2022,134.43239436619717,146.97193729815302,-12.53954293195585,12.53954293195585,-9.327768794921427
71652,NY,2021,2022,156.5730627306273,173.65120620306158,-17.078143472434277,17.078143472434277,-10.907459542907452
71664,NY,2021,2022,108.76065573770492,129.67040285365238,-20.909747115947454,20.909747115947454,-19.22546988533695
71676,NY,2021,2022,93.37894736842104,112.9730486250263,-19.594101256605256,19.594101256605256,-20.983424860528686
71688,NY,2021,2022,127.31492537313432,150.89385043567904,-23.578925062544727,23.578925062544727,-18.520157784674236
71694,NY,2021,2022,103.16164736164735,105.00261177143891,-1.8409644097915532,1.8409644097915532,-1.784543439227758
71700,NY,2021,2022,59.37210401891253,58.56573256020832,0.8063714587042128,0.8063714587042128,1.3581655426045696
71706,NY,2021,2022,58.56426470588235,58.089002012240776,0.47526269364157514,0.47526269364157514,0.8115233684370641
71712,NY,2021,2022,168.23176470588234,203.87845618794182,-35.64669148205948,35.64669148205948,-21.189037364245795
71718,NY,2021,2022,73.23884992987378,77.72915895907353,-4.49030902919975,4.49030902919975,-6.131047979998624
71724,NY,2021,2022,199.97509293680292,280.16892639832747,-80.19383346152455,80.19383346152455,-40.10191083489972
71730,NY,2021,2022,84.3558282208589,92.01350353630242,-7.657675315443527,7.657675315443527,-9.0778260103076
71742,NY,2021,2022,256.92826086956524,352.69357623519016,-95.76531536562493,95.76531536562493,-37.273173080108194
71748,NY,2021,2022,149.1734693877551,157.7928020457278,-8.619332657972706,8.619332657972706,-5.778060062120016
71766,NY,2021,2022,80.78455284552845,91.15910928552158,-10.374556439993128,10.374556439993128,-12.84225272600166
71778,NY,2021,2022,298.22062350119904,413.26959866121666,-115.04897516001762,115.04897516001762,-38.57847717213797
71802,NY,2021,2022,67.67760342368045,66.73268673991511,0.9449166837653422,0.9449166837653422,1.3962029326746446
71808,NY,2021,2022,255.28285714285715,374.23992946810426,-118.95707232524711,118.95707232524711,-46.59814358732217
71826,NY,2021,2022,161.60093457943924,196.13789354645132,-34.53695896701208,34.53695896701208,-21.37175694985509
71856,NY,2021,2022,698.5096774193548,1043.1336109848226,-344.6239335654677,344.6239335654677,-49.33703063910029
71862,NY,2021,2022,190.1109589041096,285.92777238028214,-95.81681347617254,95.81681347617254,-50.400468246810405
71868,NY,2021,2022,232.3907407407408,283.8465880866008,-51.45584734585998,51.45584734585998,-22.141952464132395
71880,NY,2021,2022,95.23217665615142,95.60812353621242,-0.37594688006099375,0.37594688006099375,-0.3947687570120344
72048,NY,2021,2022,98.2,86.23169042927356,11.968309570726447,11.968309570726447,12.187687953896585
72054,NY,2021,2022,104.10967741935484,114.72330279525211,-10.613625375897271,10.613625375897271,-10.194657825271594
72060,NY,2021,2022,63.75919117647059,65.20602645006292,-1.4468352735923347,1.4468352735923347,-2.269218361926568
72090,NY,2021,2022,98.68685714285716,111.85861814847644,-13.171761005619274,13.171761005619274,-13.347026531154082
72102,NY,2021,2022,175.01176470588234,153.59932819053364,21.412436515348702,21.412436515348702,12.234855497476739
72108,NY,2021,2022,94.88787128712872,97.08092024817256,-2.193048961043843,2.193048961043843,-2.3112005057081766
72114,NY,2021,2022,110.26737089201876,126.15314468616704,-15.885773794148278,15.885773794148278,-14.406595229067989
72120,NY,2021,2022,88.96853994490358,95.94706860702419,-6.97852866212061,6.97852866212061,-7.843816102233745
72132,NY,2021,2022,66.79302325581395,71.61385853408584,-4.820835278271886,4.820835278271886,-7.217573098627872
72138,NY,2021,2022,75.04563106796117,76.68822678446018,-1.6425957164990166,1.6425957164990166,-2.1887959273891444
72150,NY,2021,2022,75.0360294117647,77.89735541249308,-2.8613260007283827,2.8613260007283827,-3.81326946955933
72162,NY,2021,2022,109.6,118.21179319254178,-8.611793192541782,8.611793192541782,-7.857475540640313
72168,NY,2021,2022,66.12982456140351,75.95202892844826,-9.822204367044748,9.822204367044748,-14.852911575358164
72174,NY,2021,2022,133.45,169.44863721199113,-35.99863721199114,35.99863721199114,-26.975374456344053
72192,NY,2021,2022,73.66304347826087,74.9997982506978,-1.3367547724369189,1.3367547724369189,-1.8146884914297852
72198,NY,2021,2022,94.05169082125605,98.00654246647012,-3.9548516452140774,3.9548516452140774,-4.204976657708599
72210,NY,2021,2022,57.94594594594594,61.78894507755128,-3.842999131605346,3.842999131605346,-6.632041411818928
72222,NY,2021,2022,90.55082872928176,110.06712107111258,-19.51629234183082,19.51629234183082,-21.552858892300524
72246,NY,2021,2022,76.85833333333333,76.25601201582074,0.6023213175125903,0.6023213175125903,0.7836773078337942
72252,NY,2021,2022,68.52272727272727,67.85282585999552,0.6699014127317469,0.6699014127317469,0.9776339024940918
72258,NY,2021,2022,68.75242424242424,73.0910336438567,-4.338609401432464,4.338609401432464,-6.3104820655259015
72276,NY,2021,2022,80.0,76.27950515652884,3.720494843471158,3.720494843471158,4.650618554338948
72282,NY,2021,2022,78.12142857142857,88.80585029537248,-10.684421723943913,10.684421723943913,-13.676685026535138
72306,NY,2021,2022,75.13142857142857,77.58001584371294,-2.448587272284371,2.448587272284371,-3.2590718942026538
72312,NY,2021,2022,81.0575,73.97195849780219,7.085541502197813,7.085541502197813,8.74137680313088
72318,NY,2021,2022,89.93348416289592,97.31621917088185,-7.382735007985929,7.382735007985929,-8.20910595948182
72324,NY,2021,2022,123.65361050328228,153.6454709843041,-29.991860481021817,29.991860481021817,-24.254738991406732
72336,NY,2021,2022,87.77094017094016,91.6944646524734,-3.923524481533235,3.923524481533235,-4.470186230080128
72342,NY,2021,2022,65.41772151898734,67.80394105927378,-2.3862195402864472,2.3862195402864472,-3.6476653189363266
72348,NY,2021,2022,68.30833333333334,69.52535099573504,-1.2170176624017017,1.2170176624017017,-1.7816532815445187
72354,NY,2021,2022,85.10625,92.4939941303138,-7.387744130313791,7.387744130313791,-8.680612916576386
72360,NY,2021,2022,123.86285714285714,135.2776549164691,-11.414797773611951,11.414797773611951,-9.215674526582818
72366,NY,2021,2022,103.4630738522954,106.97284975063263,-3.5097758983372387,3.5097758983372387,-3.3922981095147233
72372,NY,2021,2022,82.8635294117647,76.68003112162532,6.183498290139383,6.183498290139383,7.462267579036369
72378,NY,2021,2022,103.35,122.12101330645608,-18.771013306456084,18.771013306456084,-18.1625673018443
72384,NY,2021,2022,46.96363636363636,54.2715694551654,-7.307933091529037,7.307933091529037,-15.560833141080025
72390,NY,2021,2022,104.5156652360515,110.71008097507566,-6.194415739024151,6.194415739024151,-5.926782100112833
72396,NY,2021,2022,69.59494949494949,72.27319574587825,-2.6782462509287654,2.6782462509287654,-3.8483342115552883
72402,NY,2021,2022,100.75526315789472,87.97835559569032,12.7769075622044,12.7769075622044,12.681131646871451
72408,NY,2021,2022,80.39172932330827,66.36549690103868,14.026232422269587,14.026232422269587,17.44735750845816
72420,NY,2021,2022,85.41692307692308,80.66102775319114,4.755895323731949,4.755895323731949,5.567860738145506
72426,NY,2021,2022,51.52857142857143,59.10432201587807,-7.575750587306636,7.575750587306636,-14.702038844232451
72432,NY,2021,2022,64.96875,66.72801053238848,-1.7592605323884811,1.7592605323884811,-2.7078565193088693
72444,NY,2021,2022,83.05945945945946,84.81071331697927,-1.7512538575198136,1.7512538575198136,-2.1084339687697873
72450,NY,2021,2022,107.85477707006368,137.86495793735327,-30.01018086728959,30.01018086728959,-27.82461906883794
72456,NY,2021,2022,73.434375,70.64533183951411,2.789043160485889,2.789043160485889,3.7980076231136835
72462,NY,2021,2022,125.07118155619597,150.65104811920213,-25.579866563006163,25.579866563006163,-20.452246668440424
72468,NY,2021,2022,56.26233502538071,57.766610616157585,-1.504275590776878,1.504275590776878,-2.673681407105266
72498,NY,2021,2022,73.56852791878173,76.63211718610765,-3.0635892673259235,3.0635892673259235,-4.164266098552452
72504,NY,2021,2022,97.22190082644627,92.40662273565755,4.815278090788723,4.815278090788723,4.952873837947913
72510,NY,2021,2022,49.56315789473684,48.23863148039303,1.3245264143438078,1.3245264143438078,2.672401175802522
72516,NY,2021,2022,71.39894736842105,73.26951387866733,-1.8705665102462774,1.8705665102462774,-2.6198796749678803
72522,NY,2021,2022,74.12622950819672,73.30273462063846,0.8234948875582546,0.8234948875582546,1.1109358900646558
72540,NY,2021,2022,64.41857142857143,65.6147771023214,-1.1962056737499722,1.1962056737499722,-1.8569267328077097
72552,NY,2021,2022,63.89821428571429,64.2218257782226,-0.3236114925083058,0.3236114925083058,-0.506448413505439
72558,NY,2021,2022,65.2041095890411,66.30126886199096,-1.0971592729498667,1.0971592729498667,-1.6826535625819927
72564,NY,2021,2022,74.16347826086957,73.73494530408597,0.4285329567835987,0.4285329567835987,0.5778220855233309
72570,NY,2021,2022,62.25547445255474,64.33770122433819,-2.0822267717834464,2.0822267717834464,-3.344648466811258
72636,NY,2021,2022,99.90629921259844,124.56232045798485,-24.656021245386412,24.656021245386412,-24.67914579932436
72648,NY,2021,2022,67.65,74.70498824201691,-7.054988242016904,7.054988242016904,-10.42865963343223
72660,NY,2021,2022,96.49724011039558,102.76253550469676,-6.265295394301177,6.265295394301177,-6.492719778444959
72696,NY,2021,2022,64.00365853658536,68.1362782621958,-4.132619725610439,4.132619725610439,-6.456849217843036
72702,NY,2021,2022,80.25637583892617,79.52065669369816,0.7357191452280176,0.7357191452280176,0.9167111491610327
72708,NY,2021,2022,91.43252032520326,95.38094096227796,-3.9484206370747046,3.9484206370747046,-4.3183985556026805
72720,NY,2021,2022,77.65357142857142,73.58484178101003,4.068729647561398,4.068729647561398,5.239591138836368
72726,NY,2021,2022,85.08,81.96266182688755,3.1173381731124437,3.1173381731124437,3.6640081959478654
72732,NY,2021,2022,65.26282722513089,68.37119458084801,-3.108367355717121,3.108367355717121,-4.762845080239146
72738,NY,2021,2022,82.6212927756654,85.06594457783726,-2.4446518021718617,2.4446518021718617,-2.9588641378556226
72750,NY,2021,2022,71.90675675675676,78.69563195225726,-6.788875195500495,6.788875195500495,-9.44122013243571
72780,NY,2021,2022,70.67551020408163,71.28630441605317,-0.6107942119715375,0.6107942119715375,-0.8642232793336991
72804,NY,2021,2022,77.31968085106384,79.67487760440825,-2.3551967533444156,2.3551967533444156,-3.0460507951152653
72816,NY,2021,2022,148.34666666666666,154.41974168213267,-6.073075015466003,6.073075015466003,-4.0938398899869695
72822,NY,2021,2022,76.64615384615385,81.93943326052295,-5.2932794143690955,5.2932794143690955,-6.906125289722826
72828,NY,2021,2022,70.35902777777778,76.9266169175213,-6.567589139743518,6.567589139743518,-9.334394387151875
72834,NY,2021,2022,88.86153846153846,94.75716751445349,-5.895629052915027,5.895629052915027,-6.634624107331661
72840,NY,2021,2022,87.61444444444444,83.14101858263325,4.473425861811194,4.473425861811194,5.105808625708691
72858,NY,2021,2022,71.06401673640167,68.2241402790275,2.8398764573741744,2.8398764573741744,3.9962228252705603
72864,NY,2021,2022,76.47316409791478,79.21173999488794,-2.7385758969731597,2.7385758969731597,-3.5810940076531157
72882,NY,2021,2022,76.59333333333333,93.18715383043569,-16.593820497102357,16.593820497102357,-21.664836579035192
72888,NY,2021,2022,142.77250996015937,170.4535645643528,-27.681054604193434,27.681054604193434,-19.388224394120286
72894,NY,2021,2022,59.52523364485981,61.2208103949686,-1.695576750108792,1.695576750108792,-2.8485007891358527
72900,NY,2021,2022,65.73958333333333,70.15505120179759,-4.415467868464262,4.415467868464262,-6.7166045852094625
72906,NY,2021,2022,97.8622641509434,105.59824343439533,-7.735979283451925,7.735979283451925,-7.904966588060848
72918,NY,2021,2022,88.4,80.52167113900236,7.878328860997641,7.878328860997641,8.912136720585567
72924,NY,2021,2022,82.72837837837838,83.91873917203753,-1.1903607936591527,1.1903607936591527,-1.438878432035435
72930,NY,2021,2022,57.80125,57.59173551421354,0.20951448578646392,0.20951448578646392,0.3624739703491947
72936,NY,2021,2022,85.85777777777778,84.02521411394193,1.832563663835856,1.832563663835856,2.134417767693693
72942,NY,2021,2022,71.63384615384615,76.55997439873254,-4.926128244886385,4.926128244886385,-6.87681662981863
72948,NY,2021,2022,87.80835820895523,94.43729895943841,-6.628940750483181,6.628940750483181,-7.54932774703345
72954,NY,2021,2022,158.91909871244636,186.95165074700952,-28.032552034563167,28.032552034563167,-17.639511085628683
72960,NY,2021,2022,65.32765957446809,67.26068205848864,-1.9330224840205545,1.9330224840205545,-2.9589648498230217
72984,NY,2021,2022,75.92068965517241,85.3396111278847,-9.418921472712285,9.418921472712285,-12.406264373377676
72990,NY,2021,2022,130.24347826086955,139.72897313989614,-9.48549487902659,9.48549487902659,-7.28289431892147
72996,NY,2021,2022,59.04090909090909,55.60003761882762,3.4408714720814686,3.4408714720814686,5.827944598182486
73002,NY,2021,2022,63.76018518518519,66.72349709510253,-2.963311909917337,2.963311909917337,-4.647589873383662
73008,NY,2021,2022,76.38295454545455,72.78137610791212,3.601578437542429,3.601578437542429,4.715159892642244
73014,NY,2021,2022,70.31,80.84180771099139,-10.531807710991387,10.531807710991387,-14.979103557092003
73020,NY,2021,2022,92.38300395256915,87.51757076530774,4.8654331872614165,4.8654331872614165,5.266589068438827
73038,NY,2021,2022,84.85555555555555,78.05928715194116,6.796268403614391,6.796268403614391,8.009220326375477
73050,NY,2021,2022,69.12368421052632,72.76813563411599,-3.644451423589672,3.644451423589672,-5.272362816324952
73056,NY,2021,2022,74.4,68.96443645948946,5.435563540510543,5.435563540510543,7.305864973804494
73080,NY,2021,2022,68.12333894028596,71.24791354107003,-3.1245746007840722,3.1245746007840722,-4.586643358046414
73092,NY,2021,2022,59.65741007194245,64.3460192381308,-4.688609166188343,4.688609166188343,-7.859223456959034
73098,NY,2021,2022,60.10261437908497,62.296451156941764,-2.193836777856795,2.193836777856795,-3.650151995085634
73104,NY,2021,2022,101.22434782608696,109.4922507717629,-8.267902945675942,8.267902945675942,-8.167899446367374
73110,NY,2021,2022,75.72828282828283,76.51785832369134,-0.7895754954085135,0.7895754954085135,-1.0426428091587792
73116,NY,2021,2022,125.4997084548105,147.7891983694667,-22.2894899146562,22.2894899146562,-17.760590991876384
73122,NY,2021,2022,68.22941176470589,71.38688980562844,-3.1574780409225554,3.1574780409225554,-4.62773745113229
73128,NY,2021,2022,84.03715277777778,86.25625447292565,-2.21910169514787,2.21910169514787,-2.640619799454551
73134,NY,2021,2022,68.80760749724367,72.68547272192183,-3.8778652246781604,3.8778652246781604,-5.63580883819206
73140,NY,2021,2022,66.46388888888889,62.39932486454643,4.0645640243424594,4.0645640243424594,6.11544718837834
73152,NY,2021,2022,70.60945945945946,74.22815803357555,-3.6186985741160953,3.6186985741160953,-5.124948699251518
73158,NY,2021,2022,84.36796116504854,95.3715365712309,-11.003575406182364,11.003575406182364,-13.042362591477271
73176,NY,2021,2022,101.4445945945946,104.47209376548082,-3.027499170886216,3.027499170886216,-2.9843868793454016
73182,NY,2021,2022,65.094,72.13748616132139,-7.043486161321397,7.043486161321397,-10.820484470644603
73188,NY,2021,2022,91.00122249388752,95.52228960280166,-4.5210671089141385,4.5210671089141385,-4.968138872219892
73212,NY,2021,2022,38.363703703703706,42.805133693060036,-4.44142998935633,4.44142998935633,-11.577166854532726
73218,NY,2021,2022,98.33316618911176,98.09589933093662,0.23726685817514692,0.23726685817514692,0.24128874048339044
73224,NY,2021,2022,84.12450495049505,92.47147009099973,-8.346965140504679,8.346965140504679,-9.922156624180598
73230,NY,2021,2022,71.30552188552188,75.31328831811342,-4.007766432591538,4.007766432591538,-5.620555500632678
73236,NY,2021,2022,41.72743902439024,46.10971548204475,-4.3822764576545055,4.3822764576545055,-10.502145734592066
73242,NY,2021,2022,56.11610169491525,59.327349412109086,-3.211247717193835,3.211247717193835,-5.722506767580419
73248,NY,2021,2022,74.04866204162538,77.90294802463556,-3.854285983010186,3.854285983010186,-5.20507174166571
73254,NY,2021,2022,56.13869731800767,58.88653889349194,-2.7478415754842658,2.7478415754842658,-4.8947369760267625
73260,NY,2021,2022,52.92390350877193,59.08624351736955,-6.162340008597624,6.162340008597624,-11.643774551845446
73266,NY,2021,2022,165.62831423895253,201.09941651370724,-35.47110227475471,35.47110227475471,-21.416086034408607
73812,NY,2021,2022,81.5,87.35794565023996,-5.857945650239955,5.857945650239955,-7.187663374527552
73818,NY,2021,2022,76.86006578947368,82.9070411619707,-6.046975372497016,6.046975372497016,-7.867512615797391
73824,NY,2021,2022,54.49232981783317,55.11492864724251,-0.6225988294093341,0.6225988294093341,-1.1425439717675316
73830,NY,2021,2022,67.18689956331878,61.307713155794225,5.87918640752455,5.87918640752455,8.750495179471473
73836,NY,2021,2022,69.40892733564014,72.26679029838387,-2.8578629627437238,2.8578629627437238,-4.1174285102029895
73842,NY,2021,2022,31.89144736842105,36.45607383598685,-4.564626467565798,4.564626467565798,-14.313011306240359
73848,NY,2021,2022,52.31596899224806,55.76241207515286,-3.4464430829048,3.4464430829048,-6.587745862865463
73854,NY,2021,2022,115.75063532401524,149.0325419469603,-33.28190662294506,33.28190662294506,-28.75310924193254
74406,NY,2021,2022,73.27617071724956,78.26471202388599,-4.988541306636435,4.988541306636435,-6.807862989846587
74424,NY,2021,2022,116.95730994152046,136.406619601059,-19.449309659538528,19.449309659538528,-16.629409200043444
74430,NY,2021,2022,63.51875,66.87179757915477,-3.353047579154776,3.353047579154776,-5.278831178439084
74436,NY,2021,2022,62.60344827586207,71.81592375473201,-9.21247547886994,9.21247547886994,-14.715603904556776
74442,NY,2021,2022,65.93636363636364,56.683646513959296,9.252717122404341,9.252717122404341,14.032798613876707
74454,NY,2021,2022,156.95283018867926,192.8476722143389,-35.89484202565964,35.89484202565964,-22.86982782184241
74460,NY,2021,2022,117.87058823529412,131.8630359261278,-13.992447690833671,13.992447690833671,-11.8710255885903
74466,NY,2021,2022,76.95769230769231,68.48624774847292,8.471444559219393,8.471444559219393,11.00792436102275
74472,NY,2021,2022,97.1375,89.86585920446065,7.271640795539355,7.271640795539355,7.48592541041241
74478,NY,2021,2022,62.21756756756757,62.16222972348901,0.05533784407855791,0.05533784407855791,0.08894247435575432
74484,NY,2021,2022,70.44907597535935,79.00182795236309,-8.552751977003737,8.552751977003737,-12.140332372840765
74508,NY,2021,2022,77.66923076923077,71.5869239797043,6.08230678952647,6.08230678952647,7.8310377601113315
74514,NY,2021,2022,92.37878787878788,95.60101232561973,-3.2222244468318593,3.2222244468318593,-3.488056642461911
74526,NY,2021,2022,99.42380952380952,144.56254934391978,-45.13873982011026,45.13873982011026,-45.4003322104658
74532,NY,2021,2022,71.76923076923077,64.56307479133233,7.206155977898447,7.206155977898447,10.040731802002123
74538,NY,2021,2022,62.725,63.24166693575043,-0.516666935750429,0.516666935750429,-0.8237017708257138
74544,NY,2021,2022,95.00833333333334,155.2639096730457,-60.25557633971236,60.25557633971236,-63.421359185733564
74562,NY,2021,2022,52.55,52.049955148390055,0.5000448516099425,0.5000448516099425,0.9515601362701095
74568,NY,2021,2022,57.93345454545455,58.34135835777454,-0.4079038123199865,0.4079038123199865,-0.7040902627340225
74580,NY,2021,2022,73.07058823529412,77.31740779522173,-4.2468195599276015,4.2468195599276015,-5.81194111405323
74586,NY,2021,2022,73.89878048780488,80.86246815917882,-6.963687671373933,6.963687671373933,-9.423278199459748
74598,NY,2021,2022,112.88695652173914,142.8328711041883,-29.945914582449177,29.945914582449177,-26.527346918669352
74604,NY,2021,2022,54.12903225806452,51.605275686320375,2.523756571744144,2.523756571744144,4.662482343508252
74610,NY,2021,2022,64.45294117647059,71.86994091674217,-7.416999740271578,7.416999740271578,-11.507620296122736
74634,NY,2021,2022,82.17058823529412,78.80390138383395,3.366686851460173,3.366686851460173,4.097192102142096
74640,NY,2021,2022,103.85050505050503,138.37830148819734,-34.5277964376923,34.5277964376923,-33.24759607177701
74652,NY,2021,2022,90.46818181818182,111.2347342636967,-20.766552445514876,20.766552445514876,-22.954537195464365
74658,NY,2021,2022,109.90940594059406,125.18383559491983,-15.274429654325772,15.274429654325772,-13.897290703747037
74664,NY,2021,2022,130.21875,137.9844952624697,-7.765745262469693,7.765745262469693,-5.963615272354936
74676,NY,2021,2022,81.50550847457627,100.27544355279514,-18.769935078218865,18.769935078218865,-23.029038686475655
74688,NY,2021,2022,106.65833333333332,102.01022976680139,4.64810356653193,4.64810356653193,4.357937557495364
74694,NY,2021,2022,67.59454545454545,69.7292332866091,-2.1346878320636478,2.1346878320636478,-3.1580770574145474
74706,NY,2021,2022,72.90602409638554,66.33013659027942,6.575887506106113,6.575887506106113,9.019676477505412
74724,NY,2021,2022,70.26153846153846,69.17496269757905,1.0865757639594165,1.0865757639594165,1.5464730601568222
74730,NY,2021,2022,74.8126582278481,77.29575525042517,-2.48309702257707,2.48309702257707,-3.3190867446717287
74736,NY,2021,2022,56.24864864864865,53.88079617889497,2.3678524697536787,2.3678524697536787,4.209616633715458
74742,NY,2021,2022,108.40555555555557,157.65700323442132,-49.25144767886576,49.25144767886576,-45.43258638956509
74748,NY,2021,2022,62.16132075471698,62.72331625085403,-0.561995496137051,0.561995496137051,-0.9040919486808123
74760,NY,2021,2022,70.28461538461538,64.78430863584462,5.500306748770754,5.500306748770754,7.825762037213506
74766,NY,2021,2022,110.64883720930231,114.12864594142846,-3.479808732126145,3.479808732126145,-3.144912156233301
74778,NY,2021,2022,76.20779220779221,86.08808513738666,-9.880292929594447,9.880292929594447,-12.964937893298778
74784,NY,2021,2022,98.46136363636364,142.80078576024442,-44.33942212388078,44.33942212388078,-45.0323055524953
74790,NY,2021,2022,77.85833333333333,76.01433318879208,1.8440001445412548,1.8440001445412548,2.368404338488179
74796,NY,2021,2022,75.89177215189873,80.25567494576255,-4.363902793863815,4.363902793863815,-5.750165887718876
74808,NY,2021,2022,70.6859649122807,72.26379527737005,-1.5778303650893548,1.5778303650893548,-2.232169239038327
74814,NY,2021,2022,70.253125,84.72838722647076,-14.475262226470761,14.475262226470761,-20.604438914953267
74820,NY,2021,2022,65.752,66.43730255606727,-0.6853025560672705,0.6853025560672705,-1.0422535528459522
74832,NY,2021,2022,74.6297619047619,75.8135877702118,-1.18382586544989,1.18382586544989,-1.5862650975097827
74838,NY,2021,2022,69.17884615384615,77.12992021443503,-7.95107406058888,7.95107406058888,-11.493504882846073
74844,NY,2021,2022,75.92,95.41251943369173,-19.492519433691726,19.492519433691726,-25.675078284630832
74862,NY,2021,2022,81.99855072463768,86.25759597233204,-4.25904524769436,4.25904524769436,-5.194049419235243
74880,NY,2021,2022,78.45925925925926,81.86750054446792,-3.4082412852086605,3.4082412852086605,-4.34396311842116
74886,NY,2021,2022,91.27941176470588,108.7908133347003,-17.51140156999442,17.51140156999442,-19.1843935356794
74892,NY,2021,2022,51.14545454545455,49.367104704341614,1.7783498411129344,1.7783498411129344,3.4770437703950012
74904,NY,2021,2022,133.99319727891157,142.632521913608,-8.639324634696436,8.639324634696436,-6.4475845118565065
74910,NY,2021,2022,77.48867924528302,84.22067035357595,-6.731991108292931,6.731991108292931,-8.687709190375353
74916,NY,2021,2022,80.38354430379746,84.96671989630438,-4.583175592506919,4.583175592506919,-5.7016341244987885
74922,NY,2021,2022,82.00844155844156,88.55925035783405,-6.550808799392485,6.550808799392485,-7.987968890646692
74946,NY,2021,2022,90.391,113.68647249772266,-23.295472497722656,23.295472497722656,-25.771893770090664
74952,NY,2021,2022,106.23333333333332,142.72981048689707,-36.496477153563745,36.496477153563745,-34.355014578189916
74964,NY,2021,2022,122.846875,130.38249257301612,-7.5356175730161254,7.5356175730161254,-6.134154876154665
74970,NY,2021,2022,122.05,204.974867431591,-82.92486743159101,82.92486743159101,-67.94335717459322
74976,NY,2021,2022,125.29027777777776,151.396960641791,-26.106682864013237,26.106682864013237,-20.836958243733477
74988,NY,2021,2022,172.3638211382114,165.8008306763935,6.56299046181789,6.56299046181789,3.8076380637647276
75006,NY,2021,2022,156.80550458715595,238.46068514190483,-81.65518055474888,81.65518055474888,-52.0741799018689
75012,NY,2021,2022,117.17592592592592,153.76236394255238,-36.58643801662646,36.58643801662646,-31.22351091106802
75018,NY,2021,2022,121.17647058823528,141.83976071971773,-20.663290131482455,20.663290131482455,-17.052229720155427
75048,NY,2021,2022,89.94873765093304,92.9514478427999,-3.0027101918668535,3.0027101918668535,-3.3382460613505973
75078,NY,2021,2022,97.45370370370372,117.61752153252903,-20.1638178288253,20.1638178288253,-20.69066342530292
75084,NY,2021,2022,128.03333333333333,180.13598538983604,-52.102652056502706,52.102652056502706,-40.69459936722419
75090,NY,2021,2022,70.84736842105264,70.62319416115986,0.22417425989277717,0.22417425989277717,0.3164186121360052
75096,NY,2021,2022,94.4890243902439,109.90780618020294,-15.418781789959041,15.418781789959041,-16.31806645211912
75102,NY,2021,2022,88.16842105263157,92.59386630371893,-4.425445251087353,4.425445251087353,-5.0193087255646915
75108,NY,2021,2022,105.52574257425742,114.88514691358259,-9.359404339325167,9.359404339325167,-8.869309147707769
75120,NY,2021,2022,127.12634730538922,144.31818799327192,-17.191840687882703,17.191840687882703,-13.523428504229425
75126,NY,2021,2022,120.28219178082192,128.81735196892635,-8.535160188104427,8.535160188104427,-7.095946674847085
75132,NY,2021,2022,71.23598326359833,77.65287510188661,-6.416891838288279,6.416891838288279,-9.00793607992117
75138,NY,2021,2022,87.07391304347826,83.21341301117965,3.860500032298603,3.860500032298603,4.433589691060462
75144,NY,2021,2022,93.74933171324425,103.56160089497735,-9.8122691817331,9.8122691817331,-10.466495069795673
75150,NY,2021,2022,105.64652406417112,115.37188076648215,-9.725356702311032,9.725356702311032,-9.205562405823896
75156,NY,2021,2022,114.21808510638296,141.18556371563727,-26.967478609254314,26.967478609254314,-23.610515431191786
75168,NY,2021,2022,85.34859943977591,90.30335013275364,-4.954750692977726,4.954750692977726,-5.805309900221527
75174,NY,2021,2022,143.19147286821706,189.49084655629196,-46.299373688074894,46.299373688074894,-32.33389025244921
75186,NY,2021,2022,109.43855421686747,110.63894620522409,-1.200391988356614,1.200391988356614,-1.0968638949468148
75198,NY,2021,2022,118.42289336316182,126.25031779678578,-7.8274244336239605,7.8274244336239605,-6.60972233605201
75204,NY,2021,2022,80.38341836734693,85.07658788906795,-4.693169521721018,4.693169521721018,-5.838479647971105
75228,NY,2021,2022,83.67885462555066,86.27442918932628,-2.595574563775628,2.595574563775628,-3.1018285030195556
75240,NY,2021,2022,131.4804568527919,140.57002620833623,-9.089569355544342,9.089569355544342,-6.913247468953658
75252,NY,2021,2022,91.98557692307692,96.39859050134102,-4.413013578264099,4.413013578264099,-4.797506006788965
75258,NY,2021,2022,64.15796178343949,62.5540050356716,1.6039567477678887,1.6039567477678887,2.5000120065876272
75270,NY,2021,2022,183.58264840182648,202.21270205037467,-18.6300536485482,18.6300536485482,-10.148047111604283
75276,NY,2021,2022,107.75878378378378,176.94637330162476,-69.18758951784098,69.18758951784098,-64.20598589592912
75282,NY,2021,2022,86.05403726708074,82.70213097484748,3.3519062922332665,3.3519062922332665,3.8951179964167824
75288,NY,2021,2022,77.19594594594595,77.26369237132683,-0.06774642538087505,0.06774642538087505,-0.08775904556997381
75294,NY,2021,2022,97.02234848484848,105.12447550737922,-8.102127022530738,8.102127022530738,-8.350784277084374
75300,NY,2021,2022,69.61745213549337,72.55192376444914,-2.9344716289557766,2.9344716289557766,-4.215137927260745
75318,NY,2021,2022,79.64863701578193,79.81213868547228,-0.16350166969034774,0.16350166969034774,-0.20527867872735953
75366,NY,2021,2022,105.9532279314888,137.62087745102173,-31.66764951953293,31.66764951953293,-29.88832915973998
75378,NY,2021,2022,86.46296296296296,96.35539466406031,-9.892431701097351,9.892431701097351,-11.44123606466603
75384,NY,2021,2022,110.99834710743802,146.52296124046552,-35.5246141330275,35.5246141330275,-32.00463345516519
75390,NY,2021,2022,61.01159420289855,65.63964324805474,-4.628049045156189,4.628049045156189,-7.585523875618248
75396,NY,2021,2022,79.89099099099099,86.90070571365506,-7.0097147226640715,7.0097147226640715,-8.774099101430012
75402,NY,2021,2022,112.79248120300753,183.43967659259687,-70.64719538958934,70.64719538958934,-62.63466734315052
75414,NY,2021,2022,104.84541910331384,111.26928852202843,-6.423869418714588,6.423869418714588,-6.126991025124863
75420,NY,2021,2022,109.89558011049724,123.48325325146337,-13.587673140966132,13.587673140966132,-12.364167082337678
75426,NY,2021,2022,115.14884696016772,119.65420999823202,-4.505363038064303,4.505363038064303,-3.912642772378605
75432,NY,2021,2022,214.43471615720523,258.1776981542484,-43.74298199704316,43.74298199704316,-20.399207171741043
75450,NY,2021,2022,103.45801526717555,100.16386567251256,3.294149594662997,3.294149594662997,3.1840448380495294
75462,NY,2021,2022,100.75964912280702,100.5434076196862,0.2162415031208127,0.2162415031208127,0.2146112109394655
75468,NY,2021,2022,117.93362068965516,125.52608469090379,-7.592464001248629,7.592464001248629,-6.437913087760072
75480,NY,2021,2022,104.87315789473683,115.30983986632808,-10.436681971591241,10.436681971591241,-9.951718991876584
75486,NY,2021,2022,159.03366336633664,161.33894123524175,-2.305277868905108,2.305277868905108,-1.4495533964999994
75492,NY,2021,2022,106.93166666666669,109.63556788980097,-2.703901223134281,2.703901223134281,-2.52862534310162
75498,NY,2021,2022,105.9849557522124,114.68090032789088,-8.695944575678482,8.695944575678482,-8.204885791535519
75510,NY,2021,2022,116.6122448979592,131.96780999063895,-15.355565092679754,15.355565092679754,-13.168055469746372
75516,NY,2021,2022,75.99114114114114,75.92045049320045,0.07069064794069391,0.07069064794069391,0.09302485379104594
75534,NY,2021,2022,88.05151515151515,86.92021585636753,1.1312992951476133,1.1312992951476133,1.2848152507096824
75540,NY,2021,2022,88.60862337662337,96.91021826584158,-8.301594889218208,8.301594889218208,-9.368834062496365
75552,NY,2021,2022,73.98,75.68753663279311,-1.7075366327931079,1.7075366327931079,-2.308105748571381
75564,NY,2021,2022,74.15943396226415,77.45331447359013,-3.2938805113259804,3.2938805113259804,-4.441620351366306
75606,NY,2021,2022,63.07471143756558,65.28441576346398,-2.2097043258984,2.2097043258984,-3.5033126201229994
75618,NY,2021,2022,92.3954971020954,101.65987637204904,-9.264379269953636,9.264379269953636,-10.026873127503887
76206,NY,2021,2022,54.022,57.02014164619453,-2.998141646194533,2.998141646194533,-5.5498531083531395
76314,NY,2021,2022,95.63617021276596,113.9778052008557,-18.341634988089737,18.341634988089737,-19.178554460393283
76326,NY,2021,2022,75.93661538461538,72.47985974843947,3.456755636175913,3.456755636175913,4.552159216825254
76338,NY,2021,2022,76.43291139240506,92.78806914621441,-16.35515775380935,16.35515775380935,-21.39805674788743
76350,NY,2021,2022,108.61176470588236,156.42550041727736,-47.813735711395,47.813735711395,-44.02261195264921
76356,NY,2021,2022,85.39607843137254,90.09350480954818,-4.697426378175635,4.697426378175635,-5.500751866434547
76374,NY,2021,2022,61.37407407407407,63.634602514620696,-2.260528440546622,2.260528440546622,-3.6831976280706535
76392,NY,2021,2022,83.26153846153846,89.49380282305042,-6.232264361511952,6.232264361511952,-7.4851659922076275
76398,NY,2021,2022,56.43703703703704,59.396334078352346,-2.9592970413153097,2.9592970413153097,-5.243537217188172
76404,NY,2021,2022,56.779591836734696,56.42252639797142,0.35706543876327856,0.35706543876327856,0.6288622852203526
76422,NY,2021,2022,84.66516853932585,84.46134102068325,0.20382751864259774,0.20382751864259774,0.24074542360111476
76428,NY,2021,2022,64.15,56.20796238645785,7.942037613542155,7.942037613542155,12.380417168421129
76440,NY,2021,2022,85.62934782608696,87.29724568653455,-1.6678978604475958,1.6678978604475958,-1.9478110049782151
76446,NY,2021,2022,59.63846153846154,53.705368149282585,5.933093389178957,5.933093389178957,9.948434678102211
76452,NY,2021,2022,60.035714285714285,55.243458950087515,4.79225533562677,4.79225533562677,7.982340832691824
76458,NY,2021,2022,92.45625,82.32039138040724,10.135858619592753,10.135858619592753,10.962870135434601
76476,NY,2021,2022,57.53272727272727,61.733932201946374,-4.201204929219102,4.201204929219102,-7.302287112696352
76482,NY,2021,2022,67.46052631578948,70.3433919909247,-2.8828656751352213,2.8828656751352213,-4.273411182178209
76488,NY,2021,2022,89.17765957446808,86.57730570225098,2.6003538722170987,2.6003538722170987,2.9159252268172224
76506,NY,2021,2022,49.27777777777778,48.94597913395246,0.33179864382531576,0.33179864382531576,0.6733230652599418
76512,NY,2021,2022,72.35,80.06844268125592,-7.718442681255922,7.718442681255922,-10.668199974092499
76524,NY,2021,2022,53.929568106312296,57.10448707351647,-3.174918967204171,3.174918967204171,-5.887158155884723
76548,NY,2021,2022,90.6513812154696,89.21592304748012,1.4354581679894807,1.4354581679894807,1.5834928809055153
76554,NY,2021,2022,49.97391304347826,47.013442844716295,2.9604701987619677,2.9604701987619677,5.924031196409018
76560,NY,2021,2022,66.50434782608696,78.8004015788193,-12.296053752732348,12.296053752732348,-18.489097562293672
76572,NY,2021,2022,66.816,82.64350444028312,-15.827504440283121,15.827504440283121,-23.68819510339308
76578,NY,2021,2022,65.44047619047619,64.5742002454869,0.8662759449892832,0.8662759449892832,1.3237616768983043
76584,NY,2021,2022,93.70379746835442,112.73683184082859,-19.033034372474162,19.033034372474162,-20.311913590163712
76590,NY,2021,2022,77.05454545454545,80.27494262924913,-3.2203971747036775,3.2203971747036775,-4.179373398034504
76596,NY,2021,2022,79.15294117647059,83.06987918616151,-3.9169380096909236,3.9169380096909236,-4.948569126393111
76608,NY,2021,2022,66.50833333333334,76.4701985719418,-9.961865238608453,9.961865238608453,-14.978371490201909
76626,NY,2021,2022,65.94427244582043,70.63795060781392,-4.693678161993489,4.693678161993489,-7.117643409971347
76650,NY,2021,2022,97.27279411764704,95.92669595712955,1.346098160517485,1.346098160517485,1.3838382794776516
76656,NY,2021,2022,81.69101123595506,89.84092795811272,-8.149916722157656,8.149916722157656,-9.976515896733805
76662,NY,2021,2022,113.64594594594594,165.2942206742336,-51.64827472828766,51.64827472828766,-45.44664950288101
76668,NY,2021,2022,74.57,88.71742834296799,-14.147428342967999,14.147428342967999,-18.97201065169371
76674,NY,2021,2022,63.316822429906544,61.860092359368494,1.4567300705380504,1.4567300705380504,2.300699900331686
76680,NY,2021,2022,72.92719298245613,77.44157416053147,-4.51438117807534,4.51438117807534,-6.1902576987453095
76698,NY,2021,2022,72.515625,74.51654229389601,-2.000917293896009,2.000917293896009,-2.759291247777302
76716,NY,2021,2022,91.771875,128.42529237445748,-36.65341737445749,36.65341737445749,-39.93970633645383
76722,NY,2021,2022,56.28181818181818,57.6557637846453,-1.3739456028271206,1.3739456028271206,-2.4411890859470726
76728,NY,2021,2022,65.96930693069307,64.48287817912973,1.4864287515633379,1.4864287515633379,2.2532126237508763
76734,NY,2021,2022,56.86506024096386,58.875986205130225,-2.0109259641663684,2.0109259641663684,-3.5363120264801173
76740,NY,2021,2022,73.15659574468086,76.30356716266775,-3.14697141798689,3.14697141798689,-4.301691988197391
76746,NY,2021,2022,74.86875,84.32166029919928,-9.452910299199274,9.452910299199274,-12.625975856681556
76752,NY,2021,2022,92.265,100.54407936584049,-8.279079365840488,8.279079365840488,-8.973152729464573
76806,NY,2021,2022,60.574300932090544,61.357162726006365,-0.7828617939158207,0.7828617939158207,-1.2923992218968932
76818,NY,2021,2022,61.89034334763949,63.31645048923236,-1.4261071415928726,1.4261071415928726,-2.3042482307496597
76824,NY,2021,2022,86.54835318850736,99.01394580840942,-12.465592619902054,12.465592619902054,-14.403038487342753
76848,NY,2021,2022,97.51875,149.32259266710167,-51.80384266710168,51.80384266710168,-53.12193056935377
76854,NY,2021,2022,66.35157232704402,71.35813437074152,-5.0065620436975,5.0065620436975,-7.545506260229031
76860,NY,2021,2022,56.265517241379314,49.72406856572857,6.5414486756507415,6.5414486756507415,11.626034908002175
76884,NY,2021,2022,106.54756097560976,146.57536359363968,-40.027802618029924,40.027802618029924,-37.56801399441969
76890,NY,2021,2022,79.32075471698113,94.03275023466014,-14.711995517679014,14.711995517679014,-18.547472940936913
76896,NY,2021,2022,69.34150943396226,78.64672433515295,-9.305214901190695,9.305214901190695,-13.419400554083069
76902,NY,2021,2022,70.61140350877193,81.74455103917175,-11.133147530399825,11.133147530399825,-15.766784084693592
76914,NY,2021,2022,63.56666666666667,54.67075412851704,8.89591253814963,8.89591253814963,13.994618570765018
76926,NY,2021,2022,58.23333333333333,53.8635476511504,4.369785682182929,4.369785682182929,7.503925040955231
76932,NY,2021,2022,60.749830508474574,62.25628068682754,-1.5064501783529636,1.5064501783529636,-2.47976029849633
76938,NY,2021,2022,79.17857142857143,85.13910487977293,-5.960533451201499,5.960533451201499,-7.527962861237797
76944,NY,2021,2022,132.10697674418606,128.77603025117634,3.3309464930097192,3.3309464930097192,2.521400894261485
76962,NY,2021,2022,64.80104712041884,65.35767793224757,-0.5566308118287253,0.5566308118287253,-0.8589842858470271
76968,NY,2021,2022,63.3975,63.458798785129794,-0.06129878512979303,0.06129878512979303,-0.096689593642956
76986,NY,2021,2022,92.93318534961156,96.25003650552208,-3.3168511559105127,3.3168511559105127,-3.5690707721172243
76992,NY,2021,2022,62.130324909747294,63.34422197862539,-1.2138970688780972,1.2138970688780972,-1.953791599579508
76998,NY,2021,2022,137.99356223175965,108.07842426249465,29.915137969265004,29.915137969265004,21.67864752923955
77004,NY,2021,2022,74.76666666666667,80.17644152312812,-5.409774856461453,5.409774856461453,-7.23554372241835
77010,NY,2021,2022,69.09923076923077,74.5128731336137,-5.413642364382923,5.413642364382923,-7.834591361027952
77016,NY,2021,2022,88.8923076923077,111.32457430796784,-22.43226661566014,22.43226661566014,-25.235329353027154
77022,NY,2021,2022,61.024324324324326,53.07482408671852,7.949500237605804,7.949500237605804,13.026773054228032
77028,NY,2021,2022,56.67,55.65067751788002,1.019322482119982,1.019322482119982,1.7986985744132382
77034,NY,2021,2022,54.75047318611988,55.814615530789595,-1.0641423446697118,1.0641423446697118,-1.9436221876151545
77052,NY,2021,2022,65.06271186440678,68.48516373649622,-3.4224518720894395,3.4224518720894395,-5.260235508200092
77058,NY,2021,2022,65.225,73.37206647795615,-8.147066477956159,8.147066477956159,-12.490711349875292
77064,NY,2021,2022,160.75333333333333,159.96724545049483,0.7860878828385012,0.7860878828385012,0.48900253981576397
77070,NY,2021,2022,99.50725190839697,104.51476573155013,-5.007513823153161,5.007513823153161,-5.032310436794004
77076,NY,2021,2022,66.13821656050955,71.50380881134578,-5.3655922508362295,5.3655922508362295,-8.112695699811127
77082,NY,2021,2022,77.36,97.04829718049676,-19.68829718049676,19.68829718049676,-25.45022903373418
77094,NY,2021,2022,68.61428571428571,61.032490296655766,7.581795417629948,7.581795417629948,11.049878809787558
77100,NY,2021,2022,91.57291666666669,93.90183811359086,-2.32892144692417,2.32892144692417,-2.5432426220534667
77106,NY,2021,2022,54.36,55.063606495564095,-0.7036064955640953,0.7036064955640953,-1.2943460183298294
77112,NY,2021,2022,68.775,67.79536182409178,0.9796381759082209,0.9796381759082209,1.4244102884888707
77118,NY,2021,2022,63.050769230769234,64.95417039579647,-1.9034011650272333,1.9034011650272333,-3.0188389265493045
77130,NY,2021,2022,62.40833333333333,60.7659760200078,1.6423573133255331,1.6423573133255331,2.631631427414394
77142,NY,2021,2022,60.988,62.59439843251652,-1.6063984325165208,1.6063984325165208,-2.6339582090190214
77154,NY,2021,2022,74.90961538461538,70.91862947128276,3.990985913332622,3.990985913332622,5.327735155014925
77160,NY,2021,2022,52.0921052631579,55.73482300212402,-3.6427177389661196,3.6427177389661196,-6.992840317287826
77166,NY,2021,2022,84.62333333333333,77.73502247274875,6.888310860584582,6.888310860584582,8.139966353548566
77178,NY,2021,2022,86.17948717948718,80.08511135601918,6.094375823467999,6.094375823467999,7.071724400929841
77190,NY,2021,2022,65.1304347826087,69.07708826575845,-3.9466534831497455,3.9466534831497455,-6.059614827265964
77196,NY,2021,2022,204.7998011928429,337.99721070933816,-133.19740951649527,133.19740951649527,-65.03786075020375
77220,NY,2021,2022,67.10602409638554,78.42594667213105,-11.319922575745508,11.319922575745508,-16.868712948164696
77226,NY,2021,2022,77.929,78.27619100090612,-0.34719100090612187,0.34719100090612187,-0.44552220727344355
77238,NY,2021,2022,78.19189189189188,90.47923489245274,-12.287343000560853,12.287343000560853,-15.714344164417115
77268,NY,2021,2022,50.588235294117645,50.68598757271865,-0.09775227860100699,0.09775227860100699,-0.1932312483973394
77298,NY,2021,2022,58.63584070796461,64.25626307063216,-5.620422362667547,5.620422362667547,-9.585301915700366
77310,NY,2021,2022,55.41220657276995,58.53270663671969,-3.1205000639497342,3.1205000639497342,-5.631430792873669
77316,NY,2021,2022,67.61,69.29341892660534,-1.6834189266053414,1.6834189266053414,-2.4898963564640457
77322,NY,2021,2022,57.86028037383178,58.28483282216956,-0.42455244833778494,0.42455244833778494,-0.7337545646076673
77406,NY,2021,2022,66.33254480286739,71.13426306537511,-4.80171826250772,4.80171826250772,-7.2388573011601896
77418,NY,2021,2022,74.63684210526316,75.12534225074778,-0.48850014548462184,0.48850014548462184,-0.6545026982728873
77460,NY,2021,2022,57.78181818181818,54.52635709686023,3.2554610849579504,3.2554610849579504,5.634057887749757
77472,NY,2021,2022,58.549,66.70537358781975,-8.15637358781975,8.15637358781975,-13.930850378007738
77478,NY,2021,2022,68.05882352941177,67.75452936894813,0.3042941604636411,0.3042941604636411,0.44710464372358677
77484,NY,2021,2022,54.51875,49.27948305242783,5.239266947572169,5.239266947572169,9.610027646584284
77496,NY,2021,2022,56.42446808510638,54.0440036778018,2.3804644073045864,2.3804644073045864,4.218851303505555
77502,NY,2021,2022,61.07,54.341073371873,6.728926628126999,6.728926628126999,11.018383212914685
77508,NY,2021,2022,68.40508474576271,65.1939768307485,3.2111079150142103,3.2111079150142103,4.694253251711847
77514,NY,2021,2022,63.40653594771242,62.040227340639255,1.3663086070731651,1.3663086070731651,2.1548387506926385
77520,NY,2021,2022,64.75740740740741,66.08206357093866,-1.3246561635312446,1.3246561635312446,-2.045567011658532
77526,NY,2021,2022,77.95983606557377,71.55723247465814,6.402603590915632,6.402603590915632,8.212695041495802
77538,NY,2021,2022,56.508,51.63793420611466,4.870065793885345,4.870065793885345,8.618365176409261
77556,NY,2021,2022,54.38369565217391,53.02060856397146,1.3630870882024553,1.3630870882024553,2.506426001131771
77568,NY,2021,2022,59.774226804123714,60.87390273788274,-1.0996759337590234,1.0996759337590234,-1.8397158651045213
77580,NY,2021,2022,55.126666666666665,53.44145580804407,1.6852108586225967,1.6852108586225967,3.0569794266947574
77592,NY,2021,2022,61.0030303030303,68.2008708940085,-7.197840590978203,7.197840590978203,-11.799152526068287
77604,NY,2021,2022,59.50232558139535,55.309656108520244,4.192669472875103,4.192669472875103,7.0462279111087875
77610,NY,2021,2022,59.32428571428572,58.027770365942175,1.2965153483435472,1.2965153483435472,2.1854714856370143
77616,NY,2021,2022,83.03636363636363,99.10109033414203,-16.064726697778397,16.064726697778397,-19.34661634284677
77622,NY,2021,2022,52.90357142857143,50.14716977714688,2.7564016514245537,2.7564016514245537,5.210237375270877
77646,NY,2021,2022,73.71884057971015,94.75438478122787,-21.035544201517723,21.035544201517723,-28.534827780928772
77652,NY,2021,2022,121.28235294117648,150.72658920550106,-29.444236264324573,29.444236264324573,-24.27742829049945
77658,NY,2021,2022,90.01428571428572,90.93402703019586,-0.9197413159101444,0.9197413159101444,-1.0217726093272512
77664,NY,2021,2022,57.75792349726776,62.00158202045871,-4.243658523190952,4.243658523190952,-7.347318369905903
77670,NY,2021,2022,71.44848484848485,74.48283889053529,-3.0343540420504382,3.0343540420504382,-4.2469116713743515
77676,NY,2021,2022,96.98953068592058,105.7160409181871,-8.72651023226652,8.72651023226652,-8.997373397470515
77700,NY,2021,2022,52.746153846153845,55.219674245708305,-2.4735203995544595,2.4735203995544595,-4.689480121657864
77712,NY,2021,2022,49.95,50.513349072054204,-0.5633490720542014,0.5633490720542014,-1.1278259700784812
77718,NY,2021,2022,63.62647058823529,64.14419628480802,-0.5177256965727253,0.5177256965727253,-0.8136954506297166
77730,NY,2021,2022,61.4,49.36354442342485,12.03645557657515,12.03645557657515,19.60334784458494
77736,NY,2021,2022,56.85294117647059,51.067282151114014,5.785659025356573,5.785659025356573,10.17653424015124
77742,NY,2021,2022,50.71014492753624,49.245439392305954,1.4647055352302871,1.4647055352302871,2.8883875944809887
77748,NY,2021,2022,60.91648351648352,60.38157759577498,0.5349059207085389,0.5349059207085389,0.8780971747389155
77754,NY,2021,2022,62.31,58.99722068497646,3.3127793150235405,3.3127793150235405,5.316609396603339
77760,NY,2021,2022,60.61698113207547,59.89195822101099,0.7250229110644852,0.7250229110644852,1.1960722845711618
77772,NY,2021,2022,75.09473684210526,76.66493322150343,-1.570196379398169,1.570196379398169,-2.090953967519289
77790,NY,2021,2022,58.1,57.75829662242841,0.34170337757159075,0.34170337757159075,0.5881297376447345
77796,NY,2021,2022,58.115,55.18949348089443,2.925506519105575,2.925506519105575,5.033995558987481
77802,NY,2021,2022,55.38979591836735,53.463155151833966,1.9266407665333816,1.9266407665333816,3.4783315854292653
77814,NY,2021,2022,58.805,46.85666795127359,11.948332048726407,11.948332048726407,20.31856483075658
77820,NY,2021,2022,66.82941176470588,68.41340056977539,-1.5839888050695095,1.5839888050695095,-2.3701971381200297
77832,NY,2021,2022,74.59453376205788,77.8687710408903,-3.274237278832416,3.274237278832416,-4.389379641779918
77844,NY,2021,2022,55.44328358208955,54.094158018777314,1.349125563312235,1.349125563312235,2.4333435470406695
77868,NY,2021,2022,57.88125,50.05491765184321,7.8263323481567895,7.8263323481567895,13.52136028188194
77874,NY,2021,2022,65.12307692307692,68.07616493931754,-2.9530880162406135,2.9530880162406135,-4.534626058484288
77880,NY,2021,2022,53.77454545454545,52.902249546943004,0.8722959076024495,0.8722959076024495,1.6221353434587071
77886,NY,2021,2022,68.33839285714286,68.01850284696835,0.3198900101745181,0.3198900101745181,0.4680970634519137
77898,NY,2021,2022,78.17101449275363,86.41607878525946,-8.24506429250583,8.24506429250583,-10.54746998744674
77910,NY,2021,2022,55.65714285714286,57.85752425115989,-2.200381394017029,2.200381394017029,-3.9534573301127316
77916,NY,2021,2022,66.83571428571429,67.42968851685353,-0.5939742311392422,0.5939742311392422,-0.8887078375493631
77922,NY,2021,2022,66.98333333333333,77.14371151969812,-10.160378186364781,10.160378186364781,-15.16851682463018
77934,NY,2021,2022,72.34565217391304,77.68066501211639,-5.335012838203355,5.335012838203355,-7.3743378874772185
77952,NY,2021,2022,61.97848101265823,61.68994625879588,0.2885347538623506,0.2885347538623506,0.4655402151650368
77958,NY,2021,2022,69.55555555555556,79.95794331010283,-10.402387754547277,10.402387754547277,-14.955509551266053
77976,NY,2021,2022,63.67083333333333,71.95329457666159,-8.282461243328264,8.282461243328264,-13.008250104042821
77982,NY,2021,2022,73.2813559322034,79.51457774790416,-6.233221815700759,6.233221815700759,-8.505876749152206
77988,NY,2021,2022,47.22727272727273,37.782843488289956,9.44442923898277,9.44442923898277,19.99782899495871
78126,NY,2021,2022,72.93563090605892,80.4538317550136,-7.518200848954677,7.518200848954677,-10.307994536494952
78156,NY,2021,2022,76.3453125,102.03160926836455,-25.686296768364542,25.686296768364542,-33.64489046837622
78162,NY,2021,2022,91.96306203756404,98.52113242036607,-6.558070382802029,6.558070382802029,-7.131200546718705
78168,NY,2021,2022,66.69833333333334,67.56091335798246,-0.8625800246491195,0.8625800246491195,-1.2932557404969431
78174,NY,2021,2022,97.2947658402204,98.92903527610315,-1.634269435882743,1.634269435882743,-1.6797095113693743
78180,NY,2021,2022,79.67020202020203,77.5791613926099,2.091040627592122,2.091040627592122,2.624620717118171
78186,NY,2021,2022,86.42797281993205,93.41569669338544,-6.98772387345339,6.98772387345339,-8.085025768233544
78192,NY,2021,2022,66.53813559322033,71.33722188329779,-4.7990862900774545,4.7990862900774545,-7.21253495802254
78198,NY,2021,2022,69.62329545454546,66.52207605680688,3.101219397738575,3.101219397738575,4.454284126443353
78204,NY,2021,2022,82.06987951807228,77.62548804459597,4.4443914734763155,4.4443914734763155,5.415374677743536
78210,NY,2021,2022,158.631592039801,155.41151480850408,3.2200772312969264,3.2200772312969264,2.029909168716533
78216,NY,2021,2022,70.64150943396227,68.47066608088411,2.170843353078155,2.170843353078155,3.073042139774097
78222,NY,2021,2022,78.5070953436807,81.5113627430534,-3.0042673993726936,3.0042673993726936,-3.826746342124753
78234,NY,2021,2022,90.6038084874864,89.54542586325378,1.058382624232621,1.058382624232621,1.1681436375588978
78240,NY,2021,2022,58.83388429752066,56.385255209905765,2.448629087614897,2.448629087614897,4.161936810481992
78246,NY,2021,2022,88.20203735144312,89.8676627299915,-1.66562537854837,1.66562537854837,-1.8884205269677001
78252,NY,2021,2022,66.85145631067961,67.30853805643484,-0.4570817457552323,0.4570817457552323,-0.6837274324003214
78264,NY,2021,2022,76.93739837398374,75.92531973622752,1.0120786377562183,1.0120786377562183,1.31545731873675
78270,NY,2021,2022,68.54246208742194,69.57150118953274,-1.0290391021108007,1.0290391021108007,-1.5013162217580118
78312,NY,2021,2022,64.7132530120482,68.66294432610805,-3.949691314059848,3.949691314059848,-6.103373158083246
78318,NY,2021,2022,73.39134615384616,78.72339857086115,-5.332052417014992,5.332052417014992,-7.265233159557681
78324,NY,2021,2022,62.35217391304348,62.09719177673922,0.2549821363042568,0.2549821363042568,0.408938646886403
78342,NY,2021,2022,69.79119170984455,75.35233768063752,-5.561145970792964,5.561145970792964,-7.968263379013951
78360,NY,2021,2022,69.63237410071943,72.30999129694587,-2.6776171962264357,2.6776171962264357,-3.8453624923852354
78366,NY,2021,2022,86.02264150943397,100.98516198142175,-14.962520471987787,14.962520471987787,-17.39370032056836
78378,NY,2021,2022,91.08214285714286,87.92288728788282,3.15925556926004,3.15925556926004,3.4685784393710986
78396,NY,2021,2022,149.01366366366366,199.94344044040082,-50.92977677673716,50.92977677673716,-34.177924040368495
78408,NY,2021,2022,72.58458498023715,73.7398428698351,-1.155257889597948,1.155257889597948,-1.5916022526167146
78414,NY,2021,2022,59.82695895522388,59.5278178802067,0.29914107501718235,0.29914107501718235,0.5000104973429581
78426,NY,2021,2022,63.79545454545455,68.24083965940748,-4.445385113952938,4.445385113952938,-6.968184717275713
78432,NY,2021,2022,54.09090909090909,53.32015371158857,0.7707553793205264,0.7707553793205264,1.4249259113488721
78438,NY,2021,2022,69.39662162162162,69.89349408961706,-0.4968724679954448,0.4968724679954448,-0.7159894190593226
78444,NY,2021,2022,59.2962962962963,59.432019124587946,-0.13572282829164806,0.13572282829164806,-0.22888921698154263
78456,NY,2021,2022,83.7063063063063,70.92369984262895,12.782606463677354,12.782606463677354,15.270780694708938
78462,NY,2021,2022,68.8687306501548,72.27407559942498,-3.405344949270173,3.405344949270173,-4.944689581355771
78468,NY,2021,2022,146.91166666666666,179.08975326374463,-32.178086597077964,32.178086597077964,-21.903016504528548
78480,NY,2021,2022,78.75647058823529,80.03580187927375,-1.27933129103846,1.27933129103846,-1.624414199218277
78486,NY,2021,2022,83.31153846153846,89.93738224897515,-6.625843787436693,6.625843787436693,-7.953092584523061
78492,NY,2021,2022,67.4612334801762,71.55848623221353,-4.0972527520373205,4.0972527520373205,-6.073492197917367
78498,NY,2021,2022,64.92820512820512,60.90893670363709,4.019268424568033,4.019268424568033,6.190327326362581
78504,NY,2021,2022,90.45486725663716,85.41383783463132,5.041029422005835,5.041029422005835,5.572977524474723
78528,NY,2021,2022,65.9874684608915,72.62816349268287,-6.640695031791367,6.640695031791367,-10.063569927261382
78540,NY,2021,2022,77.58773824650572,79.13772348451299,-1.5499852380072667,1.5499852380072667,-1.9977193214252158
78552,NY,2021,2022,65.3137614678899,67.48462604591838,-2.170864578028471,2.170864578028471,-3.323747598116409
78606,NY,2021,2022,57.97264957264957,57.78455450559331,0.18809506705625978,0.18809506705625978,0.32445483938170655
78618,NY,2021,2022,41.38666666666666,35.32530500508723,6.061361661579433,6.061361661579433,14.645687004460614
78624,NY,2021,2022,156.76924066924067,168.17017182321166,-11.400931153970987,11.400931153970987,-7.272428637978303
78648,NY,2021,2022,92.39871794871794,98.4340013076386,-6.035283358920651,6.035283358920651,-6.531782575457686
78660,NY,2021,2022,84.29243697478992,91.27281891072494,-6.980381935935014,6.980381935935014,-8.281148566178835
78666,NY,2021,2022,55.67297297297297,56.02989864810211,-0.35692567512914053,0.35692567512914053,-0.6411112180095246
78672,NY,2021,2022,80.24255319148936,83.12599924711952,-2.8834460556301593,2.8834460556301593,-3.5934126482106774
78684,NY,2021,2022,67.03787375415283,67.82746385864051,-0.7895901044876865,0.7895901044876865,-1.1778268913828331
78696,NY,2021,2022,76.75674157303371,76.49713571527712,0.25960585775658274,0.25960585775658274,0.33821896609507435
78708,NY,2021,2022,65.75787234042554,68.17211722118354,-2.4142448807580053,2.4142448807580053,-3.6714157481549408
78720,NY,2021,2022,54.51379310344828,58.73445699510958,-4.220663891661303,4.220663891661303,-7.742377940298424
78732,NY,2021,2022,73.26481481481481,75.48084631612637,-2.216031501311562,2.216031501311562,-3.024687234810918
78756,NY,2021,2022,66.99965753424658,70.11894394415948,-3.1192864099129025,3.1192864099129025,-4.655675155232686
78786,NY,2021,2022,63.47485714285714,62.77293734913545,0.701919793721693,0.701919793721693,1.1058233532403947
78792,NY,2021,2022,69.27119565217392,70.0702423838105,-0.7990467316365795,0.7990467316365795,-1.1535050378641807
78810,NY,2021,2022,75.49640522875816,71.4545126683883,4.04189256036986,4.04189256036986,5.353754987568888
78816,NY,2021,2022,50.65263157894737,46.05249744565506,4.600134133292315,4.600134133292315,9.081727819259557
78840,NY,2021,2022,56.01907216494845,58.324919590227196,-2.305847425278749,2.305847425278749,-4.1161828216097
78846,NY,2021,2022,58.79032258064516,58.51633035905082,0.2739922215943409,0.2739922215943409,0.46604986937857706
78852,NY,2021,2022,65.63535353535353,67.62067747371053,-1.9853239383569985,1.9853239383569985,-3.0247783114135776
78858,NY,2021,2022,60.94957983193277,58.44191569999109,2.507664131941681,2.507664131941681,4.114325543927479
78864,NY,2021,2022,55.19444444444444,52.39818215151446,2.796262292929981,2.796262292929981,5.06620244315447
78870,NY,2021,2022,63.135714285714286,64.21367309226068,-1.0779588065463912,1.0779588065463912,-1.7073677216483174
78876,NY,2021,2022,58.16129032258065,54.19760582886572,3.963684493714929,3.963684493714929,6.814987204945247
78882,NY,2021,2022,78.29787234042553,75.73334735513883,2.5645249852866954,2.5645249852866954,3.2753444105563774
78888,NY,2021,2022,73.72530612244898,73.15399189460202,0.571314227846969,0.571314227846969,0.7749228289375751
78912,NY,2021,2022,190.0188585607941,299.0913722466751,-109.07251368588103,109.07251368588103,-57.40088879177468
78930,NY,2021,2022,58.57037037037037,55.95089754657582,2.6194728237945526,2.6194728237945526,4.472351476062535
78936,NY,2021,2022,69.7752808988764,70.87480360466657,-1.0995227057901644,1.0995227057901644,-1.5758054881694787
78948,NY,2021,2022,60.69193548387097,61.083693920837575,-0.3917584369666045,0.3917584369666045,-0.6454868078325089
78954,NY,2021,2022,89.56640926640927,97.63427828475949,-8.067869018350223,8.067869018350223,-9.007695054909357
78960,NY,2021,2022,70.62717391304348,71.8103399286635,-1.1831660156200172,1.1831660156200172,-1.6752277488502327
78984,NY,2021,2022,93.17086614173228,90.2571855933623,2.9136805483699817,2.9136805483699817,3.1272442438580184
78990,NY,2021,2022,57.3239263803681,61.41537234385887,-4.09144596349077,4.09144596349077,-7.137414029078057
78996,NY,2021,2022,64.76535433070866,66.97807145778042,-2.2127171270717554,2.2127171270717554,-3.4165135818960386
79002,NY,2021,2022,70.23841463414634,68.06584554029732,2.1725690938490203,2.1725690938490203,3.0931351528438795
79212,NY,2021,2022,60.07669491525424,68.64612358267141,-8.56942866741717,8.56942866741717,-14.264147985346783
79218,NY,2021,2022,49.28842443729904,51.91880681058808,-2.630382373289038,2.630382373289038,-5.336714255565643
79224,NY,2021,2022,42.88914431673052,45.85878580829434,-2.96964149156382,2.96964149156382,-6.923993329485476
79230,NY,2021,2022,40.6645390070922,43.33329544545828,-2.6687564383660813,2.6687564383660813,-6.562859197544648
79236,NY,2021,2022,49.12715151515152,51.47377526438934,-2.3466237492378212,2.3466237492378212,-4.776633036649986
79242,NY,2021,2022,52.38193979933111,55.5258510763212,-3.143911276990096,3.143911276990096,-6.001899297800044
79248,NY,2021,2022,39.01449735449735,42.49475460107912,-3.480257246581772,3.480257246581772,-8.920420568177818
79254,NY,2021,2022,63.00327380952381,68.79763413371835,-5.794360324194535,5.794360324194535,-9.19691941995344
79260,NY,2021,2022,54.79392971246006,59.006694471000905,-4.2127647585408425,4.2127647585408425,-7.6883785861828144
79266,NY,2021,2022,47.377672955974845,50.3756156851847,-2.9979427292098535,2.9979427292098535,-6.3277542820553
79272,NY,2021,2022,61.51069063386944,65.49264089184078,-3.9819502579713415,3.9819502579713415,-6.473590553019694
79284,NY,2021,2022,81.59232804232805,94.15157326984982,-12.559245227521771,12.559245227521771,-15.392679102141013
79290,NY,2021,2022,104.87754532775452,117.38163006269085,-12.504084734936328,12.504084734936328,-11.922556631030607
79314,NY,2021,2022,73.25724550898204,78.82487003849357,-5.567624529511534,5.567624529511534,-7.600100837573656
79344,NY,2021,2022,84.77163461538461,98.75995215919174,-13.988317543807128,13.988317543807128,-16.50117708272725
79812,NY,2021,2022,52.15441176470589,52.91898729403332,-0.7645755293274306,0.7645755293274306,-1.4659843788034759
79818,NY,2021,2022,82.62727272727273,76.85929402888348,5.767978698389243,5.767978698389243,6.980720176288005
79824,NY,2021,2022,98.2945054945055,107.95412880027861,-9.65962330577311,9.65962330577311,-9.82722610707174
79848,NY,2021,2022,61.40909090909091,62.512022033725344,-1.1029311246344378,1.1029311246344378,-1.7960388410035257
79854,NY,2021,2022,62.07878787878788,65.35946683800137,-3.280678959213489,3.280678959213489,-5.284702023530467
79860,NY,2021,2022,57.59310344827586,52.88363104263684,4.709472405639019,4.709472405639019,8.177146435368911
79884,NY,2021,2022,53.76111111111111,51.35686134309891,2.4042497680121997,2.4042497680121997,4.4720983594316
79890,NY,2021,2022,61.955,65.76405885600909,-3.809058856009088,3.809058856009088,-6.1481056508903045
79896,NY,2021,2022,62.89293286219081,61.69653115569509,1.1964017064957204,1.1964017064957204,1.902283216966907
79902,NY,2021,2022,61.12267441860465,64.04868316983516,-2.926008751230505,2.926008751230505,-4.787108514250286
79908,NY,2021,2022,62.666101694915255,67.46232730384492,-4.79622560892966,4.79622560892966,-7.653620504877883
79914,NY,2021,2022,54.80487804878049,53.36597898303108,1.4388990657494105,1.4388990657494105,2.6254945124933613
79920,NY,2021,2022,59.69892473118279,70.54491454745603,-10.845989816273239,10.845989816273239,-18.167814353627723
79932,NY,2021,2022,70.23928571428571,71.39265034609951,-1.1533646318138011,1.1533646318138011,-1.64205062748698
79938,NY,2021,2022,90.79958592132505,103.89081196907625,-13.091226047751206,13.091226047751206,-14.417715581978907
79944,NY,2021,2022,62.88829787234042,60.67118703706759,2.217110835272827,2.217110835272827,3.5254743891676523
79950,NY,2021,2022,62.5225,56.30695720501638,6.2155427949836195,6.2155427949836195,9.941289607715014
79956,NY,2021,2022,110.13372549019608,132.2901825238061,-22.15645703361001,22.15645703361001,-20.117776761835174
79962,NY,2021,2022,58.43,61.56363457505606,-3.133634575056057,3.133634575056057,-5.363057633161144
79968,NY,2021,2022,81.34444444444445,79.79750893166498,1.54693551277947,1.54693551277947,1.9017100963004
79974,NY,2021,2022,53.97375,57.17274822221557,-3.1989982222155646,3.1989982222155646,-5.92695193907328
79986,NY,2021,2022,85.37142857142857,97.32110139854146,-11.949672827112892,11.949672827112892,-13.99727406120988
79992,NY,2021,2022,63.06140350877193,61.341893320829,1.7195101879429302,1.7195101879429302,2.7267236253372378
80004,NY,2021,2022,59.35344827586207,64.2282683498387,-4.874820073976629,4.874820073976629,-8.213204481935932
80010,NY,2021,2022,66.71449275362319,66.59091534770357,0.12357740591961885,0.12357740591961885,0.18523322417512872
80022,NY,2021,2022,103.24,114.21976030428691,-10.979760304286913,10.979760304286913,-10.635180457465045
80028,NY,2021,2022,61.58688524590164,63.683252120901635,-2.096366874999994,2.096366874999994,-3.403917679274905
80034,NY,2021,2022,54.38560885608856,55.42751265346765,-1.0419037973790921,1.0419037973790921,-1.915771137427377
80040,NY,2021,2022,65.3495890410959,71.95895317600812,-6.6093641349122265,6.6093641349122265,-10.11385722832296
80058,NY,2021,2022,65.78441558441558,68.76752819826764,-2.9831126138520574,2.9831126138520574,-4.534679813373247
80076,NY,2021,2022,98.40855614973262,107.7762796800592,-9.367723530326586,9.367723530326586,-9.51921651616676
80088,NY,2021,2022,66.67777777777778,64.51662937073633,2.161148407041452,2.161148407041452,3.2411824134932625
80100,NY,2021,2022,57.966062176165806,62.50303379107233,-4.536971614906527,4.536971614906527,-7.826944671725547
80124,NY,2021,2022,78.06463414634146,84.61169350445228,-6.547059358110815,6.547059358110815,-8.38671625084103
80130,NY,2021,2022,64.0025,61.67385609630996,2.328643903690036,2.328643903690036,3.6383639759228723
80142,NY,2021,2022,58.32099567099567,59.40124289624951,-1.080247225253835,1.080247225253835,-1.8522441409399089
80160,NY,2021,2022,72.93181818181819,77.72222673474025,-4.7904085529220595,4.7904085529220595,-6.568338308774403
80166,NY,2021,2022,55.729032258064514,54.335495455475055,1.393536802589459,1.393536802589459,2.5005580504904623
80178,NY,2021,2022,71.5029702970297,69.16776637796852,2.335203919061186,2.335203919061186,3.2658837938627463
80190,NY,2021,2022,62.76864864864865,67.78969244468956,-5.021043796040914,5.021043796040914,-7.999286115185486
80202,NY,2021,2022,67.1755376344086,72.10135119918036,-4.925813564771758,4.925813564771758,-7.332749000952784
80208,NY,2021,2022,55.01698113207547,55.335204059899,-0.3182229278235269,0.3182229278235269,-0.5784085590948567
80412,NY,2021,2022,60.74032258064516,62.02601347438726,-1.2856908937420997,1.2856908937420997,-2.1167007995966483
80418,NY,2021,2022,79.4980079681275,86.72623370528096,-7.2282257371534655,7.2282257371534655,-9.092335672173597
80436,NY,2021,2022,56.288,64.95791508613665,-8.669915086136655,8.669915086136655,-15.402776943818674
80442,NY,2021,2022,58.0068085106383,61.04127002154051,-3.0344615109022115,3.0344615109022115,-5.2312161086154205
80448,NY,2021,2022,60.79464285714285,61.66643125852301,-0.8717884013801651,0.8717884013801651,-1.4339888523216113
80454,NY,2021,2022,60.2712962962963,57.520730566084936,2.7505657302113633,2.7505657302113633,4.563641234277529
80466,NY,2021,2022,54.02928571428571,57.031170275603266,-3.001884561317553,3.001884561317553,-5.556032291805469
80478,NY,2021,2022,110.9839378238342,124.34576890739382,-13.361831083559622,13.361831083559622,-12.039427817716268
80496,NY,2021,2022,68.32871287128712,67.02282108909613,1.3058917821909972,1.3058917821909972,1.9111903727075108
80502,NY,2021,2022,55.02285714285714,57.90656715683501,-2.8837100139778684,2.8837100139778684,-5.24093106704878
80520,NY,2021,2022,90.8129411764706,95.62512524190787,-4.812184065437265,4.812184065437265,-5.299006951097504
80526,NY,2021,2022,71.72692307692307,68.34594647225295,3.380976604670124,3.380976604670124,4.713678573726378
80544,NY,2021,2022,66.87410714285714,71.76009180487046,-4.885984662013314,4.885984662013314,-7.306242835625191
80550,NY,2021,2022,59.92386363636364,59.97715116878548,-0.05328753242184092,0.05328753242184092,-0.08892539497320465
80568,NY,2021,2022,61.915,65.93919558324075,-4.024195583240747,4.024195583240747,-6.4995487091023945
80586,NY,2021,2022,70.5,76.65221399928254,-6.152213999282537,6.152213999282537,-8.726544679833387
80598,NY,2021,2022,50.425,50.98466524324326,-0.5596652432432663,0.5596652432432663,-1.109896367363939
80622,NY,2021,2022,57.91111111111111,53.03115408549413,4.8799570256169815,4.8799570256169815,8.426633390359331
80628,NY,2021,2022,73.46976744186047,73.96708736031785,-0.49731991845737866,0.49731991845737866,-0.6769041685764523
80634,NY,2021,2022,61.40057471264368,64.74727539804738,-3.3467006854036967,3.3467006854036967,-5.450601563692758
80640,NY,2021,2022,62.190402647545504,64.08574571235778,-1.8953430648122733,1.8953430648122733,-3.047645591802705
80646,NY,2021,2022,66.95625,80.59067268466103,-13.634422684661033,13.634422684661033,-20.363181457535383
80700,NY,2021,2022,56.63636363636363,54.2089328946963,2.4274307416673366,2.4274307416673366,4.285993283842809
80712,NY,2021,2022,55.25106382978724,57.08429299015328,-1.833229160366038,1.833229160366038,-3.317997941204705
80724,NY,2021,2022,59.065714285714286,57.16593452427303,1.899779761441259,1.899779761441259,3.2163832849825407
80736,NY,2021,2022,79.9774358974359,83.20334451479555,-3.22590861735965,3.22590861735965,-4.0335234321547855
80754,NY,2021,2022,66.32842105263158,70.02658720808493,-3.6981661554533503,3.6981661554533503,-5.575537751032632
80760,NY,2021,2022,60.209,59.97099347714378,0.23800652285622448,0.23800652285622448,0.39530057442612315
80766,NY,2021,2022,75.28354430379747,77.65679448647914,-2.373250182681673,2.373250182681673,-3.1524155838156536
80784,NY,2021,2022,52.702,51.08183186313026,1.6201681368697365,1.6201681368697365,3.0742061721941036
80808,NY,2021,2022,69.09583333333333,76.19307328706769,-7.097239953734359,7.097239953734359,-10.271588909704192
80814,NY,2021,2022,74.3475,74.931560065923,-0.5840600659229978,0.5840600659229978,-0.7855813119782075
80820,NY,2021,2022,54.121428571428574,48.46423029045827,5.657198280970306,5.657198280970306,10.452788165973905
80826,NY,2021,2022,56.45572519083969,55.92853423433339,0.5271909565063027,0.5271909565063027,0.9338130981830747
80838,NY,2021,2022,63.40571428571429,62.99670355692263,0.4090107287916567,0.4090107287916567,0.6450691919479083
80856,NY,2021,2022,69.87307692307692,70.64668032262566,-0.7736033995487333,0.7736033995487333,-1.1071551928368506
80862,NY,2021,2022,67.51896551724138,64.93843082503969,2.580534692201695,2.580534692201695,3.8219405058016473
80868,NY,2021,2022,66.72913907284769,71.00187185118436,-4.272732778336675,4.272732778336675,-6.403098912563768
80880,NY,2021,2022,63.464516129032255,63.88754223286968,-0.42302610383742234,0.42302610383742234,-0.6665553125424465
80898,NY,2021,2022,52.98571428571429,48.74059480047652,4.245119485237765,4.245119485237765,8.011818926035145
80910,NY,2021,2022,59.68627450980392,57.47073409296496,2.2155404168389623,2.2155404168389623,3.7119763882650156
80916,NY,2021,2022,64.95384615384616,71.62526938574821,-6.671423231902054,6.671423231902054,-10.271021081800887
80928,NY,2021,2022,54.13333333333333,52.08263143837606,2.050701894957271,2.050701894957271,3.7882424167929885
80934,NY,2021,2022,62.99666666666667,61.75634620892884,1.2403204577378304,1.2403204577378304,1.968866804176671
80940,NY,2021,2022,68.65970149253731,69.50171014590067,-0.8420086533633651,0.8420086533633651,-1.2263505885688766
80946,NY,2021,2022,65.71104294478528,74.53273338753773,-8.821690442752455,8.821690442752455,-13.424974018697311
80952,NY,2021,2022,82.37246621621621,86.10040686819372,-3.727940651977505,3.727940651977505,-4.525712077373259
80958,NY,2021,2022,54.70823529411765,52.832559553857315,1.8756757402603341,1.8756757402603341,3.4285071162988343
80964,NY,2021,2022,63.43333333333333,58.241389974548774,5.191943358784556,5.191943358784556,8.184881805756
80970,NY,2021,2022,59.203,58.28762915576897,0.9153708442310347,0.9153708442310347,1.546156181664839
81006,NY,2021,2022,50.99779792746114,51.42286306352275,-0.4250651360616047,0.4250651360616047,-0.8334970397471159
81012,NY,2021,2022,54.31852367688023,54.18810242903219,0.13042124784804088,0.13042124784804088,0.240104551853924
81606,NY,2021,2022,60.33041561712847,62.50533261531868,-2.1749169981902057,2.1749169981902057,-3.6050091416454997
81618,NY,2021,2022,51.42063953488372,58.99229053659083,-7.57165100170711,7.57165100170711,-14.724925769486994
81630,NY,2021,2022,69.2635,69.45336899115729,-0.18986899115729727,0.18986899115729727,-0.27412560895319654
81636,NY,2021,2022,65.7,66.60751920128352,-0.9075192012835203,0.9075192012835203,-1.3813077645106853
81642,NY,2021,2022,70.23052631578948,74.8273985317754,-4.596872215985925,4.596872215985925,-6.545404765039388
81648,NY,2021,2022,58.22857142857143,56.582112160090006,1.646459268481422,1.646459268481422,2.827579705439145
81672,NY,2021,2022,62.63333333333333,63.26747251713666,-0.6341391838033275,0.6341391838033275,-1.0124627735018532
81678,NY,2021,2022,60.461467889908256,56.871791544119475,3.5896763457887815,3.5896763457887815,5.937130657041063
81684,NY,2021,2022,47.00833333333333,41.216906593834516,5.791426739498817,5.791426739498817,12.32000015493455
81696,NY,2021,2022,47.73783783783784,51.60964780152665,-3.8718099636888113,3.8718099636888113,-8.110568343796979
81702,NY,2021,2022,73.31546666666667,79.0095342499771,-5.694067583310428,5.694067583310428,-7.766529822689202
81708,NY,2021,2022,71.75454545454545,78.38335090680403,-6.628805452258575,6.628805452258575,-9.238167993772246
81714,NY,2021,2022,60.62412993039443,60.136831313467184,0.48729861692724796,0.48729861692724796,0.8038030689871172
81720,NY,2021,2022,61.61521739130435,60.55842027810692,1.056797113197426,1.056797113197426,1.715156024665053
81726,NY,2021,2022,61.416,55.54704925248646,5.868950747513537,5.868950747513537,9.556061527148524
81732,NY,2021,2022,71.78691588785047,74.99025385480795,-3.203337966957477,3.203337966957477,-4.462286653966178
81744,NY,2021,2022,78.56507177033492,88.74607958887782,-10.181007818542895,10.181007818542895,-12.958694734352807
81750,NY,2021,2022,74.58478260869565,70.66446894394686,3.9203136647487895,3.9203136647487895,5.256184341672573
81756,NY,2021,2022,67.53333333333333,65.80105265409287,1.7322806792404606,1.7322806792404606,2.5650750432978193
81780,NY,2021,2022,57.39818181818182,58.4800638296331,-1.0818820114512846,1.0818820114512846,-1.8848715711559014
81804,NY,2021,2022,70.09086021505377,70.69013975598874,-0.5992795409349725,0.5992795409349725,-0.8550038323060304
81810,NY,2021,2022,52.45111111111111,56.04756125216145,-3.59645014105034,3.59645014105034,-6.8567663579742115
81816,NY,2021,2022,50.23571428571429,47.63667441097333,2.59903987474096,2.59903987474096,5.173689498986697
81822,NY,2021,2022,50.00327102803738,54.51809013139457,-4.5148191033571905,4.5148191033571905,-9.029047521362516
81828,NY,2021,2022,46.694117647058825,47.01535042392512,-0.3212327768662959,0.3212327768662959,-0.6879512732082427
81840,NY,2021,2022,120.99565217391304,164.43119518549952,-43.435543011586475,43.435543011586475,-35.89843290331988
81852,NY,2021,2022,60.36342182890856,62.66295122529649,-2.299529396387932,2.299529396387932,-3.8094748884607927
81876,NY,2021,2022,62.42258064516129,61.4729569916424,0.9496236535188913,0.9496236535188913,1.5212822727035105
81888,NY,2021,2022,63.52574257425743,63.08745051155806,0.43829206269936805,0.43829206269936805,0.6899440210195628
81900,NY,2021,2022,77.99508196721311,85.84643035462058,-7.851348387407469,7.851348387407469,-10.066465973723766
81912,NY,2021,2022,56.22682926829268,57.43694350295276,-1.2101142346600753,1.2101142346600753,-2.152200738344818
81924,NY,2021,2022,62.58795180722892,62.723780978085564,-0.13582917085664548,0.13582917085664548,-0.21702127475748006
81930,NY,2021,2022,47.32201257861635,44.037973914394335,3.2840386642220167,3.2840386642220167,6.9397696447635715
81936,NY,2021,2022,58.4775,60.752692686546276,-2.2751926865462764,2.2751926865462764,-3.89071469632983
81948,NY,2021,2022,63.90571428571429,63.44886074736405,0.4568535383502379,0.4568535383502379,0.7148868351704889
81954,NY,2021,2022,60.796,57.59403805644302,3.201961943556981,3.201961943556981,5.266731271065499
81960,NY,2021,2022,58.54337349397591,60.552256595252274,-2.0088831012763606,2.0088831012763606,-3.4314440411997675
81966,NY,2021,2022,68.28507462686566,65.57971185497044,2.7053627718952242,2.7053627718952242,3.961865439377938
81972,NY,2021,2022,60.27136690647482,61.483097890226595,-1.211730983751778,1.211730983751778,-2.010458773287925
81984,NY,2021,2022,70.8695652173913,82.34685735342067,-11.477292136029376,11.477292136029376,-16.194952093783783
81990,NY,2021,2022,57.060526315789474,48.35923768317392,8.701288632615551,8.701288632615551,15.249226031425122
82002,NY,2021,2022,57.84347826086957,53.280510047585075,4.562968213284492,4.562968213284492,7.888474812503256
82008,NY,2021,2022,61.706896551724135,64.03318251771937,-2.3262859659952326,2.3262859659952326,-3.7698962287712625
82014,NY,2021,2022,65.51252059308072,66.85483337890908,-1.342312785828355,1.342312785828355,-2.048940834021469
82020,NY,2021,2022,48.06428571428572,39.00789637770591,9.056389336579805,9.056389336579805,18.84224263815088
82032,NY,2021,2022,62.02857142857143,59.669268626117535,2.3593028024538967,2.3593028024538967,3.803574301514803
82038,NY,2021,2022,56.15102040816326,55.24650782631535,0.9045125818479107,0.9045125818479107,1.610856891420645
82056,NY,2021,2022,70.74698795180723,73.18193740915802,-2.434949457350797,2.434949457350797,-3.4417712016368553
82074,NY,2021,2022,63.62823529411765,69.8825672403833,-6.254331946265644,6.254331946265644,-9.829491447240954
82080,NY,2021,2022,58.388636363636365,55.26285037128449,3.1257859923518723,3.1257859923518723,5.353414957124377
82086,NY,2021,2022,51.93157894736842,52.77275804142664,-0.8411790940582193,0.8411790940582193,-1.619783397902723
82092,NY,2021,2022,66.08780487804879,65.83798818674512,0.24981669130366413,0.24981669130366413,0.37800724621531695
82104,NY,2021,2022,64.09777777777778,54.59597362603461,9.501804151743166,9.501804151743166,14.823921329511942
82110,NY,2021,2022,84.27394957983194,82.43032000732266,1.843629572509272,1.843629572509272,2.187662476602949
82122,NY,2021,2022,64.25,59.74860705604359,4.501392943956411,4.501392943956411,7.0060590567414955
82140,NY,2021,2022,60.23030303030303,61.692972090673514,-1.4626690603704873,1.4626690603704873,-2.4284604041168287
82146,NY,2021,2022,62.68382352941177,63.240999803691516,-0.5571762742797475,0.5571762742797475,-0.8888677220181308
82158,NY,2021,2022,76.08620689655173,86.27807978362853,-10.191872887076798,10.191872887076798,-13.395164909369006
82164,NY,2021,2022,73.60375,76.9231884332227,-3.3194384332227003,3.3194384332227003,-4.509876783754496
82182,NY,2021,2022,58.73367346938775,58.656148064551104,0.07752540483664916,0.07752540483664916,0.13199481703976126
82380,NY,2021,2022,57.83884297520661,59.14913429349542,-1.3102913182888116,1.3102913182888116,-2.265417582524058
82386,NY,2021,2022,103.2375,108.31518949170076,-5.077689491700767,5.077689491700767,-4.918454526408298
82392,NY,2021,2022,83.34688346883469,91.6527513508174,-8.305867881982707,8.305867881982707,-9.965421064710188
82398,NY,2021,2022,60.25066666666667,66.83045336603348,-6.579786699366814,6.579786699366814,-10.920686962302183
82404,NY,2021,2022,58.87857142857143,58.28530677972716,0.5932646488442757,0.5932646488442757,1.0076070707048235
82416,NY,2021,2022,60.72727272727273,58.980838375727714,1.7464343515450125,1.7464343515450125,2.8758649501489724
82434,NY,2021,2022,65.91282051282052,60.24267038409917,5.670150128721346,5.670150128721346,8.602499611768945
82440,NY,2021,2022,84.06428571428572,136.86190901968178,-52.79762330539606,52.79762330539606,-62.80624745310093
82458,NY,2021,2022,61.43035714285714,63.24277708397878,-1.8124199411216395,1.8124199411216395,-2.9503653005090493
82464,NY,2021,2022,65.006,67.36751012509086,-2.3615101250908594,2.3615101250908594,-3.632757168708826
82476,NY,2021,2022,64.52661290322581,66.42219721151125,-1.8955843082854358,1.8955843082854358,-2.9376783051178434
82488,NY,2021,2022,67.62647058823529,69.01208426542044,-1.3856136771851482,1.3856136771851482,-2.0489220642932646
82500,NY,2021,2022,57.4531914893617,54.474443803942115,2.9787476854195845,2.9787476854195845,5.184651380021497
82506,NY,2021,2022,52.654545454545456,43.72006231120434,8.934483143341119,8.934483143341119,16.968113704549776
82512,NY,2021,2022,76.72972972972973,77.84704278985261,-1.117313060122882,1.117313060122882,-1.4561670737776202
82518,NY,2021,2022,75.18923076923078,92.22993133104974,-17.040700561818966,17.040700561818966,-22.663751693536977
82524,NY,2021,2022,59.27301587301587,62.091138636485994,-2.8181227634701216,2.8181227634701216,-4.75447844514535
82530,NY,2021,2022,57.56,59.348423759162586,-1.7884237591625833,1.7884237591625833,-3.1070600402407633
82536,NY,2021,2022,54.266666666666666,47.81940491987691,6.447261746789756,6.447261746789756,11.880703464600288
82542,NY,2021,2022,76.46346153846154,80.96746876245963,-4.504007223998087,4.504007223998087,-5.890404558434157
82560,NY,2021,2022,70.27891221374045,74.60433704908112,-4.3254248353406695,4.3254248353406695,-6.154655356909454
82650,NY,2021,2022,70.09220779220779,72.5894282552309,-2.497220463023112,2.497220463023112,-3.5627647375957388
82656,NY,2021,2022,64.35666666666667,76.6451570504643,-12.288490383797637,12.288490383797637,-19.09435497560103
82662,NY,2021,2022,55.089473684210525,58.256763136348525,-3.167289452138,3.167289452138,-5.749355076967804
82668,NY,2021,2022,66.03618677042802,71.40286663413409,-5.366679863706068,5.366679863706068,-8.126877286786867
82680,NY,2021,2022,65.175,64.31744180068301,0.8575581993169834,0.8575581993169834,1.3157778278741594
82692,NY,2021,2022,62.263636363636365,69.76078513765034,-7.497148774013979,7.497148774013979,-12.040974815907981
82698,NY,2021,2022,58.80654205607477,69.06156566797851,-10.255023611903745,10.255023611903745,-17.43857614026192
82716,NY,2021,2022,75.4,57.83581922382716,17.564180776172847,17.564180776172847,23.29466946442022
82722,NY,2021,2022,55.08707482993197,55.309527073785745,-0.22245224385377327,0.22245224385377327,-0.40381930705259045
82728,NY,2021,2022,73.75952380952381,70.99149948955952,2.7680243199642973,2.7680243199642973,3.75276869616516
82740,NY,2021,2022,56.05774818401937,58.95733856065262,-2.899590376633256,2.899590376633256,-5.172505979217794
82770,NY,2021,2022,61.0374269005848,63.1190324964099,-2.0816055958251027,2.0816055958251027,-3.410375734245047
82776,NY,2021,2022,60.58518518518518,66.0568511653072,-5.471665980122012,5.471665980122012,-9.03135966886504
82782,NY,2021,2022,56.99891304347826,57.1634196216318,-0.1645065781535422,0.1645065781535422,-0.28861353553892866
82806,NY,2021,2022,54.3811320754717,49.601407386451086,4.779724689020611,4.779724689020611,8.78930707508474
82812,NY,2021,2022,65.5609756097561,62.57186511918196,2.9891104905741415,2.9891104905741415,4.559283114342998
82818,NY,2021,2022,62.29945652173913,64.35091368369082,-2.0514571619516886,2.0514571619516886,-3.2928973645794826
82824,NY,2021,2022,60.333333333333336,74.28578874435327,-13.952455411019933,13.952455411019933,-23.125616703347955
82842,NY,2021,2022,66.54333333333334,66.41890065536516,0.12443267796817281,0.12443267796817281,0.18699495762386334
82848,NY,2021,2022,64.06923076923077,64.6420801940773,-0.5728494248465239,0.5728494248465239,-0.8941100399813675
82854,NY,2021,2022,58.224657534246575,55.98796345283532,2.236694081411258,2.236694081411258,3.8414894584750106
82860,NY,2021,2022,62.70740740740741,72.04368598828712,-9.336278580879714,9.336278580879714,-14.888637510114716
82866,NY,2021,2022,67.07225130890052,69.67065896819936,-2.598407659298843,2.598407659298843,-3.874042705577162
82872,NY,2021,2022,59.94791666666666,61.23179822542822,-1.2838815587615642,1.2838815587615642,-2.1416616792547383
82878,NY,2021,2022,60.38461538461539,54.707892911727924,5.676722472887462,5.676722472887462,9.400941674845479
82890,NY,2021,2022,62.98079584775086,65.78511322893551,-2.804317381184653,2.804317381184653,-4.452654723455355
82920,NY,2021,2022,65.16731266149871,73.77055240448392,-8.60323974298521,8.60323974298521,-13.201771550214717
82950,NY,2021,2022,61.14901960784314,65.91875596551702,-4.769736357673885,4.769736357673885,-7.8001845136076495
82962,NY,2021,2022,74.64564393939393,81.2993088458579,-6.653664906463959,6.653664906463959,-8.913668039177454
82980,NY,2021,2022,59.569,64.38776432616285,-4.818764326162849,4.818764326162849,-8.089382608677079
82992,NY,2021,2022,50.652,46.831632859858104,3.8203671401418973,3.8203671401418973,7.542381623908033
82998,NY,2021,2022,66.18172043010753,71.19523882328805,-5.013518393180519,5.013518393180519,-7.5753823874602055
83010,NY,2021,2022,57.84032258064517,55.42296930145522,2.4173532791899532,2.4173532791899532,4.17935649618742
83028,NY,2021,2022,54.33777777777778,57.373985097910776,-3.036207320132995,3.036207320132995,-5.587654564288597
83034,NY,2021,2022,60.596875,62.65247596384268,-2.0556009638426858,2.0556009638426858,-3.3922557290993733
83046,NY,2021,2022,61.40526315789474,42.84653132421654,18.558731833678195,18.558731833678195,30.223356890364766
83052,NY,2021,2022,57.92857142857143,72.31102046724529,-14.382449038673855,14.382449038673855,-24.827902162938837
83058,NY,2021,2022,58.482278481012656,62.8418272441752,-4.359548763162543,4.359548763162543,-7.454478307608945
83064,NY,2021,2022,56.406451612903226,55.80222430266519,0.6042273102380378,0.6042273102380378,1.071202482979479
83076,NY,2021,2022,67.48666666666666,77.94370314996831,-10.45703648330165,10.45703648330165,-15.49496663533782
83094,NY,2021,2022,63.12660098522168,68.58772209753961,-5.461121112317933,5.461121112317933,-8.651061560555771
83100,NY,2021,2022,99.91340615690169,114.41363455298892,-14.500228396087238,14.500228396087238,-14.512795583524014
83136,NY,2021,2022,58.98996282527881,65.96867471966843,-6.978711894389619,6.978711894389619,-11.830337840794588
83166,NY,2021,2022,79.59666666666666,72.22206695400969,7.374599712656973,7.374599712656973,9.26496048325764
83172,NY,2021,2022,61.728729281767954,60.846499623669295,0.8822296580986588,0.8822296580986588,1.4292043078865582
83178,NY,2021,2022,48.60952380952381,45.69631467602887,2.913209133494938,2.913209133494938,5.993083052840292
83184,NY,2021,2022,54.08627450980392,53.932823613613,0.15345089619091823,0.15345089619091823,0.28371504153628296
83190,NY,2021,2022,63.21818181818182,66.10665354282611,-2.8884717246442904,2.8884717246442904,-4.56905219601484
83406,NY,2021,2022,64.82152199762187,72.6445805456196,-7.823058547997732,7.823058547997732,-12.068612872565286
83418,NY,2021,2022,75.84752116082225,78.67634346456553,-2.82882230374328,2.82882230374328,-3.729617343387169
83424,NY,2021,2022,55.482968369829685,62.10437741767361,-6.621409047843926,6.621409047843926,-11.934129053276267
83430,NY,2021,2022,64.36187322611164,66.77135579758391,-2.4094825714722674,2.4094825714722674,-3.743648919302646
84006,NY,2021,2022,77.02331932773109,80.90557183549181,-3.8822525077607253,3.8822525077607253,-5.040359908720499
84024,NY,2021,2022,75.32927272727272,78.98880364269479,-3.659530915422067,3.659530915422067,-4.858046258685231
84030,NY,2021,2022,66.41,64.306458214585,2.10354178541499,2.10354178541499,3.1675075823143954
84036,NY,2021,2022,68.78351409978308,71.36296402335971,-2.5794499235766324,2.5794499235766324,-3.75009907146452
84048,NY,2021,2022,59.04683544303798,59.38131341743723,-0.334477974399249,0.334477974399249,-0.5664621514254007
84054,NY,2021,2022,67.05094339622642,65.2137465748848,1.837196821341621,1.837196821341621,2.7400014500691086
84066,NY,2021,2022,66.46428571428571,72.19548936252822,-5.731203648242513,5.731203648242513,-8.622982383169822
84072,NY,2021,2022,60.263063063063065,63.14719659792836,-2.884133534865292,2.884133534865292,-4.785905973360752
84078,NY,2021,2022,61.05866666666667,57.30460970539338,3.7540569612732853,3.7540569612732853,6.1482786412083765
84120,NY,2021,2022,62.73540433925049,63.97244721246944,-1.2370428732189467,1.2370428732189467,-1.971841715611593
84144,NY,2021,2022,65.65342465753425,66.31603858961468,-0.6626139320804327,0.6626139320804327,-1.0092602717022052
84150,NY,2021,2022,82.27283950617284,90.50543064131327,-8.232591135140424,8.232591135140424,-10.006450712720012
84156,NY,2021,2022,86.24888888888889,84.26195422715023,1.9869346617386583,1.9869346617386583,2.303722039014728
84168,NY,2021,2022,83.12307692307692,84.3104355269995,-1.1873586039225756,1.1873586039225756,-1.4284343745135557
84180,NY,2021,2022,62.12533333333333,62.057156346292075,0.06817698704125519,0.06817698704125519,0.10974104022179121
84186,NY,2021,2022,156.86735849056603,203.1716068843735,-46.304248393807455,46.304248393807455,-29.51809021288019
84192,NY,2021,2022,143.9224358974359,162.17652620572716,-18.254090308291268,18.254090308291268,-12.68328332164956
84198,NY,2021,2022,90.2219512195122,92.32809964255677,-2.1061484230445586,2.1061484230445586,-2.334407973421289
84204,NY,2021,2022,61.77386363636364,66.31933735084324,-4.5454737144795985,4.5454737144795985,-7.35824739931577
84216,NY,2021,2022,71.70970464135021,73.12886556547693,-1.4191609241267145,1.4191609241267145,-1.9790360749978304
84222,NY,2021,2022,80.7813559322034,87.20318038983247,-6.4218244576290715,6.4218244576290715,-7.949636872917379
84240,NY,2021,2022,74.22844036697248,71.6433783605673,2.585062006405181,2.585062006405181,3.482576211523622
84252,NY,2021,2022,55.23063583815029,55.54784734008404,-0.31721150193374825,0.31721150193374825,-0.574339761112502
84258,NY,2021,2022,62.8852140077821,65.94825757413352,-3.0630435663514177,3.0630435663514177,-4.870848600391761
84282,NY,2021,2022,72.98157894736842,77.50825120649432,-4.5266722591259025,4.5266722591259025,-6.202486058009747
84288,NY,2021,2022,49.99513343799058,54.0133611148607,-4.018227676870119,4.018227676870119,-8.037237628046263
84306,NY,2021,2022,132.80586046511627,159.45985292756956,-26.65399246245329,26.65399246245329,-20.069891772174024
84312,NY,2021,2022,114.13740458015268,168.5215043979485,-54.384099817795814,54.384099817795814,-47.64792051987193
84324,NY,2021,2022,66.41612903225807,67.22281821550969,-0.8066891832516205,0.8066891832516205,-1.2145983137015026
84330,NY,2021,2022,73.99444444444444,79.9012680126527,-5.906823568208253,5.906823568208253,-7.9827933199000345
84342,NY,2021,2022,82.08522167487685,86.58854440917295,-4.5033227342961055,4.5033227342961055,-5.486155293741992
84348,NY,2021,2022,73.62264150943396,71.44595440383573,2.1766871055982335,2.1766871055982335,2.956545786691604
84354,NY,2021,2022,110.15358565737051,130.48208171798007,-20.328496060609552,20.328496060609552,-18.45468392090362
84360,NY,2021,2022,50.18571428571428,48.50499229054547,1.6807219951688168,1.6807219951688168,3.3490048295421913
84372,NY,2021,2022,64.85562913907285,66.50603856317527,-1.6504094241024205,1.6504094241024205,-2.544743526523154
84378,NY,2021,2022,66.84203454894434,75.6960341121181,-8.853999563173758,8.853999563173758,-13.246155092257874
84390,NY,2021,2022,59.764102564102565,57.649996017925965,2.1141065461766004,2.1141065461766004,3.537418710352129
84396,NY,2021,2022,59.5531914893617,63.4208334309095,-3.867641941547795,3.867641941547795,-6.494432699276398
84402,NY,2021,2022,67.3407114624506,71.86887042826933,-4.528158965818733,4.528158965818733,-6.72425174531108
84408,NY,2021,2022,103.24230769230768,117.31476988630799,-14.072462194000309,14.072462194000309,-13.630518833364679
84414,NY,2021,2022,72.12093023255814,79.82855638910159,-7.707626156543455,7.707626156543455,-10.687086441744118
84420,NY,2021,2022,57.26491228070176,61.7609437153291,-4.496031434627341,4.496031434627341,-7.851284941446599
84432,NY,2021,2022,99.0920704845815,113.81910632775063,-14.727035843169133,14.727035843169133,-14.861972074204088
84450,NY,2021,2022,83.86773916773917,89.83748523071267,-5.969746062973499,5.969746062973499,-7.118048157985688
84480,NY,2021,2022,79.28018867924528,80.6192617431031,-1.3390730638578106,1.3390730638578106,-1.689038694490854
84486,NY,2021,2022,64.34117647058824,68.78044263457578,-4.43926616398754,4.43926616398754,-6.899572571565933
84492,NY,2021,2022,68.324,65.61459805789028,2.7094019421097215,2.7094019421097215,3.965520083879342
84510,NY,2021,2022,92.71576354679804,96.85958918070288,-4.143825633904839,4.143825633904839,-4.469386300004157
84516,NY,2021,2022,89.00862068965517,94.45463982203688,-5.446019132381707,5.446019132381707,-6.11852996955233
84546,NY,2021,2022,60.49310344827586,57.07309557146941,3.4200078768064515,3.4200078768064515,5.653550044313236
84552,NY,2021,2022,91.87389830508477,111.01512424467208,-19.141225939587315,19.141225939587315,-20.83423724551802
84564,NY,2021,2022,66.98856132075471,70.64533923790009,-3.6567779171453765,3.6567779171453765,-5.458809452013737
84588,NY,2021,2022,59.040277777777774,63.33442802559255,-4.294150247814777,4.294150247814777,-7.2732554951343
84606,NY,2021,2022,58.505,61.6611166923893,-3.156116692389297,3.156116692389297,-5.394610191247409
84612,NY,2021,2022,84.58253968253969,86.75064357999607,-2.168103897456376,2.168103897456376,-2.563299595393843
84618,NY,2021,2022,59.37540983606557,62.09035414075264,-2.714944304687066,2.714944304687066,-4.5725062145810496
84630,NY,2021,2022,62.3125,67.84670685670737,-5.534206856707371,5.534206856707371,-8.881375096019854
84648,NY,2021,2022,66.97921146953405,71.05986488683958,-4.080653417305527,4.080653417305527,-6.092417823045946
84666,NY,2021,2022,74.63157894736842,73.84701232665087,0.7845666207175555,0.7845666207175555,1.051252876842987
84678,NY,2021,2022,70.24054054054054,72.71575216398537,-2.475211623444835,2.475211623444835,-3.5239074249666746
84720,NY,2021,2022,71.30894736842106,78.51345366526351,-7.204506296842453,7.204506296842453,-10.103229065519688
84750,NY,2021,2022,66.28402366863905,63.29749960321832,2.9865240654207312,2.9865240654207312,4.50564691176668
84762,NY,2021,2022,122.79908536585366,159.9548015499368,-37.15571618408315,37.15571618408315,-30.25732323118338
84774,NY,2021,2022,61.959016393442624,61.615182590946354,0.3438338024962704,0.3438338024962704,0.5549374772396479
84786,NY,2021,2022,73.374609375,75.54783388271319,-2.1732245077131864,2.1732245077131864,-2.96182088903037
84792,NY,2021,2022,69.41879194630873,71.96603263342655,-2.547240687117821,2.547240687117821,-3.6693820444008285
84804,NY,2021,2022,59.81333333333333,62.23965335273532,-2.4263200194019845,2.4263200194019845,-4.056486880409024
84816,NY,2021,2022,61.660262008733625,64.42080071281111,-2.76053870407749,2.76053870407749,-4.477014229499194
84828,NY,2021,2022,55.44320987654321,56.259698172571,-0.8164882960277922,0.8164882960277922,-1.4726569725055372
84834,NY,2021,2022,96.49237288135592,89.21089608234813,7.281476799007791,7.281476799007791,7.546168242707507
84846,NY,2021,2022,77.27798408488064,78.77300305247745,-1.4950189675968062,1.4950189675968062,-1.9345988191859484
84858,NY,2021,2022,73.81538461538462,69.59189179766113,4.223492817723482,4.223492817723482,5.721697231180207
84870,NY,2021,2022,71.12987012987013,73.00852976384267,-1.8786596339725463,1.8786596339725463,-2.6411683734870564
84900,NY,2021,2022,62.20859665427509,66.25895226480985,-4.0503556105347585,4.0503556105347585,-6.510925866154241
85002,NY,2021,2022,70.46575342465754,69.58195177616354,0.8838016484939999,0.8838016484939999,1.254228622473989
85020,NY,2021,2022,106.87235772357724,97.39525523470436,9.477102488872873,9.477102488872873,8.867683553295576
85026,NY,2021,2022,63.86,65.19420558509509,-1.3342055850950914,1.3342055850950914,-2.089266497173648
85032,NY,2021,2022,80.16282051282052,76.48492324901619,3.6778972638043257,3.6778972638043257,4.588033754645791
85044,NY,2021,2022,102.42150170648463,111.79866412710668,-9.377162420622042,9.377162420622042,-9.155462734275007
85206,NY,2021,2022,50.16523605150215,53.486952381002,-3.32171632949985,3.32171632949985,-6.621550282529537
85212,NY,2021,2022,235.52033898305083,245.66339083995967,-10.14305185690884,10.14305185690884,-4.306656444494496
85218,NY,2021,2022,79.22897196261682,75.01377426074018,4.215197701876647,4.215197701876647,5.320273124161619
85224,NY,2021,2022,42.98051575931232,43.30420017508934,-0.32368441577702356,0.32368441577702356,-0.7530956994318825
85236,NY,2021,2022,43.41474703982777,45.74790243397176,-2.3331553941439864,2.3331553941439864,-5.374108000683728
85242,NY,2021,2022,37.022532402791626,39.268083645796445,-2.245551243004819,2.245551243004819,-6.065363704929857
85248,NY,2021,2022,36.26903553299493,37.22898766335089,-0.9599521303559655,0.9599521303559655,-2.646753949336951
85254,NY,2021,2022,86.16397694524495,98.56091136720119,-12.396934421956232,12.396934421956232,-14.387607050489526
85260,NY,2021,2022,43.9390243902439,46.20051178971285,-2.2614873994689475,2.2614873994689475,-5.146876679335379
85266,NY,2021,2022,32.03782267115601,35.583561752022554,-3.5457390808665465,3.5457390808665465,-11.067353475487
85272,NY,2021,2022,35.2280777537797,38.349421730285385,-3.1213439765056847,3.1213439765056847,-8.860386871863279
85278,NY,2021,2022,43.36531049250535,45.60046150837328,-2.2351510158679275,2.2351510158679275,-5.154237316608674
85284,NY,2021,2022,70.52204515272244,75.59318445595446,-5.071139303232016,5.071139303232016,-7.190856833845309
85290,NY,2021,2022,38.514499066583696,41.236280695945986,-2.7217816293622903,2.7217816293622903,-7.066901284778199
85296,NY,2021,2022,83.01282287822879,85.35007305892505,-2.337250180696259,2.337250180696259,-2.8155290949745955
85302,NY,2021,2022,67.65623387790198,69.55002165310091,-1.8937877751989305,1.8937877751989305,-2.7991327135007484
85308,NY,2021,2022,48.88970588235294,53.219227472179476,-4.329521589826534,4.329521589826534,-8.855691626055176
85314,NY,2021,2022,59.19239864864865,60.97329457135712,-1.7808959227084742,1.7808959227084742,-3.0086564548252714
85320,NY,2021,2022,57.59982378854625,58.60764794209226,-1.0078241535460037,1.0078241535460037,-1.7497000637463929
85326,NY,2021,2022,117.94556826304505,148.96473241443186,-31.019164151386818,31.019164151386818,-26.299558862785865
85332,NY,2021,2022,114.28602693602694,113.55290292738673,0.7331240086402175,0.7331240086402175,0.6414817526648232
85338,NY,2021,2022,68.98617818484597,73.5548308176244,-4.568652632778438,4.568652632778438,-6.622562305940328
85344,NY,2021,2022,72.48369315571888,76.76700203279107,-4.283308877072187,4.283308877072187,-5.909341385061915
85350,NY,2021,2022,55.2181151241535,55.134270528619865,0.08384459553363399,0.08384459553363399,0.15184255265706942
85356,NY,2021,2022,97.1066985645933,104.98126943003092,-7.874570865437619,7.874570865437619,-8.109194300534913
85362,NY,2021,2022,59.72978003384095,64.87690021917247,-5.1471201853315165,5.1471201853315165,-8.617343279039911
85368,NY,2021,2022,84.59863813229572,86.91500138291703,-2.3163632506213077,2.3163632506213077,-2.7380621033153854
85806,NY,2021,2022,36.87652173913043,42.915746944270126,-6.039225205139694,6.039225205139694,-16.376884045252424
85818,NY,2021,2022,37.63422222222222,44.21541564865794,-6.581193426435718,6.581193426435718,-17.487257708091178
85824,NY,2021,2022,59.31553004726536,63.8630945454541,-4.547564498188741,4.547564498188741,-7.666734992614972
85830,NY,2021,2022,50.55667613636364,53.03598948158067,-2.4793133452170295,2.4793133452170295,-4.904027587829783
86466,NY,2021,2022,55.67581227436823,58.03849995058914,-2.362687676220908,2.362687676220908,-4.243651919396658
86484,NY,2021,2022,73.00753623188406,78.36492268390346,-5.357386452019398,5.357386452019398,-7.338127991339756
86496,NY,2021,2022,69.25572916666667,72.65242278359143,-3.3966936169247646,3.3966936169247646,-4.904566969110218
86508,NY,2021,2022,68.13571428571429,73.08981290548961,-4.954098619775323,4.954098619775323,-7.270927841163069
86520,NY,2021,2022,67.39176470588235,72.29374319285802,-4.901978486975665,4.901978486975665,-7.2738538727533735
86532,NY,2021,2022,72.4688679245283,71.12660816558557,1.3422597589427312,1.3422597589427312,1.8521881152339916
86538,NY,2021,2022,69.29480519480519,70.57454088093321,-1.2797356861280207,1.2797356861280207,-1.8467988798443988
86544,NY,2021,2022,85.99586545199719,101.83099689107557,-15.835131439078381,15.835131439078381,-18.413828799615413
86550,NY,2021,2022,75.61319648093841,75.13726979925576,0.47592668168265106,0.47592668168265106,0.6294227778118454
86562,NY,2021,2022,62.470652173913045,64.34527701837334,-1.8746248444602926,1.8746248444602926,-3.0008088265854735
86568,NY,2021,2022,81.47472766884532,83.21798456190005,-1.7432568930547347,1.7432568930547347,-2.1396289904032773
86592,NY,2021,2022,64.56,65.27688375975293,-0.7168837597529318,0.7168837597529318,-1.110414745590043
86598,NY,2021,2022,60.69090909090909,61.59065905586376,-0.8997499649546725,0.8997499649546725,-1.4825119254795385
86610,NY,2021,2022,88.32462686567165,91.4688530898565,-3.144226224184848,3.144226224184848,-3.55985225838173
86622,NY,2021,2022,60.351025056947606,65.50834576365318,-5.157320706705576,5.157320706705576,-8.545539536137284
86646,NY,2021,2022,60.77857142857143,61.22477077209436,-0.44619934352292745,0.44619934352292745,-0.7341392418992813
86670,NY,2021,2022,59.0609375,59.378604193141925,-0.3176666931419234,0.3176666931419234,-0.5378625985100954
86700,NY,2021,2022,107.57187356848374,131.28479572964903,-23.712922161165295,23.712922161165295,-22.04379395332264
86724,NY,2021,2022,85.59299363057325,94.53773986143453,-8.944746230861284,8.944746230861284,-10.450325256139049
86736,NY,2021,2022,63.66209302325581,67.58291879030509,-3.92082576704928,3.92082576704928,-6.158807511429131
86772,NY,2021,2022,66.56206896551724,72.6305708856566,-6.068501920139354,6.068501920139354,-9.117057228619451
86784,NY,2021,2022,61.52593659942363,62.87992345893339,-1.3539868595097602,1.3539868595097602,-2.20067655097256
86796,NY,2021,2022,68.66547619047618,72.10148930531193,-3.4360131148357453,3.4360131148357453,-5.003989348743956
86802,NY,2021,2022,71.91348088531187,74.87407899872835,-2.9605981134164807,2.9605981134164807,-4.116888901731879
86808,NY,2021,2022,93.01840490797548,95.38724326817345,-2.3688383601979695,2.3688383601979695,-2.546634037147269
86814,NY,2021,2022,79.23071672354949,84.08993966235155,-4.859222938802063,4.859222938802063,-6.1330038900907375
86820,NY,2021,2022,59.92373333333333,60.47644472396147,-0.55271139062814,0.55271139062814,-0.9223580706389121
86826,NY,2021,2022,74.62635658914729,87.62313525069243,-12.996778661545136,12.996778661545136,-17.415802211942935
86832,NY,2021,2022,131.53452914798206,157.73529943039114,-26.20077028240908,26.20077028240908,-19.91930974484432
86850,NY,2021,2022,87.79,86.6784139891316,1.1115860108684075,1.1115860108684075,1.2661875052607443
86856,NY,2021,2022,63.37222222222222,68.16950882027348,-4.797286598051258,4.797286598051258,-7.570014794856022
86862,NY,2021,2022,68.63378378378378,63.85542761646066,4.778356167323125,4.778356167323125,6.962105109017921
86868,NY,2021,2022,149.3804347826087,141.56558829364616,7.81484648896253,7.81484648896253,5.231506053878722
86880,NY,2021,2022,58.2,68.79095478098372,-10.590954780983722,10.590954780983722,-18.197516805813954
86886,NY,2021,2022,61.96136363636364,66.60001079891558,-4.638647162551933,4.638647162551933,-7.486354221922937
86892,NY,2021,2022,68.15256723716381,69.20510285843896,-1.0525356212751547,1.0525356212751547,-1.544381472252455
86910,NY,2021,2022,74.83144329896908,77.3383932094855,-2.5069499105164255,2.5069499105164255,-3.3501290366678824
86916,NY,2021,2022,63.98823529411764,66.72693093687965,-2.7386956427620106,2.7386956427620106,-4.279998706283709
86922,NY,2021,2022,79.00366666666666,85.71516982845957,-6.711503161792905,6.711503161792905,-8.495179331498841
86934,NY,2021,2022,54.9006309148265,57.66663636187059,-2.766005447044087,2.766005447044087,-5.038203388473442
87012,NY,2021,2022,78.14431818181818,83.6667129200344,-5.522394738216221,5.522394738216221,-7.066917808876749
87024,NY,2021,2022,51.2183908045977,54.54903296510247,-3.330642160504766,3.330642160504766,-6.502824685007061
87030,NY,2021,2022,66.1234126984127,68.43089429450622,-2.307481596093524,2.307481596093524,-3.489658960310915
87036,NY,2021,2022,172.1421875,187.25790329063295,-15.115715790632947,15.115715790632947,-8.780947895548815
87042,NY,2021,2022,69.675,72.33431257084965,-2.65931257084965,2.65931257084965,-3.816738530103553
87060,NY,2021,2022,55.36255707762557,54.852700631644154,0.5098564459814128,0.5098564459814128,0.9209409263132972
87072,NY,2021,2022,79.325,79.00107043400159,0.32392956599841227,0.32392956599841227,0.408357473682209
87078,NY,2021,2022,57.63885350318471,59.11849408603368,-1.4796405828489654,1.4796405828489654,-2.5670888522569433
87084,NY,2021,2022,72.15207100591716,72.69235839194113,-0.5402873860239623,0.5402873860239623,-0.7488175716808649
87096,NY,2021,2022,65.45576923076923,70.1221325024065,-4.666363271637266,4.666363271637266,-7.1290328209048335
87102,NY,2021,2022,60.5384,64.92226694107781,-4.383866941077805,4.383866941077805,-7.241464824108013
87114,NY,2021,2022,82.27015873015873,89.9682042464666,-7.698045516307872,7.698045516307872,-9.35703253175554
87126,NY,2021,2022,61.14344262295082,63.43597756425646,-2.2925349413056395,2.2925349413056395,-3.749437131701696
87132,NY,2021,2022,65.11845102505694,65.15862028594441,-0.04016926088746686,0.04016926088746686,-0.06168645023821301
87150,NY,2021,2022,66.62248062015505,71.12728731073962,-4.504806690584573,4.504806690584573,-6.761691622184586
87156,NY,2021,2022,109.43917525773196,117.9054806810955,-8.466305423363536,8.466305423363536,-7.736082991693951
87162,NY,2021,2022,69.37950963222417,77.74391069026338,-8.364401058039206,8.364401058039206,-12.056010632502737
87180,NY,2021,2022,65.22008196721312,64.31292111198633,0.9071608552267918,0.9071608552267918,1.3909225929566171
87192,NY,2021,2022,63.225116279069766,66.2554186581379,-3.0303023790681323,3.0303023790681323,-4.7928775104068775
87198,NY,2021,2022,66.81818181818181,66.10761708411916,0.7105647340626575,0.7105647340626575,1.063430214243433
87204,NY,2021,2022,184.66721113127647,245.25683147307836,-60.58962034180189,60.58962034180189,-32.81016698667196
87216,NY,2021,2022,49.18333333333333,48.805556104282566,0.37777722905076416,0.37777722905076416,0.7681000929530956
87246,NY,2021,2022,72.54814814814814,76.58784056803894,-4.039692419890798,4.039692419890798,-5.56829157326177
87258,NY,2021,2022,104.14378698224851,110.87269977979756,-6.728912797549043,6.728912797549043,-6.461175450337713
87264,NY,2021,2022,83.97,88.49544772020123,-4.525447720201228,4.525447720201228,-5.389362534478061
87276,NY,2021,2022,76.36260162601626,82.76683600523111,-6.404234379214856,6.404234379214856,-8.386611041068791
87288,NY,2021,2022,64.26943005181347,66.85015342634256,-2.580723374529086,2.580723374529086,-4.015475743986727
87300,NY,2021,2022,59.50657894736842,62.10948431590786,-2.6029053685394388,2.6029053685394388,-4.374147219657211
87306,NY,2021,2022,55.75338345864662,57.21061661805772,-1.4572331594111034,1.4572331594111034,-2.613712512159844
87330,NY,2021,2022,78.26041666666667,128.8551312927235,-50.59471462605684,50.59471462605684,-64.64917614936053
87354,NY,2021,2022,84.95043103448276,91.2688641283176,-6.318433093834841,6.318433093834841,-7.437788151151448
87360,NY,2021,2022,68.825,71.85506193015107,-3.0300619301510636,3.0300619301510636,-4.402560014749094
87366,NY,2021,2022,69.13913043478261,64.66526567052361,4.473864764259005,4.473864764259005,6.470814336432971
87384,NY,2021,2022,169.17990487514862,189.25428228928655,-20.074377414137928,20.074377414137928,-11.865698487626185
87408,NY,2021,2022,78.23548387096774,81.00508578972527,-2.7696019187575303,2.7696019187575303,-3.540084091926089
87414,NY,2021,2022,62.53460207612456,65.11144083409397,-2.576838757969412,2.576838757969412,-4.120660678119576
87426,NY,2021,2022,66.8758064516129,67.70937854299606,-0.8335720913831608,0.8335720913831608,-1.2464479093590906
87432,NY,2021,2022,62.23214285714285,63.21293528681427,-0.9807924296714248,0.9807924296714248,-1.576022268625532
87480,NY,2021,2022,100.09030345308685,112.53654318687781,-12.44623973379096,12.44623973379096,-12.435010489926846
87510,NY,2021,2022,50.73333333333333,42.67963234872298,8.053700984610344,8.053700984610344,15.874574871111061
87516,NY,2021,2022,78.53897763578274,83.32867383235045,-4.789696196567704,4.789696196567704,-6.098495728808029
87534,NY,2021,2022,66.8394472361809,71.75733827333926,-4.9178910371583555,4.9178910371583555,-7.357767367196671
87540,NY,2021,2022,58.98086956521739,63.01130264375718,-4.030433078539794,4.030433078539794,-6.833458218318043
87546,NY,2021,2022,67.98518518518519,67.73199226358071,0.25319292160448015,0.25319292160448015,0.3724236698257226
87624,NY,2021,2022,82.13787878787879,93.36496901332555,-11.227090225446759,11.227090225446759,-13.66859041300633
87630,NY,2021,2022,30.36548463356974,33.52087522365151,-3.155390590081769,3.155390590081769,-10.391372402446072
87636,NY,2021,2022,49.37133027522936,48.41995384320158,0.9513764320277787,0.9513764320277787,1.9269815634380512
87642,NY,2021,2022,70.34150702426564,75.58040074366045,-5.2388937193948095,5.2388937193948095,-7.447798520420601
87648,NY,2021,2022,37.6,41.0506029467334,-3.4506029467333974,3.4506029467333974,-9.177135496631376
87654,NY,2021,2022,52.43226299694189,50.98980467399797,1.4424583229439136,1.4424583229439136,2.751089196794815
87660,NY,2021,2022,126.5276964047936,146.65766775760102,-20.129971352807416,20.129971352807416,-15.909537535881968
87666,NY,2021,2022,33.23015873015873,36.39619633278792,-3.1660376026291956,3.1660376026291956,-9.527603007673243
87672,NY,2021,2022,71.22475083056479,74.06444549661478,-2.8396946660499935,2.8396946660499935,-3.986949245782957
87678,NY,2021,2022,35.65769230769231,37.94424781506437,-2.2865555073720643,2.2865555073720643,-6.412516793406716
87684,NY,2021,2022,125.83333333333331,122.71877174433408,3.114561588999237,3.114561588999237,2.4751482826484006
87690,NY,2021,2022,45.8520304568528,47.509454123413434,-1.6574236665606321,1.6574236665606321,-3.6147225107518057
87696,NY,2021,2022,54.19318801089919,52.539018066472615,1.6541699444265774,1.6541699444265774,3.052357695018597
87702,NY,2021,2022,77.17112970711297,82.56239244824606,-5.39126274113309,5.39126274113309,-6.986113539602842
87708,NY,2021,2022,147.2095684803002,181.73551294025725,-34.52594445995706,34.52594445995706,-23.453600751894992
87714,NY,2021,2022,43.38095238095238,45.733042068173575,-2.352089687221195,2.352089687221195,-5.421941101168507
87720,NY,2021,2022,65.84990439770554,69.37806684767553,-3.528162449969983,3.528162449969983,-5.357885455172988
87726,NY,2021,2022,33.256705298013244,34.93702662071416,-1.6803213227009124,1.6803213227009124,-5.052579044266585
87732,NY,2021,2022,65.28926380368098,70.08986647419519,-4.800602670514209,4.800602670514209,-7.352820955293959
87738,NY,2021,2022,56.79200779727096,64.84438135436952,-8.052373557098555,8.052373557098555,-14.178709063857923
87744,NY,2021,2022,69.77331319234642,70.31748365995985,-0.5441704676134265,0.5441704676134265,-0.779912036158142
87750,NY,2021,2022,98.13780487804878,113.86939124002716,-15.731586361978373,15.731586361978373,-16.030098066211355
87756,NY,2021,2022,70.30749531542786,77.08185613744988,-6.774360822022018,6.774360822022018,-9.635332323573035
88206,NY,2021,2022,52.67005685407455,54.806206842327924,-2.136149988253372,2.136149988253372,-4.055719921039196
88236,NY,2021,2022,78.44079422382671,87.17526668231959,-8.734472458492874,8.734472458492874,-11.135114763842795
88254,NY,2021,2022,57.76521739130435,57.1900048523687,0.5752125389356451,0.5752125389356451,0.9957766367243591
88260,NY,2021,2022,67.50258064516129,74.11045451069569,-6.607873865534401,6.607873865534401,-9.789068510239343
88266,NY,2021,2022,55.47361111111111,53.46410387307725,2.009507238033862,2.009507238033862,3.622456151284096
88272,NY,2021,2022,88.3887417218543,108.73860482289734,-20.34986310104304,20.34986310104304,-23.023139264818266
88284,NY,2021,2022,60.98235294117647,61.5041968680317,-0.521843926855226,0.521843926855226,-0.8557294064376233
88290,NY,2021,2022,52.11,53.605151134087976,-1.4951511340879762,1.4951511340879762,-2.869221136227166
88296,NY,2021,2022,50.47575757575758,52.49843013388728,-2.022672558129706,2.022672558129706,-4.007215850289986
88302,NY,2021,2022,61.99310344827586,62.25771647484937,-0.2646130265735067,0.2646130265735067,-0.4268426838709365
88308,NY,2021,2022,59.31609195402299,65.85601431815064,-6.539922364127655,6.539922364127655,-11.025544921598799
88314,NY,2021,2022,56.537062937062935,57.76902579510009,-1.231962858037157,1.231962858037157,-2.179035828954501
88338,NY,2021,2022,61.366037735849055,57.38246341300216,3.9835743228468985,3.9835743228468985,6.491496713531104
88344,NY,2021,2022,65.80849056603773,66.02730977349636,-0.2188192074586226,0.2188192074586226,-0.3325090813913155
88356,NY,2021,2022,51.06578947368421,51.994292458612044,-0.9285029849278317,0.9285029849278317,-1.818248566207555
88362,NY,2021,2022,67.70829694323145,67.84976420957896,-0.14146726634751872,0.14146726634751872,-0.2089363825915292
88368,NY,2021,2022,67.34347826086956,80.74161665828306,-13.398138397413504,13.398138397413504,-19.89522778362132
88374,NY,2021,2022,66.2,65.11111844934804,1.088881550651962,1.088881550651962,1.644836179232571
88386,NY,2021,2022,125.57333333333334,141.7807873679451,-16.207454034611757,16.207454034611757,-12.906764202547055
88398,NY,2021,2022,52.71864406779661,56.91553509952593,-4.196891031729322,4.196891031729322,-7.960923703447468
88410,NY,2021,2022,53.81057692307692,55.20184401866001,-1.391267095583089,1.391267095583089,-2.585490019131234
88416,NY,2021,2022,68.0,83.32775104759044,-15.32775104759044,15.32775104759044,-22.540810364103585
88422,NY,2021,2022,55.96923076923077,59.95908522784106,-3.9898544586102886,3.9898544586102886,-7.128656949138779
88428,NY,2021,2022,63.180625,64.39099972617882,-1.21037472617882,1.21037472617882,-1.9157371839528654
88434,NY,2021,2022,49.25304347826087,48.3703999700361,0.8826435082247741,0.8826435082247741,1.7920588168614435
88440,NY,2021,2022,62.22037037037037,64.52342310662144,-2.303052736251068,2.303052736251068,-3.7014449167403103
88446,NY,2021,2022,63.13604651162791,68.31533946739431,-5.1792929557664,5.1792929557664,-8.203384978836958
88458,NY,2021,2022,56.17341772151899,61.77146894307778,-5.598051221558791,5.598051221558791,-9.96565893375272
88464,NY,2021,2022,58.37234042553192,64.52437912552699,-6.1520386999950745,6.1520386999950745,-10.5393044978957
88482,NY,2021,2022,54.52916666666667,55.62217616032086,-1.0930094936541934,1.0930094936541934,-2.0044492891954335
88488,NY,2021,2022,49.596296296296295,55.58271844612566,-5.986422149829366,5.986422149829366,-12.07030080243394
88500,NY,2021,2022,95.05151515151516,111.48815234905459,-16.436637197539426,16.436637197539426,-17.292346335919948
88518,NY,2021,2022,48.922916666666666,49.145069605238,-0.2221529385713339,0.2221529385713339,-0.4540876826395276
88524,NY,2021,2022,56.47037037037037,50.119999171521634,6.350371198848734,6.350371198848734,11.245492383348582
88530,NY,2021,2022,55.59327731092437,57.81455509367388,-2.2212777827495103,2.2212777827495103,-3.995587038926049
88542,NY,2021,2022,62.17253521126761,73.74485420874062,-11.572318997473012,11.572318997473012,-18.613233251868014
88560,NY,2021,2022,62.22197253433208,64.5523757307619,-2.3304031964298133,2.3304031964298133,-3.745305880722396
88602,NY,2021,2022,53.88493150684931,54.16567068079476,-0.2807391739454488,0.2807391739454488,-0.5209975518104983
88614,NY,2021,2022,53.4046511627907,59.29800934872329,-5.893358185932591,5.893358185932591,-11.03529010603995
88620,NY,2021,2022,57.06046511627907,61.76072432643039,-4.700259210151323,4.700259210151323,-8.237330699238136
88632,NY,2021,2022,59.94285714285714,63.38148375680139,-3.438626613944244,3.438626613944244,-5.736507697237776
88650,NY,2021,2022,51.14636363636364,52.88739215241746,-1.7410285160538237,1.7410285160538237,-3.404012313430629
88662,NY,2021,2022,60.45925925925926,64.22537176537321,-3.7661125061139487,3.7661125061139487,-6.229174078968183
88674,NY,2021,2022,50.65191637630662,53.15500072902692,-2.5030843527203004,2.5030843527203004,-4.941736723491798
88686,NY,2021,2022,57.58295454545455,54.355267171376745,3.227687374077803,3.227687374077803,5.6052826735904056
88692,NY,2021,2022,57.50744680851064,58.014193941816735,-0.5067471333060922,0.5067471333060922,-0.8811852402237021
88704,NY,2021,2022,55.20512820512821,53.84875953145096,1.3563686736772524,1.3563686736772524,2.4569613689462537
88722,NY,2021,2022,60.03108108108108,68.6143574925683,-8.583276411487219,8.583276411487219,-14.298054036198685
88806,NY,2021,2022,58.3294930875576,59.87103923680358,-1.5415461492459812,1.5415461492459812,-2.6428245260626344
88812,NY,2021,2022,67.2,81.40042830791543,-14.20042830791543,14.20042830791543,-21.131589743921772
88818,NY,2021,2022,65.73333333333333,73.21303604828405,-7.479702714950719,7.479702714950719,-11.378858085624826
88824,NY,2021,2022,62.88196721311476,64.6853717145237,-1.8034045014089344,1.8034045014089344,-2.867919979820246
88830,NY,2021,2022,62.53137254901961,67.50349378259342,-4.972121233573816,4.972121233573816,-7.95140268139176
88836,NY,2021,2022,59.68333333333333,63.948245803754894,-4.264912470421564,4.264912470421564,-7.145901933127447
88842,NY,2021,2022,65.08592592592592,68.52766001737483,-3.4417340914489074,3.4417340914489074,-5.287985140391079
88848,NY,2021,2022,48.88461538461539,49.56722504845418,-0.6826096638387966,0.6826096638387966,-1.3963690999062714
88854,NY,2021,2022,56.11923076923077,58.92875698786259,-2.8095262186318237,2.8095262186318237,-5.0063519761789745
88860,NY,2021,2022,55.13151515151515,57.667300161777206,-2.535785010262053,2.535785010262053,-4.599519899449677
88872,NY,2021,2022,61.239285714285714,61.345974074670806,-0.10668836038509255,0.10668836038509255,-0.17421555320362697
88878,NY,2021,2022,57.27920792079208,57.73255649422417,-0.4533485734320877,0.4533485734320877,-0.7914714429343991
88884,NY,2021,2022,97.11666666666666,98.04332622734263,-0.9266595606759722,0.9266595606759722,-0.9541715057586809
88890,NY,2021,2022,60.614285714285714,63.47563219757968,-2.861346483293964,2.861346483293964,-4.720581047150071
88896,NY,2021,2022,61.75,60.903595933426026,0.8464040665739745,0.8464040665739745,1.3706948446542098
88902,NY,2021,2022,65.4108527131783,73.08386908521442,-7.673016372036116,7.673016372036116,-11.730494335063508
88908,NY,2021,2022,87.68505747126437,90.65662378764618,-2.9715663163818107,2.9715663163818107,-3.38890844355737
88914,NY,2021,2022,48.59642857142857,48.651768496284504,-0.05533992485593586,0.05533992485593586,-0.11387652649123277
88920,NY,2021,2022,55.18666666666667,53.601070616234004,1.5855960504326632,1.5855960504326632,2.8731506108347364
88926,NY,2021,2022,65.07152317880795,65.62988010402253,-0.5583569252145821,0.5583569252145821,-0.8580664750697338
88932,NY,2021,2022,52.30416666666667,55.591126636088624,-3.2869599694219573,3.2869599694219573,-6.284317634519794
88938,NY,2021,2022,57.39012345679012,61.179051724296656,-3.7889282675065346,3.7889282675065346,-6.602056310889931
88944,NY,2021,2022,55.81875,57.79642112781736,-1.9776711278173593,1.9776711278173593,-3.5430229588039133
88950,NY,2021,2022,59.208333333333336,55.72231009292921,3.4860232404041227,3.4860232404041227,5.887723980978111
88956,NY,2021,2022,60.47816091954023,62.98795781945086,-2.509796899910633,2.509796899910633,-4.149922652657462
88980,NY,2021,2022,91.37277599142551,97.04353968000838,-5.670763688582866,5.670763688582866,-6.206185187057264
89016,NY,2021,2022,69.6288888888889,68.74036720930228,0.8885216795866171,0.8885216795866171,1.2760819449589176
89022,NY,2021,2022,65.26774193548387,67.93010828942379,-2.662366353939916,2.662366353939916,-4.079145800036446
89028,NY,2021,2022,61.9,60.06599334148071,1.8340066585192858,1.8340066585192858,2.962854052535195
89034,NY,2021,2022,55.87241379310345,51.53851769521064,4.333896097892804,4.333896097892804,7.75677262475414
89040,NY,2021,2022,89.85490196078432,105.01228697372942,-15.157385012945099,15.157385012945099,-16.868734684681186
89046,NY,2021,2022,73.88372093023256,87.13401492494287,-13.250293994710319,13.250293994710319,-17.933983058625866
89052,NY,2021,2022,82.23125,73.00217747557237,9.229072524427636,9.229072524427636,11.223315375149514
89058,NY,2021,2022,57.76409335727109,61.7184166115135,-3.9543232542424036,3.9543232542424036,-6.845642378189687
89070,NY,2021,2022,84.58885572139303,90.46398309311998,-5.875127371726947,5.875127371726947,-6.945509927546037
89076,NY,2021,2022,57.42580645161291,56.40874718360834,1.0170592680045658,1.0170592680045658,1.7710839966375431
89082,NY,2021,2022,63.73513513513514,69.54013165708885,-5.804996521953711,5.804996521953711,-9.108000649320978
89100,NY,2021,2022,94.8841609589041,110.35760115611808,-15.473440197213975,15.473440197213975,-16.307716736743636
89118,NY,2021,2022,41.84736842105263,42.57964975087465,-0.7322813298220225,0.7322813298220225,-1.7498862113719569
89130,NY,2021,2022,45.44210526315789,45.88254632479423,-0.440441061636335,0.440441061636335,-0.969235600079959
89148,NY,2021,2022,70.08970588235294,68.5335750663046,1.5561308160483378,1.5561308160483378,2.2201988101652708
89154,NY,2021,2022,57.52291666666667,55.793517752683584,1.7293989139830828,1.7293989139830828,3.0064520615402546
89160,NY,2021,2022,65.56041666666667,68.73732341238328,-3.1769067457166074,3.1769067457166074,-4.8457696080077906
89166,NY,2021,2022,57.47413793103448,54.60014419318794,2.87399373784654,2.87399373784654,5.000499078899035
89184,NY,2021,2022,56.60545454545454,54.44910804989886,2.156346495555681,2.156346495555681,3.8094323468847358
89190,NY,2021,2022,62.10869565217392,64.77549435522485,-2.6667987030509295,2.6667987030509295,-4.293760599941994
89202,NY,2021,2022,59.21165413533834,62.26819752518369,-3.056543389845345,3.056543389845345,-5.162063844490974
89214,NY,2021,2022,66.22321428571429,64.23547029188414,1.9877439938301507,1.9877439938301507,3.0015818701493444
89220,NY,2021,2022,98.0523595505618,100.07349376921348,-2.0211342186516816,2.0211342186516816,-2.0612805524679505
89226,NY,2021,2022,75.52367149758454,88.17970113310521,-12.656029635520667,12.656029635520667,-16.757699122089743
89232,NY,2021,2022,52.17307692307692,54.25618058358163,-2.0831036605047117,2.0831036605047117,-3.9926793345464437
89238,NY,2021,2022,55.6027027027027,54.34760760569456,1.2550950970081374,1.2550950970081374,2.25725555773592
89262,NY,2021,2022,59.93,57.927592191514876,2.002407808485124,2.002407808485124,3.341244466018895
89268,NY,2021,2022,66.86764705882354,62.820977498886144,4.046669559937392,4.046669559937392,6.051760063244835
89274,NY,2021,2022,57.86914893617021,56.37006819829347,1.4990807378767457,1.4990807378767457,2.590466190422525
89280,NY,2021,2022,62.01940298507463,55.182859347903154,6.836543637171474,6.836543637171474,11.023233549695298
89286,NY,2021,2022,76.29230769230769,57.15475563603777,19.137552056269918,19.137552056269918,25.08451066056755
89292,NY,2021,2022,91.35684210526315,106.50121375883377,-15.144371653570616,15.144371653570616,-16.577161933991732
89298,NY,2021,2022,62.1434554973822,67.37879992634713,-5.235344428964929,5.235344428964929,-8.424611066543394
89304,NY,2021,2022,53.975,62.699871594213164,-8.724871594213162,8.724871594213162,-16.16465325467932
89310,NY,2021,2022,53.39310344827586,47.180207570834646,6.212895877441213,6.212895877441213,11.636139269297027
89316,NY,2021,2022,79.81913580246913,94.07123780778959,-14.252102005320452,14.252102005320452,-17.855495254409377
89334,NY,2021,2022,55.18529411764706,57.22137321504174,-2.0360790973946763,2.0360790973946763,-3.6895320210744016
89346,NY,2021,2022,60.47853658536585,64.27857263196341,-3.800036046597562,3.800036046597562,-6.2832804183907225
89352,NY,2021,2022,59.22937853107344,63.87419469473915,-4.644816163665709,4.644816163665709,-7.842081546118037
89364,NY,2021,2022,55.89473684210526,55.94318077541424,-0.048443933308981,0.048443933308981,-0.08666993718179275
89370,NY,2021,2022,58.25692307692308,66.6373728702846,-8.380449793361514,8.380449793361514,-14.385328559656122
89382,NY,2021,2022,55.85,54.351837015685554,1.4981629843144475,1.4981629843144475,2.682476247653442
89388,NY,2021,2022,57.05614035087719,50.56264884762364,6.493491503253551,6.493491503253551,11.380881116950139
89406,NY,2021,2022,47.55984095427436,50.87131278121684,-3.31147182694248,3.31147182694248,-6.962747899275444
89418,NY,2021,2022,78.589111747851,81.02871537687619,-2.4396036290251857,2.4396036290251857,-3.104251434794841
89424,NY,2021,2022,45.81903276131045,47.25898232097671,-1.4399495596662604,1.4399495596662604,-3.1426886882739966
89430,NY,2021,2022,82.5699530516432,86.84017360159558,-4.270220549952384,4.270220549952384,-5.171639794056301
90006,PA,2021,2022,69.3076923076923,78.87401243225798,-9.566320124565678,9.566320124565678,-13.802681644767349
90018,PA,2021,2022,52.80530035335689,56.00353098474156,-3.198230631384668,3.198230631384668,-6.056646984266898
90030,PA,2021,2022,109.22627450980391,111.84529253009535,-2.619018020291435,2.619018020291435,-2.3977912201485525
90042,PA,2021,2022,70.49473684210527,73.11481140475424,-2.6200745626489663,2.6200745626489663,-3.7166952882134057
90054,PA,2021,2022,90.53320512820513,102.80404328764581,-12.270838159440686,12.270838159440686,-13.553964141735412
90060,PA,2021,2022,69.95064345193036,76.49773658627298,-6.547093134342617,6.547093134342617,-9.35958957810265
90072,PA,2021,2022,82.37176913425346,91.44912650844505,-9.077357374191592,9.077357374191592,-11.019985936440046
90084,PA,2021,2022,48.44248366013072,51.502233129533074,-3.0597494694023553,3.0597494694023553,-6.316252260865393
90090,PA,2021,2022,188.27384615384616,204.6711291256472,-16.397282971801047,16.397282971801047,-8.709272852694667
90102,PA,2021,2022,109.23152424942263,125.69852621704844,-16.467001967625805,16.467001967625805,-15.075320133796305
90108,PA,2021,2022,55.68837209302325,50.70387623049192,4.984495862531325,4.984495862531325,8.95069414887025
90114,PA,2021,2022,78.4375,84.01928065190313,-5.581780651903131,5.581780651903131,-7.116214376928294
90126,PA,2021,2022,73.67109826589595,72.6762391131572,0.9948591527387549,0.9948591527387549,1.350406300647344
90132,PA,2021,2022,59.14577319587629,64.9428663091353,-5.7970931132590096,5.7970931132590096,-9.801365000437917
90144,PA,2021,2022,89.04889380530973,92.14386507714076,-3.094971271831028,3.094971271831028,-3.4755864329967494
90150,PA,2021,2022,93.75032092426189,92.72924941812964,1.0210715061322446,1.0210715061322446,1.0891392115416205
90156,PA,2021,2022,109.91739130434784,97.01434011812549,12.903051186222356,12.903051186222356,11.738862279305176
90162,PA,2021,2022,63.81578947368421,62.87042269658774,0.9453667770964742,0.9453667770964742,1.4813994857594235
90180,PA,2021,2022,45.65531914893617,50.05466258432953,-4.399343435393355,4.399343435393355,-9.635993171007907
90186,PA,2021,2022,51.260714285714286,55.7507447424396,-4.490030456725314,4.490030456725314,-8.75920384507133
90198,PA,2021,2022,48.21082474226804,50.1697394122976,-1.9589146700295643,1.9589146700295643,-4.063225801470511
90204,PA,2021,2022,45.70588235294117,48.29341327307809,-2.5875309201369205,2.5875309201369205,-5.661264561432131
90210,PA,2021,2022,47.875757575757575,50.53350902338913,-2.6577514476315542,2.6577514476315542,-5.551351210319722
90222,PA,2021,2022,75.9262962962963,79.4838673461315,-3.557571049835204,3.557571049835204,-4.685558526326726
90252,PA,2021,2022,73.82760290556901,79.29846623185885,-5.4708633262898445,5.4708633262898445,-7.410322306261907
90258,PA,2021,2022,82.526,75.09719302733447,7.428806972665527,7.428806972665527,9.001777588475786
90264,PA,2021,2022,156.83962889330684,224.09195735741287,-67.25232846410603,67.25232846410603,-42.87967839419954
90270,PA,2021,2022,47.05918367346938,46.89818862673773,0.16099504673164944,0.16099504673164944,0.3421118561017748
90276,PA,2021,2022,74.10697674418604,77.18434806694611,-3.0773713227600723,3.0773713227600723,-4.152606755748545
90294,PA,2021,2022,57.12407407407407,64.23846227882494,-7.114388204750867,7.114388204750867,-12.454273124016819
90300,PA,2021,2022,87.1,90.12018021247303,-3.0201802124730364,3.0201802124730364,-3.467485892621167
90306,PA,2021,2022,67.6590909090909,61.79449065766901,5.864600251421898,5.864600251421898,8.66786735178245
90312,PA,2021,2022,65.38048780487804,67.17556076859763,-1.7950729637195906,1.7950729637195906,-2.7455790312804305
90318,PA,2021,2022,57.84615384615385,51.80713933634877,6.039014509805078,6.039014509805078,10.439785721737502
90330,PA,2021,2022,73.405,84.86679030278734,-11.461790302787335,11.461790302787335,-15.614454468751903
90336,PA,2021,2022,67.42083333333333,70.64294308179616,-3.2221097484628274,3.2221097484628274,-4.779101042154863
90342,PA,2021,2022,117.87330960854092,116.15556999482605,1.717739613714869,1.717739613714869,1.4572761377613885
90354,PA,2021,2022,54.52119565217392,57.58724026788439,-3.0660446157104673,3.0660446157104673,-5.623582863572462
90366,PA,2021,2022,70.18404423380727,72.66883812227229,-2.4847938884650205,2.4847938884650205,-3.5403971309879414
90372,PA,2021,2022,51.73975535168196,53.30294314145508,-1.5631877897731243,1.5631877897731243,-3.0212508334218633
90378,PA,2021,2022,69.37536231884059,71.49480472122389,-2.1194424023832994,2.1194424023832994,-3.0550361562691437
90384,PA,2021,2022,60.54210526315789,52.152404957207466,8.389700305950427,8.389700305950427,13.857628950105028
90390,PA,2021,2022,65.37327433628319,69.97729924637747,-4.604024910094282,4.604024910094282,-7.042671423204169
90396,PA,2021,2022,57.99392361111112,61.599078462741204,-3.6051548516300826,3.6051548516300826,-6.216435493837439
90402,PA,2021,2022,53.55688073394495,51.49151763161265,2.0653631023322987,2.0653631023322987,3.8563916980012776
90408,PA,2021,2022,66.78074433656958,74.98734924320715,-8.206604906637565,8.206604906637565,-12.288879059623738
90426,PA,2021,2022,92.9032,97.99618164354962,-5.092981643549621,5.092981643549621,-5.482030375218098
90444,PA,2021,2022,59.356,59.14673745107251,0.20926254892749085,0.20926254892749085,0.3525550052690391
90456,PA,2021,2022,52.27391304347826,51.41882046332731,0.8550925801509521,0.8550925801509521,1.6357921769501707
90468,PA,2021,2022,52.16,52.409269419941324,-0.2492694199413279,0.2492694199413279,-0.47789382657463175
90498,PA,2021,2022,75.89782608695653,63.12240957872317,12.775416508233356,12.775416508233356,16.832387917931264
90504,PA,2021,2022,60.97543103448276,62.97961558474588,-2.004184550263119,2.004184550263119,-3.286872296367556
90510,PA,2021,2022,76.985,84.65676942675783,-7.671769426757834,7.671769426757834,-9.96527820582949
90516,PA,2021,2022,160.31,156.27362124348178,4.036378756518218,4.036378756518218,2.5178583722276953
90534,PA,2021,2022,66.77967213114754,67.31559690603643,-0.5359247748888976,0.5359247748888976,-0.8025268136034023
90540,PA,2021,2022,186.46707616707616,224.12841603467928,-37.66133986760312,37.66133986760312,-20.197313457019202
90606,PA,2021,2022,118.817254601227,154.7234817440205,-35.90622714279348,35.90622714279348,-30.21970778848705
90612,PA,2021,2022,90.46603174603176,106.26601934881464,-15.799987602782878,15.799987602782878,-17.465105186816082
90624,PA,2021,2022,34.430392156862744,37.825730535892966,-3.395338379030221,3.395338379030221,-9.861457178765983
90636,PA,2021,2022,75.11991911021234,83.86841189859958,-8.748492788387239,8.748492788387239,-11.646035954261173
90648,PA,2021,2022,100.36563688212928,111.32623509998447,-10.960598217855193,10.960598217855193,-10.920668227042153
90660,PA,2021,2022,33.176886792452834,37.88680605877351,-4.709919266320675,4.709919266320675,-14.196387068457852
90672,PA,2021,2022,42.740425531914894,43.57369425648161,-0.8332687245667145,0.8332687245667145,-1.949603248438649
90696,PA,2021,2022,96.10608465608466,101.51605679121013,-5.4099721351254715,5.4099721351254715,-5.629167138048585
90720,PA,2021,2022,57.44098544232923,61.73747070486421,-4.296485262534979,4.296485262534979,-7.479825127388617
90732,PA,2021,2022,58.9778,63.60627677909002,-4.628476779090015,4.628476779090015,-7.847828808619539
90756,PA,2021,2022,83.31917475728156,89.38960814390946,-6.070433386627897,6.070433386627897,-7.2857579354473625
90774,PA,2021,2022,80.12931596091205,85.376022013084,-5.246706052171945,5.246706052171945,-6.547798379723277
90786,PA,2021,2022,64.76091954022988,71.77829271385178,-7.017373173621905,7.017373173621905,-10.83581459843644
90792,PA,2021,2022,41.99960835509138,43.295753840683176,-1.2961454855917935,1.2961454855917935,-3.086089457390545
90798,PA,2021,2022,55.39716088328076,56.34963817365638,-0.9524772903756187,0.9524772903756187,-1.7193612004457122
90810,PA,2021,2022,73.1232,76.06618380619916,-2.942983806199166,2.942983806199166,-4.024692308595858
90816,PA,2021,2022,74.83210431654676,74.94702948845797,-0.1149251719112101,0.1149251719112101,-0.15357736223087612
90822,PA,2021,2022,52.96842105263158,56.2893398016436,-3.320918749012023,3.320918749012023,-6.269620054772301
90834,PA,2021,2022,115.1933147632312,132.0756375280697,-16.882322764838506,16.882322764838506,-14.655644556750971
90840,PA,2021,2022,41.9,46.27002119177817,-4.3700211917781715,4.3700211917781715,-10.429644849112583
90852,PA,2021,2022,305.67297297297296,349.43674822495586,-43.763775251982906,43.763775251982906,-14.317188342278603
90858,PA,2021,2022,286.1468550592525,358.0335966240611,-71.88674156480857,71.88674156480857,-25.122324531549705
90864,PA,2021,2022,58.90679611650486,61.9773274077291,-3.070531291224242,3.070531291224242,-5.21252468925894
90870,PA,2021,2022,46.95975609756098,47.7215512822117,-0.7617951846507225,0.7617951846507225,-1.6222298579832044
90876,PA,2021,2022,75.50149761742682,86.438674259587,-10.937176642160182,10.937176642160182,-14.486039333391615
90882,PA,2021,2022,62.09260143198091,70.99801924201607,-8.90541781003516,8.90541781003516,-14.342156077629578
90888,PA,2021,2022,37.289,40.5143394244591,-3.2253394244591007,3.2253394244591007,-8.649573398211539
91206,PA,2021,2022,95.96214470284238,98.13778313198446,-2.175638429142083,2.175638429142083,-2.2671840399974315
91212,PA,2021,2022,71.78081395348838,74.57676650965391,-2.795952556165531,2.795952556165531,-3.8951251764534423
91218,PA,2021,2022,77.37198515769944,83.99677876781227,-6.624793610112832,6.624793610112832,-8.5622639726901
91224,PA,2021,2022,47.19566395663957,49.9520684349389,-2.7564044782993307,2.7564044782993307,-5.84037652448696
91230,PA,2021,2022,72.71731707317073,79.01423743905833,-6.296920365887601,6.296920365887601,-8.659450897440864
91236,PA,2021,2022,92.32403495994171,98.43356481384872,-6.109529853907006,6.109529853907006,-6.617485746325816
91242,PA,2021,2022,56.114604462474645,57.8408134661894,-1.7262090037147573,1.7262090037147573,-3.076220567266263
91248,PA,2021,2022,101.97115384615384,105.53718022422676,-3.5660263780729196,3.5660263780729196,-3.49709328919928
91254,PA,2021,2022,76.01739130434783,79.93872041128476,-3.9213291069369376,3.9213291069369376,-5.158463135412352
91260,PA,2021,2022,43.511030082041934,46.310621288895526,-2.7995912068535915,2.7995912068535915,-6.434210363613182
91266,PA,2021,2022,81.27679180887372,89.89551604798308,-8.618724239109355,8.618724239109355,-10.604163928340943
91272,PA,2021,2022,64.12158054711246,66.2789356155841,-2.157355068471645,2.157355068471645,-3.364475813079121
91278,PA,2021,2022,86.53432055749128,102.1584491435487,-15.62412858605741,15.62412858605741,-18.055412563940017
91284,PA,2021,2022,57.01206896551725,59.496405663060074,-2.4843366975428225,2.4843366975428225,-4.357562780339422
91290,PA,2021,2022,171.90032206119162,170.1334548957148,1.7668671654768104,1.7668671654768104,1.0278440111635487
91296,PA,2021,2022,80.56669535283993,87.24530368756524,-6.678608334725311,6.678608334725311,-8.289539871874481
91302,PA,2021,2022,159.33095435684646,200.2444050233932,-40.91345066654674,40.91345066654674,-25.678281305536338
91308,PA,2021,2022,81.75769230769231,87.60262293298202,-5.844930625289706,5.844930625289706,-7.149089535566278
91314,PA,2021,2022,57.578886756238006,57.09538024651107,0.48350650972693643,0.48350650972693643,0.8397288259043219
91320,PA,2021,2022,80.24118291347207,98.28388313108474,-18.042700217612662,18.042700217612662,-22.485586032634856
91326,PA,2021,2022,64.67226534932956,67.9273301820124,-3.2550648326828338,3.2550648326828338,-5.033169651782698
91332,PA,2021,2022,166.19765395894427,183.38208258362948,-17.18442862468521,17.18442862468521,-10.339754031022768
91338,PA,2021,2022,57.68732782369146,61.30994418112291,-3.622616357431447,3.622616357431447,-6.279743739393115
91344,PA,2021,2022,74.44384328358208,70.82830939820852,3.6155338853735657,3.6155338853735657,4.856726528211016
91350,PA,2021,2022,50.91607142857143,53.76034232290402,-2.8442708943325954,2.8442708943325954,-5.58619472109653
91356,PA,2021,2022,65.12604456824512,67.05726129438891,-1.9312167261437878,1.9312167261437878,-2.9653524007896404
91362,PA,2021,2022,65.38508474576271,68.41260159219794,-3.0275168464352333,3.0275168464352333,-4.630286644434505
91368,PA,2021,2022,148.81570621468927,167.9422035792349,-19.126497364545628,19.126497364545628,-12.852472263211753
91374,PA,2021,2022,76.93397683397683,80.06504941731973,-3.131072583342899,3.131072583342899,-4.069817669896019
91392,PA,2021,2022,158.975,182.7756142600943,-23.800614260094306,23.800614260094306,-14.971293763229632
91398,PA,2021,2022,82.67777777777778,81.60141415687279,1.076363620904985,1.076363620904985,1.3018777836507007
91404,PA,2021,2022,72.71860465116279,78.79863386602962,-6.080029214866826,6.080029214866826,-8.361036689349628
91410,PA,2021,2022,63.39420783645656,69.93488484197995,-6.540677005523392,6.540677005523392,-10.317467839328371
91416,PA,2021,2022,78.06060240963855,88.51775167264638,-10.457149263007835,10.457149263007835,-13.396193393604449
91422,PA,2021,2022,108.49978012313105,136.0084785121369,-27.508698389005843,27.508698389005843,-25.35369044784015
91428,PA,2021,2022,262.75235378031385,355.5218889256228,-92.76953514530896,92.76953514530896,-35.306833149389476
91434,PA,2021,2022,80.42802197802197,87.48711940934676,-7.059097431324787,7.059097431324787,-8.776912893933634
91446,PA,2021,2022,225.76937441643324,259.9813135235433,-34.211939107110055,34.211939107110055,-15.153489792643837
91458,PA,2021,2022,141.1234375,185.33412600471434,-44.21068850471434,44.21068850471434,-31.327672630362578
91806,PA,2021,2022,79.8626541897065,87.74130019948541,-7.878646009778905,7.878646009778905,-9.865244387024621
91866,PA,2021,2022,117.4920634920635,99.70895108505884,17.78311240700465,17.78311240700465,15.135586079995852
91872,PA,2021,2022,88.08484848484848,82.10450671433306,5.980341770515423,5.980341770515423,6.789296767132551
91884,PA,2021,2022,69.21049382716049,70.66114879722211,-1.4506549700616205,1.4506549700616205,-2.096004362697287
91896,PA,2021,2022,46.03636363636364,46.99574766548197,-0.9593840291183326,0.9593840291183326,-2.0839700474529343
91902,PA,2021,2022,129.88582392776524,145.9581348374657,-16.072310909700462,16.072310909700462,-12.374184051555098
91920,PA,2021,2022,68.21521739130435,69.46937796957046,-1.2541605782661094,1.2541605782661094,-1.8385348991440464
91926,PA,2021,2022,80.74255319148936,86.4519723359007,-5.709419144411342,5.709419144411342,-7.071140208894386
91932,PA,2021,2022,68.91707317073171,61.73521039424881,7.181862776482902,7.181862776482902,10.421021157835467
91938,PA,2021,2022,92.6960396039604,87.08038266721009,5.615656936750312,5.615656936750312,6.0581411684285005
91962,PA,2021,2022,71.05636363636364,59.061477555264204,11.994886081099438,11.994886081099438,16.88080485300962
91974,PA,2021,2022,114.8076923076923,91.01981171859445,23.787880589097853,23.787880589097853,20.71976198715391
91980,PA,2021,2022,121.78327759197325,142.78280312264303,-20.999525530669786,20.999525530669786,-17.24335717176811
91992,PA,2021,2022,87.16342042755345,85.91836628844055,1.245054139112895,1.245054139112895,1.4284135856597453
91998,PA,2021,2022,68.65747126436781,66.95114667691965,1.7063245874481652,1.7063245874481652,2.485271531306341
92022,PA,2021,2022,123.23846153846154,59.4343544129474,63.804107125514136,63.804107125514136,51.772885127750065
92028,PA,2021,2022,71.83823529411765,66.78527026143223,5.052965032685421,5.052965032685421,7.033810076204884
92040,PA,2021,2022,100.55507246376813,91.0878154093846,9.467257054383523,9.467257054383523,9.414996998579811
92046,PA,2021,2022,115.13125,79.21867485637902,35.91257514362097,35.91257514362097,31.192725818247407
92052,PA,2021,2022,74.97169811320755,78.65815070353136,-3.6864525903238103,3.6864525903238103,-4.917125639541007
92064,PA,2021,2022,76.02763157894736,67.97157118998408,8.056060388963289,8.056060388963289,10.596226952825495
92070,PA,2021,2022,71.20547945205479,64.99028919686316,6.215190255191629,6.215190255191629,8.728528061350307
92094,PA,2021,2022,74.43766233766233,71.7372610009432,2.700401336719125,2.700401336719125,3.627735277969409
92112,PA,2021,2022,80.80606060606061,66.40533106871432,14.400729537346294,14.400729537346294,17.82134833617444
92142,PA,2021,2022,75.49342105263158,71.41908765263878,4.0743333999927955,4.0743333999927955,5.396938359903311
92154,PA,2021,2022,80.50909090909092,50.387868723006086,30.12122218608483,30.12122218608483,37.41344219138811
92160,PA,2021,2022,119.99130434782607,105.28260492257387,14.708699425252206,14.708699425252206,12.258137791897992
92172,PA,2021,2022,116.61379310344827,75.28497350331607,41.328819600132206,41.328819600132206,35.44076433863132
92178,PA,2021,2022,53.58139534883721,55.85167014584907,-2.270274797011858,2.270274797011858,-4.237057997895395
92184,PA,2021,2022,112.15806451612904,64.04913491507342,48.10892960105562,48.10892960105562,42.89386573190843
92202,PA,2021,2022,213.22911392405064,231.6824656034746,-18.453351679423974,18.453351679423974,-8.654236440712694
92220,PA,2021,2022,88.79019607843138,82.34749442186767,6.442701656563713,6.442701656563713,7.256095764078116
92256,PA,2021,2022,88.22911392405064,76.28928379577393,11.93983012827671,11.93983012827671,13.532755342589923
92262,PA,2021,2022,185.9703703703704,130.1180565642818,55.8523138060886,55.8523138060886,30.032909917238747
92280,PA,2021,2022,173.59642857142856,73.4413915833364,100.15503698809216,100.15503698809216,57.69418058441337
92406,PA,2021,2022,65.24180505415163,70.34808236000887,-5.1062773058572475,5.1062773058572475,-7.82669532459895
92460,PA,2021,2022,64.6,58.02123055685554,6.578769443144452,6.578769443144452,10.183853627158596
92466,PA,2021,2022,58.17666666666667,69.28604933891029,-11.109382672243619,11.109382672243619,-19.0959422544725
92478,PA,2021,2022,44.03181818181818,39.364722963296344,4.667095218521837,4.667095218521837,10.5993697540498
92502,PA,2021,2022,60.09702380952381,61.90772153295514,-1.8106977234313248,1.8106977234313248,-3.0129573956445683
92514,PA,2021,2022,52.35925925925926,53.44993817912647,-1.0906789198672087,1.0906789198672087,-2.0830678953395085
92538,PA,2021,2022,85.6144578313253,72.78283775609842,12.83162007522688,12.83162007522688,14.987678950799763
92544,PA,2021,2022,51.36761904761904,52.14079902654842,-0.7731799789293845,0.7731799789293845,-1.5051894428134343
92550,PA,2021,2022,59.84273907910272,61.364110639309644,-1.5213715602069229,1.5213715602069229,-2.5422826288013125
92562,PA,2021,2022,64.83125,58.18570009922107,6.645549900778924,6.645549900778924,10.2505348898547
92568,PA,2021,2022,59.47590361445784,62.84799023208379,-3.3720866176259463,3.3720866176259463,-5.6696685761765115
92586,PA,2021,2022,55.51909547738693,58.28229511877091,-2.7631996413839843,2.7631996413839843,-4.977025683909859
92598,PA,2021,2022,72.9121212121212,61.95983122710539,10.952289985015817,10.952289985015817,15.021219795749218
92616,PA,2021,2022,53.64758064516129,55.127958941122515,-1.4803782959612235,1.4803782959612235,-2.7594502457675048
92622,PA,2021,2022,74.65081967213115,80.63125251109147,-5.980432838960326,5.980432838960326,-8.011208537597554
92628,PA,2021,2022,71.75959595959596,69.48276871493398,2.2768272446619733,2.2768272446619733,3.1728540472049684
92640,PA,2021,2022,68.38571428571429,51.57781458178989,16.8078997039244,16.8078997039244,24.57808605127863
92652,PA,2021,2022,59.885,59.647578861289055,0.23742113871094261,0.23742113871094261,0.39646178293553075
92664,PA,2021,2022,55.84782608695652,49.29335774556158,6.554468341394944,6.554468341394944,11.736299871707569
92670,PA,2021,2022,66.78273381294964,70.52642576872509,-3.7436919557754464,3.7436919557754464,-5.605778233429429
92676,PA,2021,2022,53.9625,59.23426152673199,-5.271761526731993,5.271761526731993,-9.76930558579012
92700,PA,2021,2022,24.375,39.676079944827045,-15.301079944827045,15.301079944827045,-62.77366131211095
92706,PA,2021,2022,60.43333333333333,55.7147545163697,4.718578816963628,4.718578816963628,7.807907584606115
92736,PA,2021,2022,60.33965517241379,56.50830473012379,3.8313504422900024,3.8313504422900024,6.34963927344687
92748,PA,2021,2022,60.231632653061226,60.26852956422142,-0.03689691116019134,0.03689691116019134,-0.06125836132106918
92754,PA,2021,2022,67.40615384615384,63.995584578332036,3.4105692678218062,3.4105692678218062,5.059729821710354
92766,PA,2021,2022,54.21564245810056,55.07966676545145,-0.8640243073508884,0.8640243073508884,-1.5936808422377946
92772,PA,2021,2022,50.78125,44.09121683586957,6.690033164130433,6.690033164130433,13.17421915397993
92784,PA,2021,2022,61.27777777777778,56.84031160827774,4.437466169500041,4.437466169500041,7.241558572166886
92808,PA,2021,2022,54.29134615384616,54.87940612147189,-0.5880599676257248,0.5880599676257248,-1.0831559894634604
92814,PA,2021,2022,55.54065934065934,53.63988012940385,1.9007792112554895,1.9007792112554895,3.4223202133720383
92820,PA,2021,2022,81.87948717948719,76.58036979464015,5.299117384847037,5.299117384847037,6.471849748192604
92838,PA,2021,2022,83.99255319148936,77.0042397491681,6.988313442321271,6.988313442321271,8.320158367360321
92844,PA,2021,2022,52.38795180722892,50.417731637249766,1.9702201699791573,1.9702201699791573,3.7608268733791
92868,PA,2021,2022,61.85665399239544,62.02354823472978,-0.1668942423343438,0.1668942423343438,-0.269808066816646
92874,PA,2021,2022,68.17227722772277,68.56955699470157,-0.39727976697879797,0.39727976697879797,-0.5827585392984952
92880,PA,2021,2022,64.7022988505747,63.02444145598594,1.67785739458877,1.67785739458877,2.593195951914569
92916,PA,2021,2022,67.68773584905661,69.05516681340099,-1.3674309643443792,1.3674309643443792,-2.0202049118524883
92940,PA,2021,2022,58.13666666666666,53.741035800657116,4.395630866009547,4.395630866009547,7.560858091868954
93006,PA,2021,2022,69.42645429362881,73.91132393751407,-4.484869643885261,4.484869643885261,-6.459885773392913
93126,PA,2021,2022,55.06046511627907,58.81607315290157,-3.7556080366225046,3.7556080366225046,-6.820879606976166
93132,PA,2021,2022,70.80740740740741,75.74184251854074,-4.934435111133325,4.934435111133325,-6.96881200965581
93180,PA,2021,2022,59.845569620253166,66.32821547008052,-6.482645849827357,6.482645849827357,-10.83229032819411
93186,PA,2021,2022,57.63823529411765,61.59429295039982,-3.9560576562821694,3.9560576562821694,-6.863599546542519
93198,PA,2021,2022,54.73030303030303,56.20663726220913,-1.476334231906101,1.476334231906101,-2.6974713278833584
93204,PA,2021,2022,57.16315789473684,55.711961780009396,1.4511961147274448,1.4511961147274448,2.5386912972858346
93210,PA,2021,2022,61.21941747572816,64.18001561262639,-2.960598136898234,2.960598136898234,-4.836044279696114
93216,PA,2021,2022,58.3304347826087,68.66158917529204,-10.331154392683338,10.331154392683338,-17.711430458535833
93222,PA,2021,2022,59.2722371967655,63.42099726144862,-4.148760064683117,4.148760064683117,-6.999499699851916
93228,PA,2021,2022,61.36451612903226,60.695862667989125,0.6686534610431352,0.6686534610431352,1.0896418699646317
93234,PA,2021,2022,46.76,49.49986107710295,-2.739861077102951,2.739861077102951,-5.8594120553955324
93240,PA,2021,2022,50.85625,73.57912622950795,-22.722876229507946,22.722876229507946,-44.68059723142769
93246,PA,2021,2022,65.32485207100592,65.70496740309406,-0.3801153320881383,0.3801153320881383,-0.5818847192718717
93252,PA,2021,2022,53.54705882352941,51.96209124710579,1.5849675764236224,1.5849675764236224,2.9599526309130595
93270,PA,2021,2022,55.895833333333336,57.36172491453946,-1.4658915812061224,1.4658915812061224,-2.622541777782105
93276,PA,2021,2022,42.40625,43.54712555404161,-1.1408755540416067,1.1408755540416067,-2.6903476587569206
93300,PA,2021,2022,59.36202531645569,58.080526010083794,1.2814993063718987,1.2814993063718987,2.1587863613822074
93306,PA,2021,2022,60.879411764705885,51.66311822119831,9.216293543507575,9.216293543507575,15.138604786668802
93312,PA,2021,2022,56.81647509578544,56.56151697293322,0.25495812285222286,0.25495812285222286,0.4487397756062753
93324,PA,2021,2022,57.47008547008547,58.23887628901853,-0.7687908189330557,0.7687908189330557,-1.3377234654248589
93342,PA,2021,2022,65.88117647058823,66.16830347877789,-0.28712700818965686,0.28712700818965686,-0.43582556288720936
93348,PA,2021,2022,53.53493975903614,53.41925958625335,0.11568017278279541,0.11568017278279541,0.21608350229490975
93354,PA,2021,2022,61.72164948453608,63.786042321982315,-2.064392837446235,2.064392837446235,-3.344681897983711
93372,PA,2021,2022,50.56153846153846,57.47431785032134,-6.91277938878288,6.91277938878288,-13.672011570694877
93378,PA,2021,2022,66.7679104477612,68.35449579871975,-1.5865853509585577,1.5865853509585577,-2.3762692891218937
93606,PA,2021,2022,87.47956764295677,93.5625221197861,-6.082954476829329,6.082954476829329,-6.95357172049202
93660,PA,2021,2022,74.61525423728814,76.36596576842665,-1.7507115311385064,1.7507115311385064,-2.34631852298053
93666,PA,2021,2022,51.36666666666667,49.24009301443981,2.1265736522268597,2.1265736522268597,4.1399876422326924
93672,PA,2021,2022,53.36315789473685,55.24237584417691,-1.8792179494400614,1.8792179494400614,-3.521564359341273
93678,PA,2021,2022,71.03716417910448,75.04716568487109,-4.01000150576661,4.01000150576661,-5.644934664982233
93690,PA,2021,2022,57.8,46.25984887177085,11.540151128229148,11.540151128229148,19.96565939139991
93708,PA,2021,2022,61.19,67.13063619436748,-5.940636194367485,5.940636194367485,-9.708508243777555
93720,PA,2021,2022,48.0825,50.14947148993619,-2.0669714899361864,2.0669714899361864,-4.298802038030856
93732,PA,2021,2022,113.11311475409836,143.7659935710222,-30.65287881692383,30.65287881692383,-27.099314596332608
93738,PA,2021,2022,69.66666666666667,72.87803935904643,-3.2113726923797543,3.2113726923797543,-4.609625874229312
93756,PA,2021,2022,78.35641025641026,87.78020350513394,-9.423793248723683,9.423793248723683,-12.026831267391723
93762,PA,2021,2022,58.31314102564102,61.5047788767251,-3.1916378510840744,3.1916378510840744,-5.473273768052849
93768,PA,2021,2022,58.35,59.212352416078296,-0.8623524160782949,0.8623524160782949,-1.4778961715137873
93786,PA,2021,2022,45.03333333333333,44.09894161388333,0.934391719449998,0.934391719449998,2.0748890883419646
93792,PA,2021,2022,123.2383064516129,139.44151522161178,-16.20320876999888,16.20320876999888,-13.147867117405376
93804,PA,2021,2022,45.583333333333336,46.308114212465824,-0.7247808791324886,0.7247808791324886,-1.5900128975484211
93816,PA,2021,2022,118.30666666666669,117.21902023700937,1.0876464296573118,1.0876464296573118,0.919345004218397
93822,PA,2021,2022,60.28021978021978,63.74227177347988,-3.462051993260097,3.462051993260097,-5.743263720475231
93834,PA,2021,2022,65.16632653061224,69.32603945911602,-4.1597129285037795,4.1597129285037795,-6.38322451174186
93846,PA,2021,2022,54.604,51.67128980384575,2.9327101961542468,2.9327101961542468,5.37087062514513
93852,PA,2021,2022,90.03384551495017,102.91961466996267,-12.885769155012497,12.885769155012497,-14.312139042059252
93864,PA,2021,2022,71.0768253968254,76.78145717100854,-5.704631774183142,5.704631774183142,-8.026008114929025
93882,PA,2021,2022,52.96470588235294,44.238302231572156,8.726403650780782,8.726403650780782,16.475884280683395
93900,PA,2021,2022,86.77211394302849,84.56256153648621,2.2095524065422723,2.2095524065422723,2.546385360615954
93930,PA,2021,2022,94.22333333333331,96.03181421257122,-1.808480879237905,1.808480879237905,-1.9193556577329451
93936,PA,2021,2022,66.04183266932272,69.74018890871099,-3.698356239388275,3.698356239388275,-5.600020608008065
93948,PA,2021,2022,111.48142857142857,139.71153713664887,-28.230108565220306,28.230108565220306,-25.322700764578617
93960,PA,2021,2022,46.77692307692308,36.35907654931801,10.417846527605072,10.417846527605072,22.27133775018351
93966,PA,2021,2022,47.52857142857143,43.285492342283966,4.243079086287466,4.243079086287466,8.927428194773748
93990,PA,2021,2022,62.64303797468354,62.06478782682329,0.5782501478602455,0.5782501478602455,0.9230876511671395
93996,PA,2021,2022,65.32369109947643,69.89496776895936,-4.571276669482927,4.571276669482927,-6.997884829443701
94008,PA,2021,2022,139.2554441260745,166.9778493464849,-27.722405220410394,27.722405220410394,-19.90759168834505
94020,PA,2021,2022,75.21551724137932,84.90964621766882,-9.694128976289505,9.694128976289505,-12.888469469909255
94026,PA,2021,2022,58.91612903225806,51.57574377044841,7.340385261809651,7.340385261809651,12.459042001538501
94032,PA,2021,2022,71.78095238095239,71.11685472401074,0.6640976569416495,0.6640976569416495,0.925172535211267
94050,PA,2021,2022,49.91666666666666,50.37104203550442,-0.4543753688377663,0.4543753688377663,-0.9102678507601331
94062,PA,2021,2022,106.16190476190476,98.84051661711668,7.321388144788088,7.321388144788088,6.896436307551353
94068,PA,2021,2022,61.741379310344826,63.55709872400541,-1.815719413660581,1.815719413660581,-2.940846858204795
94074,PA,2021,2022,70.65714285714286,77.23098781176168,-6.573844954618821,6.573844954618821,-9.303864674955872
94086,PA,2021,2022,66.14587155963302,67.39258612611526,-1.2467145664822397,1.2467145664822397,-1.884795735676835
94098,PA,2021,2022,67.75569948186528,72.10351672335231,-4.347817241487036,4.347817241487036,-6.416902599685689
94104,PA,2021,2022,54.26875,52.49282638668518,1.7759236133148164,1.7759236133148164,3.2724608790783214
94116,PA,2021,2022,73.27857142857142,77.57725435194882,-4.298682923377399,4.298682923377399,-5.866220969615322
94122,PA,2021,2022,84.63230769230769,79.04736774415422,5.584939948153476,5.584939948153476,6.599063762338004
94128,PA,2021,2022,53.18055555555556,52.329828771825,0.8507267837305577,0.8507267837305577,1.5996951796448198
94140,PA,2021,2022,51.60904645476773,53.9168412899653,-2.3077948351975692,2.3077948351975692,-4.471686639706111
94152,PA,2021,2022,57.83265306122449,54.491941719469146,3.3407113417553447,3.3407113417553447,5.776514071071066
94182,PA,2021,2022,50.766666666666666,55.780658660344585,-5.013991993677919,5.013991993677919,-9.876543651368193
94188,PA,2021,2022,51.57105263157895,47.87537109408804,3.6956815374909127,3.6956815374909127,7.166193724787195
94206,PA,2021,2022,73.38412322274881,92.19594983757226,-18.811826614823445,18.811826614823445,-25.634736491601018
94266,PA,2021,2022,47.025,40.655593596450714,6.369406403549284,6.369406403549284,13.544723877829421
94278,PA,2021,2022,41.27272727272727,40.28565905892699,0.9870682138002849,0.9870682138002849,2.3915749673575184
94284,PA,2021,2022,52.742537313432834,56.45983152139782,-3.717294207964983,3.717294207964983,-7.048000337705098
94302,PA,2021,2022,63.73978947368421,69.43879712194368,-5.699007648259467,5.699007648259467,-8.941051885043292
94332,PA,2021,2022,58.79454545454546,64.88460975822976,-6.090064303684301,6.090064303684301,-10.358213090349647
94344,PA,2021,2022,53.9061224489796,53.7038829603035,0.2022394886760992,0.2022394886760992,0.3751697942427826
94350,PA,2021,2022,68.8016393442623,65.76451415129985,3.037125192962449,3.037125192962449,4.414320969542029
94368,PA,2021,2022,52.44025974025974,54.98686466154306,-2.5466049212833184,2.5466049212833184,-4.856201959900332
94374,PA,2021,2022,53.433898305084746,49.795880400794466,3.6380179042902796,3.6380179042902796,6.808445611657886
94392,PA,2021,2022,63.41733333333333,66.96413516647185,-3.5468018331385167,3.5468018331385167,-5.592795607623337
94452,PA,2021,2022,51.71707317073171,54.04405739397901,-2.326984223247301,2.326984223247301,-4.499450724068069
94482,PA,2021,2022,67.87865168539327,75.24256111042415,-7.363909425030883,7.363909425030883,-10.848638330592406
94488,PA,2021,2022,59.1780185758514,62.758187112891086,-3.5801685370396896,3.5801685370396896,-6.049828336936983
94518,PA,2021,2022,46.96666666666667,50.185341265078826,-3.218674598412157,3.218674598412157,-6.85310418398614
94542,PA,2021,2022,59.42058823529412,66.70641231741624,-7.285824082122119,7.285824082122119,-12.2614472500199
94554,PA,2021,2022,61.19478260869565,63.782132679488655,-2.5873500707930077,2.5873500707930077,-4.228056642242816
94572,PA,2021,2022,63.11111111111112,65.78784666370018,-2.676735552589058,2.676735552589058,-4.241306333327731
94590,PA,2021,2022,71.29864864864865,78.3322116278848,-7.033562979236152,7.033562979236152,-9.864931681800481
94602,PA,2021,2022,61.09340836012862,70.61420608297392,-9.520797722845302,9.520797722845302,-15.584001577916315
94626,PA,2021,2022,56.0275,58.23598866549254,-2.2084886654925384,2.2084886654925384,-3.9417940573692176
94632,PA,2021,2022,50.334848484848486,48.12087542812759,2.2139730567208957,2.2139730567208957,4.398489562131758
94638,PA,2021,2022,53.08,56.71766414222463,-3.6376641422246294,3.6376641422246294,-6.853172837650018
94644,PA,2021,2022,65.45314685314685,72.06100943386255,-6.607862580715704,6.607862580715704,-10.095561326549133
94806,PA,2021,2022,69.9604347826087,84.67427227901682,-14.713837496408118,14.713837496408118,-21.031655309360364
94938,PA,2021,2022,57.2125,60.30162478770376,-3.08912478770376,3.08912478770376,-5.399387874509522
94944,PA,2021,2022,66.86502057613168,73.72088907813863,-6.855868502006942,6.855868502006942,-10.253296032715543
94950,PA,2021,2022,61.56636568848759,68.37598181496226,-6.8096161264746655,6.8096161264746655,-11.060610855170241
94962,PA,2021,2022,39.871428571428574,47.12531969015146,-7.253891118722883,7.253891118722883,-18.193205958817693
94968,PA,2021,2022,61.05,51.58617302209207,9.463826977907928,9.463826977907928,15.501764091577277
94974,PA,2021,2022,60.10172413793104,62.727823669459816,-2.626099531528773,2.626099531528773,-4.3694246200025475
94992,PA,2021,2022,48.86923076923077,64.48045955343414,-15.611228784203377,15.611228784203377,-31.94490385560269
95004,PA,2021,2022,50.45816326530612,57.321844881708834,-6.863681616402715,6.863681616402715,-13.602717919623576
95040,PA,2021,2022,56.73645833333333,63.30713482852639,-6.570676495193055,6.570676495193055,-11.581048038969161
95070,PA,2021,2022,53.57891156462585,57.47093076713636,-3.892019202510511,3.892019202510511,-7.264087845114271
95076,PA,2021,2022,66.49161676646706,76.0155588294753,-9.523942063008235,9.523942063008235,-14.323523063754607
95088,PA,2021,2022,59.82222222222222,57.88027136890442,1.941950853317806,1.941950853317806,3.2462031351894973
95094,PA,2021,2022,52.79666666666667,57.863735861421354,-5.067069194754687,5.067069194754687,-9.597327851672492
95106,PA,2021,2022,54.08305647840532,56.94931055861794,-2.86625408021262,2.86625408021262,-5.299726507426738
95118,PA,2021,2022,56.697476340694,65.10975868662604,-8.412282345932034,8.412282345932034,-14.837137186464522
95136,PA,2021,2022,76.29512195121951,72.57393349995625,3.7211884512632594,3.7211884512632594,4.877360906038606
95142,PA,2021,2022,69.6362385321101,74.3946204056227,-4.758381873512604,4.758381873512604,-6.833197734134446
95160,PA,2021,2022,58.92372881355932,64.21151926952945,-5.287790455970125,5.287790455970125,-8.973957626987987
95184,PA,2021,2022,56.58505747126437,58.30093089919861,-1.7158734279342411,1.7158734279342411,-3.0323790495496348
95190,PA,2021,2022,47.67368421052632,52.48076065080493,-4.807076440278614,4.807076440278614,-10.083291274596341
95208,PA,2021,2022,57.01095890410959,63.91724657960092,-6.906287675491328,6.906287675491328,-12.113965118719468
95220,PA,2021,2022,61.215873015873015,67.5478372932783,-6.331964277405291,6.331964277405291,-10.343664094708638
95406,PA,2021,2022,28.016964285714284,31.4745027108673,-3.4575384251530146,3.4575384251530146,-12.340874585459629
95412,PA,2021,2022,40.64858387799564,43.995385068186565,-3.3468011901909236,3.3468011901909236,-8.233500090030573
95424,PA,2021,2022,75.20440587449933,87.70549988341108,-12.50109400891175,12.50109400891175,-16.62282131418404
95430,PA,2021,2022,72.51621900826446,90.6233021402263,-18.107083131961843,18.107083131961843,-24.969701095279433
95436,PA,2021,2022,39.79885321100917,45.27556976337382,-5.47671655236465,5.47671655236465,-13.760990859027263
95454,PA,2021,2022,53.94066390041494,56.230853843971275,-2.290189943556335,2.290189943556335,-4.2457577974651475
95520,PA,2021,2022,59.638636363636365,64.32073329955999,-4.682096935923624,4.682096935923624,-7.8507779879059285
95538,PA,2021,2022,55.22,59.9579790098386,-4.737979009838604,4.737979009838604,-8.580186544437892
95544,PA,2021,2022,53.07291666666666,52.98714200539364,0.08577466127301392,0.08577466127301392,0.16161663360567885
95556,PA,2021,2022,71.82608695652173,75.83983725405359,-4.013750297531857,4.013750297531857,-5.58815114063152
95562,PA,2021,2022,55.12641509433962,51.25068536273758,3.8757297316020427,3.8757297316020427,7.030621753599216
95568,PA,2021,2022,75.762,84.05410523389767,-8.292105233897672,8.292105233897672,-10.94493972426503
95586,PA,2021,2022,78.61774580335731,87.80661254258554,-9.188866739228231,9.188866739228231,-11.688031303023989
95610,PA,2021,2022,61.533884297520665,66.41090413477131,-4.87701983725065,4.87701983725065,-7.925746753885901
95616,PA,2021,2022,56.370769230769234,54.64899212767907,1.7217771030901616,1.7217771030901616,3.054379293710884
95628,PA,2021,2022,63.6198347107438,62.871513547592606,0.7483211631511963,0.7483211631511963,1.1762387729448527
95640,PA,2021,2022,83.69518072289156,80.81258805744535,2.882592665446211,2.882592665446211,3.444156091842681
95652,PA,2021,2022,67.2060606060606,63.40451384619153,3.801546759869076,3.801546759869076,5.656553479830441
95658,PA,2021,2022,53.925,55.578179552291076,-1.6531795522910784,1.6531795522910784,-3.065701534151281
95664,PA,2021,2022,62.31655172413793,69.51116959023032,-7.194617866092393,7.194617866092393,-11.545275961258945
95670,PA,2021,2022,48.54545454545455,42.65757602705692,5.887878518397628,5.887878518397628,12.128588708309719
95676,PA,2021,2022,58.73044871794872,62.26024756950771,-3.5297988515589935,3.5297988515589935,-6.010168368559127
95694,PA,2021,2022,48.096875,49.98065876965746,-1.8837837696574624,1.8837837696574624,-3.91664483328171
95712,PA,2021,2022,58.974242424242426,61.40469188351481,-2.4304494592723813,2.4304494592723813,-4.121205053875014
95724,PA,2021,2022,51.95638297872341,51.57886234112554,0.37752063759786836,0.37752063759786836,0.7266106991175008
95730,PA,2021,2022,77.19767441860465,69.20655298160865,7.991121436995996,7.991121436995996,10.351505401139564
95736,PA,2021,2022,52.15891472868217,52.75144911032399,-0.5925343816418192,0.5925343816418192,-1.136017466475361
95742,PA,2021,2022,55.93,47.46940870193738,8.460591298062617,8.460591298062617,15.127107631079237
95748,PA,2021,2022,73.76862745098039,72.5561106272881,1.2125168236922832,1.2125168236922832,1.6436754560710871
95766,PA,2021,2022,59.01136363636363,53.17356766608998,5.837795970273653,5.837795970273653,9.892664074409426
95778,PA,2021,2022,58.51841085271318,62.055840214092264,-3.5374293613790826,3.5374293613790826,-6.044985347060345
96006,PA,2021,2022,66.1956278596848,72.9649330839497,-6.7693052242648974,6.7693052242648974,-10.22621197673935
96012,PA,2021,2022,91.50576671035388,94.85020786049341,-3.344441150139531,3.344441150139531,-3.654896593266954
96120,PA,2021,2022,65.00350877192983,65.34528649722859,-0.34177772529875483,0.34177772529875483,-0.525783502699693
96138,PA,2021,2022,76.52339449541284,79.64177959339783,-3.1183850979849836,3.1183850979849836,-4.075074189464914
96150,PA,2021,2022,71.2969465648855,71.3098389464127,-0.01289238152719463,0.01289238152719463,-0.01808265591775604
96168,PA,2021,2022,63.60843373493976,62.9207168992881,0.6877168356516563,0.6877168356516563,1.0811724094911919
96198,PA,2021,2022,90.7806179775281,97.5494288031708,-6.768810825642703,6.768810825642703,-7.4562290678812735
96204,PA,2021,2022,68.35,70.44350080243537,-2.093500802435372,2.093500802435372,-3.0629126590129805
96222,PA,2021,2022,105.4895104895105,128.38991774194943,-22.90040725243894,22.90040725243894,-21.708705582358423
96228,PA,2021,2022,59.40394736842105,61.54377470056697,-2.13982733214592,2.13982733214592,-3.602163537845038
96240,PA,2021,2022,58.85333333333333,58.02128894783084,0.8320443855024919,0.8320443855024919,1.4137591507178726
96246,PA,2021,2022,63.28117647058824,63.66946253257399,-0.38828606198574533,0.38828606198574533,-0.6135885639961395
96270,PA,2021,2022,43.19122807017544,44.2283283855969,-1.037100315421462,1.037100315421462,-2.401182744182271
96276,PA,2021,2022,174.92845360824742,202.20037659648585,-27.27192298823843,27.27192298823843,-15.59032988956385
96294,PA,2021,2022,61.28357142857143,63.27556246567489,-1.9919910371034604,1.9919910371034604,-3.250448677628407
96300,PA,2021,2022,59.95074626865672,61.673015133291955,-1.7222688646352324,1.7222688646352324,-2.8728063816207476
96306,PA,2021,2022,92.2340579710145,89.87054796918352,2.3635100018309743,2.3635100018309743,2.5625132991261554
96312,PA,2021,2022,77.06,77.93238469725966,-0.8723846972596618,0.8723846972596618,-1.1320849951462
96318,PA,2021,2022,94.731981981982,105.28586429987203,-10.553882317890029,10.553882317890029,-11.140780649873212
96330,PA,2021,2022,98.41350762527232,99.36949954292643,-0.9559919176541172,0.9559919176541172,-0.9714031546301892
96336,PA,2021,2022,83.55645161290323,86.33565054877211,-2.7791989358688767,2.7791989358688767,-3.326133269450253
96342,PA,2021,2022,71.34665314401623,74.6245524009094,-3.277899256893164,3.277899256893164,-4.594327992199699
96354,PA,2021,2022,110.16215139442232,123.43672346684191,-13.274572072419588,13.274572072419588,-12.050029800971824
96366,PA,2021,2022,70.65275590551181,70.53296363420048,0.11979227131132575,0.11979227131132575,0.16955074119335298
96378,PA,2021,2022,100.43700440528634,101.04548237327762,-0.6084779679912771,0.6084779679912771,-0.6058304621829709
96396,PA,2021,2022,126.50920069005176,146.1684457081098,-19.659245018058044,19.659245018058044,-15.539774902398843
96606,PA,2021,2022,55.49894588896697,58.2260954377244,-2.7271495487574313,2.7271495487574313,-4.913876299945331
96612,PA,2021,2022,63.17,65.5976216493964,-2.4276216493964,2.4276216493964,-3.8429977036511
96630,PA,2021,2022,81.020737913486,90.55932386692763,-9.538585953441626,9.538585953441626,-11.77301787059374
96660,PA,2021,2022,58.65625,58.69283356335543,-0.03658356335542834,0.03658356335542834,-0.062369420744470265
96666,PA,2021,2022,48.6531914893617,54.87480320992816,-6.221611720566457,6.221611720566457,-12.787674415822956
96672,PA,2021,2022,54.50266666666667,54.293479717106635,0.20918694956003492,0.20918694956003492,0.38381048552982405
96684,PA,2021,2022,56.7,55.951073855853956,0.7489261441460471,0.7489261441460471,1.3208573970829756
96690,PA,2021,2022,71.63677419354839,79.36975150309132,-7.732977309542932,7.732977309542932,-10.79470341398952
96696,PA,2021,2022,66.3712,69.6290137099836,-3.257813709983594,3.257813709983594,-4.908474925846744
96702,PA,2021,2022,61.17242647058824,65.06210376177921,-3.8896772911909707,3.8896772911909707,-6.358546677989193
96720,PA,2021,2022,68.39433962264151,69.60918885950628,-1.2148492368647652,1.2148492368647652,-1.7762423667917062
96726,PA,2021,2022,39.17765363128492,42.488349388542744,-3.3106957572578253,3.3106957572578253,-8.45046972035636
96738,PA,2021,2022,88.86330275229358,103.17108543118658,-14.307782678893005,14.307782678893005,-16.100890058943616
96744,PA,2021,2022,56.9635294117647,58.00337112167376,-1.0398417099090551,1.0398417099090551,-1.8254516892597883
96750,PA,2021,2022,56.46049868766404,62.73858269714944,-6.278084009485397,6.278084009485397,-11.119427131197275
96762,PA,2021,2022,74.12328767123287,79.3775363581354,-5.254248686902528,5.254248686902528,-7.088526227016902
96780,PA,2021,2022,58.40219780219781,55.5342725815602,2.867925220637609,2.867925220637609,4.910646051970466
96786,PA,2021,2022,53.79268292682927,62.95455589298413,-9.16187296615486,9.16187296615486,-17.03182006857172
96798,PA,2021,2022,59.29066666666667,58.8410247456306,0.4496419210360685,0.4496419210360685,0.7583688062810366
96804,PA,2021,2022,57.73390804597701,59.31172115535052,-1.5778131093735084,1.5778131093735084,-2.7329054324834554
96822,PA,2021,2022,70.31444652908067,76.31350800091191,-5.99906147183124,5.99906147183124,-8.53176234467002
96846,PA,2021,2022,71.09740259740259,78.44975868157763,-7.352356084175042,7.352356084175042,-10.341244286811186
96852,PA,2021,2022,78.18056680161943,93.21121805836512,-15.030651256745685,15.030651256745685,-19.225559332264062
96858,PA,2021,2022,65.70227272727273,70.66432723837738,-4.962054511104654,4.962054511104654,-7.552333131156552
96870,PA,2021,2022,60.250381679389314,63.322189646200876,-3.071807966811562,3.071807966811562,-5.098404161416919
96876,PA,2021,2022,47.951743119266055,52.02120683557305,-4.069463716306991,4.069463716306991,-8.486581407865362
96888,PA,2021,2022,78.75483119906869,89.53860557298282,-10.783774373914127,10.783774373914127,-13.692841708537179
96900,PA,2021,2022,64.69194444444445,70.30722556730078,-5.615281122856331,5.615281122856331,-8.680031449168405
96918,PA,2021,2022,60.78813559322034,66.66556598351931,-5.877430390298976,5.877430390298976,-9.668713035762988
96924,PA,2021,2022,60.26833333333333,65.45193338955781,-5.183600056224478,5.183600056224478,-8.600868432108312
96936,PA,2021,2022,72.60522875816993,77.0287942075178,-4.423565449347876,4.423565449347876,-6.092626557353988
96942,PA,2021,2022,59.496855345911946,69.34511829703231,-9.848262951120368,9.848262951120368,-16.55257726456806
96954,PA,2021,2022,66.37045454545455,73.23661590590422,-6.8661613604496665,6.8661613604496665,-10.34520767934066
97206,PA,2021,2022,79.20583016476553,73.63286184074592,5.572968324019612,5.572968324019612,7.036058219990389
97260,PA,2021,2022,61.53636363636364,57.085915841410355,4.450447794953284,4.450447794953284,7.232224219897492
97284,PA,2021,2022,67.09907407407407,73.91467520976366,-6.81560113568959,6.81560113568959,-10.157518907288502
97308,PA,2021,2022,70.3804347826087,77.16008131865355,-6.779646536044851,6.779646536044851,-9.632856854303109
97332,PA,2021,2022,57.83271028037383,62.26800862000575,-4.43529833963192,4.43529833963192,-7.66918637935094
97344,PA,2021,2022,58.56730769230769,60.83205017456741,-2.264742482259713,2.264742482259713,-3.866905568133478
97356,PA,2021,2022,61.13854166666667,64.03515457679768,-2.8966129101310116,2.8966129101310116,-4.737785415170073
97368,PA,2021,2022,54.25555555555555,55.097703395077794,-0.8421478395222408,0.8421478395222408,-1.5521872938153118
97374,PA,2021,2022,93.9186507936508,88.07586318524949,5.842787608401309,5.842787608401309,6.2211153578414695
97392,PA,2021,2022,59.30260416666667,61.40967241862021,-2.1070682519535424,2.1070682519535424,-3.553078792343999
97398,PA,2021,2022,69.76981132075471,71.30030464618592,-1.530493325431209,1.530493325431209,-2.1936325990549537
97410,PA,2021,2022,73.72419354838709,74.36490673960974,-0.6407131912226447,0.6407131912226447,-0.8690677515544855
97434,PA,2021,2022,54.612857142857145,51.31562551884255,3.297231624014593,3.297231624014593,6.037464063434082
97440,PA,2021,2022,59.82,68.27491105411153,-8.454911054111527,8.454911054111527,-14.133920184071425
97452,PA,2021,2022,62.12964824120603,67.19797412608263,-5.0683258848766,5.0683258848766,-8.157660679487241
97488,PA,2021,2022,55.17410071942446,58.01016622771756,-2.836065508293103,2.836065508293103,-5.140211569039031
97494,PA,2021,2022,61.57419354838709,65.462640078041,-3.888446529653912,3.888446529653912,-6.315058802350758
97524,PA,2021,2022,70.30466666666666,88.40273787366894,-18.098071207002278,18.098071207002278,-25.742346938091753
97530,PA,2021,2022,59.0,61.21806479619089,-2.2180647961908875,2.2180647961908875,-3.759431857950657
97536,PA,2021,2022,48.87368421052632,41.834694350499035,7.038989860027286,7.038989860027286,14.402413023962785
97548,PA,2021,2022,54.23717948717949,58.47921891622935,-4.242039429049861,4.242039429049861,-7.821275864930602
97554,PA,2021,2022,65.64691358024692,61.57860666397266,4.06830691627426,4.06830691627426,6.197255429687724
97572,PA,2021,2022,67.91732283464567,70.6822904896833,-2.7649676550376228,2.7649676550376228,-4.071078687493804
97806,PA,2021,2022,57.07450076804916,65.8221796831576,-8.747678915108438,8.747678915108438,-15.326772547094217
97866,PA,2021,2022,60.75416666666667,60.11314158241661,0.6410250842500602,0.6410250842500602,1.0551129567246036
97878,PA,2021,2022,53.20481927710844,54.96763010311027,-1.7628108260018251,1.7628108260018251,-3.3132540434364013
97884,PA,2021,2022,59.79377431906615,71.88219311535,-12.088418796283854,12.088418796283854,-20.216851894611505
97896,PA,2021,2022,71.59227799227799,82.7982896111055,-11.206011618827517,11.206011618827517,-15.652542331501461
97902,PA,2021,2022,52.502985074626864,62.220571925417694,-9.71758685079083,9.71758685079083,-18.50863686508189
97914,PA,2021,2022,69.96461538461539,75.38228017836519,-5.4176647937498075,5.4176647937498075,-7.743435397975625
97938,PA,2021,2022,60.52056737588652,64.07877019967191,-3.558202823785386,3.558202823785386,-5.879328264862065
97956,PA,2021,2022,67.445,62.01704742645813,5.427952573541866,5.427952573541866,8.047968824289223
97962,PA,2021,2022,62.623931623931625,65.39504681066504,-2.771115186733411,2.771115186733411,-4.425009920128416
97974,PA,2021,2022,63.26315789473684,53.7291010843716,9.534056810365243,9.534056810365243,15.070472495585657
98004,PA,2021,2022,67.62380952380953,75.821021833751,-8.197212309941477,8.197212309941477,-12.121784276372862
98010,PA,2021,2022,61.82975409836065,69.69060128688636,-7.86084718852571,7.86084718852571,-12.71369634758766
98040,PA,2021,2022,52.77375,60.74918318348938,-7.975433183489379,7.975433183489379,-15.112500406905665
98046,PA,2021,2022,55.94838709677419,56.63452742458238,-0.6861403278081895,0.6861403278081895,-1.2263808903398221
98052,PA,2021,2022,54.833333333333336,55.90876980130739,-1.0754364679740576,1.0754364679740576,-1.9612823124146943
98070,PA,2021,2022,77.62254335260116,93.46459175345531,-15.842048400854154,15.842048400854154,-20.409081842231704
98076,PA,2021,2022,59.36449275362319,69.42573858028484,-10.061245826661654,10.061245826661654,-16.948255362710206
98082,PA,2021,2022,52.01489361702128,54.19181126566724,-2.1769176486459614,2.1769176486459614,-4.185181391841951
98100,PA,2021,2022,59.00642201834862,60.826754283650395,-1.8203322653017722,1.8203322653017722,-3.0849731317986406
98106,PA,2021,2022,51.311764705882354,52.667634080577926,-1.3558693746955726,1.3558693746955726,-2.6424142347615196
98118,PA,2021,2022,52.8376,56.76173979007221,-3.9241397900722106,3.9241397900722106,-7.4267941580847925
98124,PA,2021,2022,53.73182844243792,57.0282878572446,-3.2964594148066766,3.2964594148066766,-6.135021848992395
98160,PA,2021,2022,56.30491803278689,53.86989082263468,2.4350272101522066,2.4350272101522066,4.32471495426788
98172,PA,2021,2022,54.47391304347826,54.347203826417065,0.12670921706119742,0.12670921706119742,0.23260531506166018
98184,PA,2021,2022,72.23829787234042,72.69914750811321,-0.4608496357727887,0.4608496357727887,-0.6379574953263746
98190,PA,2021,2022,64.83866666666667,71.89480596258102,-7.056139295914349,7.056139295914349,-10.882610113174776
98226,PA,2021,2022,53.47481481481481,58.4052559750015,-4.930441160186689,4.930441160186689,-9.22011825054651
98238,PA,2021,2022,63.89607843137255,67.32599645144477,-3.429918020072215,3.429918020072215,-5.367963268287444
98244,PA,2021,2022,62.69302325581396,64.73663464589418,-2.0436113900802226,2.0436113900802226,-3.259711023571836
98406,PA,2021,2022,54.534375,54.98576116077606,-0.4513861607760603,0.4513861607760603,-0.8277094232327047
98412,PA,2021,2022,54.486666666666665,54.41508973539806,0.0715769312686021,0.0715769312686021,0.13136595730197376
98418,PA,2021,2022,61.02039215686275,65.38165909087925,-4.361266934016506,4.361266934016506,-7.147228622859661
98424,PA,2021,2022,54.37014925373134,54.169861410056406,0.20028784367493557,0.20028784367493557,0.3683783223405261
98430,PA,2021,2022,48.57333333333333,52.18561280679382,-3.6122794734604895,3.6122794734604895,-7.436754337346603
98436,PA,2021,2022,58.50575539568345,57.14353046291996,1.362224932763489,1.362224932763489,2.328360557949473
98442,PA,2021,2022,56.381075268817206,58.76878776539774,-2.3877124965805336,2.3877124965805336,-4.234953812420655
98460,PA,2021,2022,64.05783132530121,62.157031101630345,1.9008002236708634,1.9008002236708634,2.9673190371027998
98466,PA,2021,2022,54.71639344262295,59.21721804813701,-4.500824605514062,4.500824605514062,-8.225733317444881
98472,PA,2021,2022,71.09608695652175,78.12087536299865,-7.024788406476901,7.024788406476901,-9.88069626219071
98490,PA,2021,2022,124.83689727463312,149.35841760955412,-24.521520334921007,24.521520334921007,-19.64284668255992
98502,PA,2021,2022,62.81188118811881,65.56281329364367,-2.7509321055248606,2.7509321055248606,-4.379636548833716
98520,PA,2021,2022,47.07142857142857,61.34571496280475,-14.27428639137618,14.27428639137618,-30.324735884562447
98526,PA,2021,2022,67.72083333333333,73.04728554517685,-5.326452211843517,5.326452211843517,-7.8653081329135786
98538,PA,2021,2022,54.1010101010101,57.694124965689255,-3.5931148646791584,3.5931148646791584,-6.641493121793069
98544,PA,2021,2022,54.379710144927536,56.73899884373115,-2.359288698803617,2.359288698803617,-4.338545925522349
98556,PA,2021,2022,72.98480392156863,81.59787223894755,-8.613068317378918,8.613068317378918,-11.801180320542816
98568,PA,2021,2022,66.6755,72.58833190998577,-5.912831909985769,5.912831909985769,-8.868072845326648
98598,PA,2021,2022,66.46344537815126,79.49586512939595,-13.032419751244689,13.032419751244689,-19.60840229857972
98604,PA,2021,2022,49.54181818181818,50.917339905900164,-1.3755217240819846,1.3755217240819846,-2.7764861576816338
98610,PA,2021,2022,51.20246913580247,49.93833810537411,1.2641310304283593,1.2641310304283593,2.4688868559747577
98616,PA,2021,2022,51.30967741935484,48.89930927456943,2.4103681447854086,2.4103681447854086,4.697687192779307
98628,PA,2021,2022,57.20446428571429,57.576043158552295,-0.3715788728380076,0.3715788728380076,-0.6495627176615344
98640,PA,2021,2022,57.86829268292683,61.02402503019813,-3.1557323472713037,3.1557323472713037,-5.453301282901604
98646,PA,2021,2022,77.1613725490196,82.02445008287322,-4.8630775338536125,4.8630775338536125,-6.302476709786575
98652,PA,2021,2022,65.54253731343283,65.04572818090023,0.4968091325326043,0.4968091325326043,0.7579949646392223
98658,PA,2021,2022,50.75,53.78900267207824,-3.03900267207824,3.03900267207824,-5.988182605080277
99006,PA,2021,2022,32.59189189189189,31.376294156154223,1.215597735737667,1.215597735737667,3.7297550561649953
99012,PA,2021,2022,36.679748822605966,40.69531200942657,-4.015563186820607,4.015563186820607,-10.947630002160183
99018,PA,2021,2022,28.528060263653483,31.53685519866185,-3.0087949350083676,3.0087949350083676,-10.54679114949066
99024,PA,2021,2022,46.18869448183042,48.67270333174057,-2.484008849910154,2.484008849910154,-5.377958562754586
99030,PA,2021,2022,103.51676367869617,115.36352724955415,-11.846763570857988,11.846763570857988,-11.444294769134153
99036,PA,2021,2022,93.62470023980816,97.98055415312014,-4.355853913311975,4.355853913311975,-4.652462333289176
99042,PA,2021,2022,41.68159509202454,49.4935823819855,-7.81198728996096,7.81198728996096,-18.742054551208202
99048,PA,2021,2022,51.66666666666666,55.38599998239383,-3.7193333157271695,3.7193333157271695,-7.19870964334291
99054,PA,2021,2022,72.90937718684394,85.51851661599703,-12.609139429153089,12.609139429153089,-17.294262981892995
99060,PA,2021,2022,61.16748726655348,63.32549930660834,-2.1580120400548637,2.1580120400548637,-3.5280377476530242
99066,PA,2021,2022,59.75801104972376,65.81778659055014,-6.059775540826379,6.059775540826379,-10.140524147940816
99606,PA,2021,2022,59.51839396019218,63.76668262325265,-4.248288663060471,4.248288663060471,-7.137774359136545
99612,PA,2021,2022,55.45036927621861,62.824368444740294,-7.373999168521685,7.373999168521685,-13.298377025749087
99666,PA,2021,2022,71.71238938053098,64.86357320164524,6.848816178885741,6.848816178885741,9.550394622250739
99678,PA,2021,2022,65.85416666666667,63.822405314186426,2.0317613524802454,2.0317613524802454,3.0852434330607963
99702,PA,2021,2022,56.09923076923077,57.916565103412644,-1.8173343341818722,1.8173343341818722,-3.2394995604443135
99726,PA,2021,2022,56.45625,55.35046309718586,1.1057869028141383,1.1057869028141383,1.9586616234945435
99738,PA,2021,2022,50.947826086956525,53.582665679171356,-2.6348395922148313,2.6348395922148313,-5.171642824794429
99750,PA,2021,2022,52.56625,53.214749543696605,-0.6484995436966088,0.6484995436966088,-1.233680438868302
99762,PA,2021,2022,53.6919540229885,56.67375499282539,-2.9818009698368897,2.9818009698368897,-5.553534089223528
99780,PA,2021,2022,57.99767441860465,61.711687700096476,-3.714013281491823,3.714013281491823,-6.403727940340366
99810,PA,2021,2022,85.84973637961336,96.86744966175083,-11.017713282137464,11.017713282137464,-12.833718246284361
99816,PA,2021,2022,67.6974358974359,69.21889162845967,-1.521455731023778,1.521455731023778,-2.2474347969823247
99822,PA,2021,2022,54.37232142857143,57.82698160767739,-3.4546601791059572,3.4546601791059572,-6.353711021230392
99834,PA,2021,2022,53.0275,50.723961345655276,2.3035386543447274,2.3035386543447274,4.344045362019192
99840,PA,2021,2022,55.590384615384615,57.96617108409045,-2.375786468705833,2.375786468705833,-4.273736339734436
99846,PA,2021,2022,57.60677966101695,58.73205704682617,-1.1252773858092198,1.1252773858092198,-1.9533766553708358
99876,PA,2021,2022,55.20892857142857,57.2307511164546,-2.0218225450260263,2.0218225450260263,-3.6621296542826753
99882,PA,2021,2022,69.51428571428572,71.76477716146125,-2.250491447175534,2.250491447175534,-3.237451732476107
99888,PA,2021,2022,103.98617571059432,131.87003841823622,-27.883862707641896,27.883862707641896,-26.814970852708292
99900,PA,2021,2022,59.78395061728395,54.05488028483543,5.729070332448522,5.729070332448522,9.582957086800832
99906,PA,2021,2022,59.43525641025641,60.10109314938275,-0.6658367391263411,0.6658367391263411,-1.1202723422783811
99912,PA,2021,2022,63.44501510574018,70.53455524216865,-7.089540136428468,7.089540136428468,-11.17430601066567
99930,PA,2021,2022,58.99594594594595,62.031582774503775,-3.035636828557827,3.035636828557827,-5.145500728709696
99936,PA,2021,2022,55.60576923076923,55.76024352034851,-0.15447428957927656,0.15447428957927656,-0.2778026304036791
99942,PA,2021,2022,59.01639344262295,65.82027764331139,-6.803884200688437,6.803884200688437,-11.528803784499852
99954,PA,2021,2022,51.22142857142857,45.21534437820806,6.006084193220509,6.006084193220509,11.725725659613323
99966,PA,2021,2022,54.96829268292683,57.19925094882149,-2.230958265894664,2.230958265894664,-4.058627541451002
99972,PA,2021,2022,71.71564885496183,76.29130173953097,-4.575652884569138,4.575652884569138,-6.380271192725267
99984,PA,2021,2022,67.20111111111112,66.23073134423281,0.9703797668783096,0.9703797668783096,1.4439936346794506
99996,PA,2021,2022,54.66546762589928,54.30202367096397,0.36344395493531323,0.36344395493531323,0.6648510855564721
