zip,state,from_year,to_year,actual,predicted,error,abs_error,pct_error
10206,MA,2021,2022,126.72183507549362,158.04213926667597,-31.32030419118236,31.32030419118236,-24.71579122297552
10212,MA,2021,2022,71.02609727164888,80.19262326067583,-9.166525989026951,9.166525989026951,-12.905856215030845
10308,MA,2021,2022,134.125,129.55466777664927,4.570332223350732,4.570332223350732,3.407517035117041
10314,MA,2021,2022,173.96785714285716,212.4857885649698,-38.51793142211264,38.51793142211264,-22.140832251835395
10320,MA,2021,2022,195.0345701357466,243.02543857504358,-47.990868439296975,47.990868439296975,-24.606339484274354
10326,MA,2021,2022,134.17252631578947,149.7472897969261,-15.574763481136642,15.574763481136642,-11.608012391806472
10380,MA,2021,2022,195.7249645390071,250.46680396556118,-54.741839426554094,54.741839426554094,-27.968756849944043
10386,MA,2021,2022,80.90958904109588,78.74439100834373,2.1651980327521585,2.1651980327521585,2.676070980477238
10440,MA,2021,2022,204.42307692307693,237.32389279109742,-32.90081586802049,32.90081586802049,-16.09447248482658
10446,MA,2021,2022,336.38671875,476.69008176223,-140.30336301223002,140.30336301223002,-41.70894841912662
10452,MA,2021,2022,347.64785553047403,688.2299148157291,-340.58205928525507,340.58205928525507,-97.96754211688224
10470,MA,2021,2022,146.75416666666666,167.47979525919777,-20.72562859253111,20.72562859253111,-14.122684938552188
10476,MA,2021,2022,152.94691689008042,177.58184372728581,-24.6349268372054,24.6349268372054,-16.106847616228826
10482,MA,2021,2022,102.31067961165049,106.71244540807902,-4.401765796428535,4.401765796428535,-4.302352220840189
10488,MA,2021,2022,229.6246311010216,293.6228956329193,-63.99826453189772,63.99826453189772,-27.870818659581065
10494,MA,2021,2022,97.1173112338858,103.40297861249806,-6.28566737861226,6.28566737861226,-6.472241970820841
10512,MA,2021,2022,90.57592067988668,96.95218402238424,-6.376263342497566,6.376263342497566,-7.039689240402589
10524,MA,2021,2022,103.39396551724138,107.54609891586345,-4.15213339862207,4.15213339862207,-4.015837266566281
10536,MA,2021,2022,146.05766871165645,162.79935579925842,-16.741687087601974,16.741687087601974,-11.462381424595385
10542,MA,2021,2022,86.05069033530572,92.20142889845609,-6.1507385631503695,6.1507385631503695,-7.1478085058741065
10560,MA,2021,2022,163.20147702407002,184.25804891980584,-21.05657189573583,21.05657189573583,-12.902194440697537
10620,MA,2021,2022,426.30758293838863,808.3363242103958,-382.02874127200715,382.02874127200715,-89.61340510033085
10632,MA,2021,2022,294.6722,412.07899785910814,-117.40679785910817,117.40679785910817,-39.84318773847963
10638,MA,2021,2022,432.8868965517241,664.4735946812945,-231.58669812957038,231.58669812957038,-53.498200101304974
10650,MA,2021,2022,199.2125,224.33033663469033,-25.11783663469032,25.11783663469032,-12.608564540222286
10656,MA,2021,2022,275.0082681564246,400.7648555252956,-125.75658736887101,125.75658736887101,-45.728293266201256
10668,MA,2021,2022,318.34941690962097,538.8098579969022,-220.46044108728125,220.46044108728125,-69.25108995876369
10806,MA,2021,2022,99.79385695480474,121.43636889762963,-21.642511942824896,21.642511942824896,-21.687218635738763
10818,MA,2021,2022,130.8865835777126,145.69576480119747,-14.80918122348487,14.80918122348487,-11.314514305961747
10860,MA,2021,2022,222.83134759976863,298.97355523703726,-76.14220763726863,76.14220763726863,-34.17033036753384
10926,MA,2021,2022,98.29178486997635,103.84795960107107,-5.556174731094714,5.556174731094714,-5.652735616150024
10944,MA,2021,2022,135.94868887313962,161.51634133866418,-25.56765246552456,25.56765246552456,-18.80684004932404
10956,MA,2021,2022,84.28525896414342,84.19318549764311,0.09207346650030956,0.09207346650030956,0.10924029614654135
10962,MA,2021,2022,147.7610465116279,174.72947792417756,-26.96843141254965,26.96843141254965,-18.25138089450889
10980,MA,2021,2022,71.45046863734679,72.76031168770783,-1.3098430503610388,1.3098430503610388,-1.833218277418534
10992,MA,2021,2022,69.61731927710844,69.94707913943881,-0.329759862330377,0.329759862330377,-0.47367503626185825
10998,MA,2021,2022,130.41467889908256,138.13823104316174,-7.723552144079179,7.723552144079179,-5.922302772417065
11004,MA,2021,2022,106.75014084507042,112.61389590973654,-5.8637550646661225,5.8637550646661225,-5.492971735912143
11010,MA,2021,2022,81.7289081885856,84.01346099152045,-2.28455280293484,2.28455280293484,-2.795281196786995
11040,MA,2021,2022,40.96948228882834,40.134726684889145,0.8347556039391932,0.8347556039391932,2.0375058636433305
11046,MA,2021,2022,38.12293543543544,39.513850411303544,-1.3909149758681068,1.3909149758681068,-3.6484991514458387
11058,MA,2021,2022,47.616931216931214,48.55527967811915,-0.9383484611879354,0.9383484611879354,-1.9706193515769566
11064,MA,2021,2022,74.8331712400139,80.02255583867316,-5.1893845986592595,5.1893845986592595,-6.934604684886658
11070,MA,2021,2022,163.88586456278765,188.76054394453328,-24.874679381745636,24.874679381745636,-15.178050558604275
11100,MA,2021,2022,52.912594458438285,53.38843886968729,-0.4758444112490068,0.4758444112490068,-0.8993027390157035
11106,MA,2021,2022,59.90414887126297,57.383081870758545,2.5210670005044236,2.5210670005044236,4.208501494483
11112,MA,2021,2022,64.18695169350362,66.6619601355364,-2.475008442032788,2.475008442032788,-3.855937035070766
11124,MA,2021,2022,57.26021775544389,57.4965153045673,-0.23629754912341383,0.23629754912341383,-0.4126731584092664
11160,MA,2021,2022,100.2921409214092,101.52335515768435,-1.2312142362751501,1.2312142362751501,-1.227627833012312
11172,MA,2021,2022,97.54173764906304,99.93762164783753,-2.3958839987744938,2.3958839987744938,-2.456265447509698
11178,MA,2021,2022,94.87211155378486,102.75627794253214,-7.884166388747275,7.884166388747275,-8.310309805087016
11184,MA,2021,2022,175.4985436893204,185.03603789931992,-9.537494209999522,9.537494209999522,-5.434514731292273
11202,MA,2021,2022,171.25551330798478,192.0908238521908,-20.83531054420601,20.83531054420601,-12.166213012211715
11256,MA,2021,2022,105.13423913043478,108.836901018467,-3.7026618880322246,3.7026618880322246,-3.521842093172442
11274,MA,2021,2022,105.21928783382788,110.83178456121661,-5.612496727388731,5.612496727388731,-5.33409495819104
11280,MA,2021,2022,122.85399028452464,139.21203505818443,-16.358044773659785,16.358044773659785,-13.315029276440468
11316,MA,2021,2022,167.1491539081386,194.83382400926314,-27.68467010112454,27.68467010112454,-16.562853866636626
11322,MA,2021,2022,118.25081433224756,124.86619357729725,-6.615379245049695,6.615379245049695,-5.594362527147223
11340,MA,2021,2022,336.511506080449,438.907419268319,-102.39591318787001,102.39591318787001,-30.42865142429646
11406,MA,2021,2022,54.456,52.722335979967454,1.733664020032549,1.733664020032549,3.18360514917098
11412,MA,2021,2022,49.79546814878153,49.967409708919405,-0.1719415601378742,0.1719415601378742,-0.3452955992383446
11424,MA,2021,2022,73.16797853309481,75.97928284713119,-2.811304314036377,2.811304314036377,-3.842260467486864
11430,MA,2021,2022,53.08364825581396,53.519503192566674,-0.4358549367527118,0.4358549367527118,-0.8210719328338082
11436,MA,2021,2022,85.93287066246057,93.9151103024505,-7.982239639989928,7.982239639989928,-9.288924690231415
11442,MA,2021,2022,178.97045751633988,218.1223042806445,-39.15184676430462,39.15184676430462,-21.876150571236085
11448,MA,2021,2022,151.0026178010471,210.3428055890945,-59.34018778804739,59.34018778804739,-39.297456330347075
11478,MA,2021,2022,98.8794052863436,106.0476695075157,-7.168264221172109,7.168264221172109,-7.249501754600591
11490,MA,2021,2022,135.5383381924198,140.79556549231592,-5.25722729989613,5.25722729989613,-3.8787750905080443
11526,MA,2021,2022,293.1357326478149,381.68811645230716,-88.55238380449225,88.55238380449225,-30.208662384698986
11532,MA,2021,2022,148.72840236686392,165.87612677745415,-17.14772441059023,17.14772441059023,-11.529555981037468
11538,MA,2021,2022,110.48196286472148,124.85987777198176,-14.377914907260276,14.377914907260276,-13.013811969348488
11574,MA,2021,2022,152.7378947368421,267.21332218753804,-114.47542745069595,114.47542745069595,-74.9489363120593
11580,MA,2021,2022,107.6833015873016,132.37717359801061,-24.693872010709015,24.693872010709015,-22.931941765074004
11628,MA,2021,2022,147.77490092470276,196.7272600543104,-48.95235912960763,48.95235912960763,-33.12630143771899
11640,MA,2021,2022,220.51973094170404,241.9551728285961,-21.43544188689205,21.43544188689205,-9.720419027972904
11664,MA,2021,2022,419.8125,650.5311663850325,-230.71866638503252,230.71866638503252,-54.95755042668632
11670,MA,2021,2022,234.3915174363808,294.79740163735306,-60.40588420097225,60.40588420097225,-25.77136103799822
11694,MA,2021,2022,175.03620689655173,192.19274610062573,-17.156539204073994,17.156539204073994,-9.801708748301253
11700,MA,2021,2022,181.00251256281408,207.4119150808988,-26.409402518084732,26.409402518084732,-14.590627579780014
11706,MA,2021,2022,181.683,276.7677496186241,-95.08474961862413,95.08474961862413,-52.335523752153
11712,MA,2021,2022,90.39123505976096,92.06699849550135,-1.675763435740393,1.675763435740393,-1.8539003639373712
11760,MA,2021,2022,84.29686847599164,90.26163598218147,-5.96476750618983,5.96476750618983,-7.075906393709795
11796,MA,2021,2022,159.59846153846155,160.4965024058809,-0.8980408674193541,0.8980408674193541,-0.562687671774916
11814,MA,2021,2022,144.57272727272726,135.00079890552826,9.571928367199007,9.571928367199007,6.62083959247872
11820,MA,2021,2022,84.28196512122501,85.43206839543107,-1.1501032742060602,1.1501032742060602,-1.3645900075441237
11892,MA,2021,2022,227.8583569405099,263.9707132409326,-36.112356300422675,36.112356300422675,-15.848598570317534
11898,MA,2021,2022,227.19166666666663,268.7301860669649,-41.53851940029827,41.53851940029827,-18.28346964030295
11904,MA,2021,2022,296.0115183246073,357.1798245108436,-61.16830618623629,61.16830618623629,-20.664164196191482
11910,MA,2021,2022,180.56059322033897,207.973182811783,-27.412589591444032,27.412589591444032,-15.18193372237779
12114,MA,2021,2022,89.41974248927039,92.30262035320511,-2.8828778639347235,2.8828778639347235,-3.22398363457672
12126,MA,2021,2022,159.77777777777777,175.09262997063018,-15.314852192852413,15.314852192852413,-9.585095252828353
12150,MA,2021,2022,336.12208436724563,490.6550797041272,-154.53299533688158,154.53299533688158,-45.97525795658207
12156,MA,2021,2022,148.01328358208954,163.0230141100037,-15.009730527914144,15.009730527914144,-10.140799639506415
12180,MA,2021,2022,606.1163763066202,892.0208847434984,-285.90450843687825,285.90450843687825,-47.16990327485325
12192,MA,2021,2022,142.91585365853658,147.12323408636902,-4.207380427832447,4.207380427832447,-2.943956405203989
12210,MA,2021,2022,133.10398773006136,153.11119862909044,-20.007210899029076,20.007210899029076,-15.031263330445263
12228,MA,2021,2022,132.48918283362727,142.70114087845968,-10.211958044832414,10.211958044832414,-7.707767401400639
12258,MA,2021,2022,309.6999159663865,447.13513280468663,-137.4352168383001,137.4352168383001,-44.37689833058163
12270,MA,2021,2022,119.54628975265018,127.67375175695119,-8.127462004301009,8.127462004301009,-6.798589919534356
12288,MA,2021,2022,122.26663980660756,130.36544468040816,-8.098804873800603,8.098804873800603,-6.623887666014787
12300,MA,2021,2022,126.6344747081712,141.51727678639705,-14.88280207822585,14.88280207822585,-11.75256746831637
12312,MA,2021,2022,255.60112540192927,377.2560653794818,-121.65493997755254,121.65493997755254,-47.59561984958079
12318,MA,2021,2022,137.1587808417997,152.8022103626058,-15.64342952080608,15.64342952080608,-11.40534308105973
12324,MA,2021,2022,129.13189300411523,140.0282472941636,-10.896354290048379,10.896354290048379,-8.438158875051208
12336,MA,2021,2022,177.770703125,198.50606105140844,-20.735357926408426,20.735357926408426,-11.664103005672592
12366,MA,2021,2022,237.7610701107011,350.31782264380547,-112.55675253310437,112.55675253310437,-47.34027840667867
12372,MA,2021,2022,111.36145320197043,113.75072303574312,-2.389269833772687,2.389269833772687,-2.145508849852555
12396,MA,2021,2022,203.6770508826584,225.51692273462533,-21.839871851966933,21.839871851966933,-10.722794618893628
12402,MA,2021,2022,195.9929561200924,219.17375339597868,-23.180797275886277,23.180797275886277,-11.827362439333031
12426,MA,2021,2022,144.79166666666666,159.4911424203367,-14.699475753670043,14.699475753670043,-10.152155916203771
12432,MA,2021,2022,83.03858520900322,88.45337298443445,-5.414787775431236,5.414787775431236,-6.520809286192118
12486,MA,2021,2022,145.9931001890359,165.61214405166825,-19.61904386263234,19.61904386263234,-13.438336357834075
12540,MA,2021,2022,288.9645649432535,395.17976356136677,-106.21519861811328,106.21519861811328,-36.75717077592946
12558,MA,2021,2022,153.99026687598115,159.9623769412837,-5.972110065302559,5.972110065302559,-3.8782386617410736
12648,MA,2021,2022,868.8951612903226,1103.14691764037,-234.25175635004746,234.25175635004746,-26.959726188620962
12654,MA,2021,2022,452.1733840304183,492.3200205330545,-40.14663650263623,40.14663650263623,-8.878593460055471
12660,MA,2021,2022,783.0213389121338,1110.7418400621439,-327.72050115001,327.72050115001,-41.85332951530009
12666,MA,2021,2022,261.4827027027027,382.63676598671975,-121.15406328401707,121.15406328401707,-46.33349052605032
12678,MA,2021,2022,108.72599531615926,115.27702769688668,-6.5510323807274204,6.5510323807274204,-6.0252677951376565
12684,MA,2021,2022,199.5203196347032,248.2618316063741,-48.74151197167089,48.74151197167089,-24.429347377204742
12690,MA,2021,2022,213.3433936022253,352.3653917319274,-139.0219981297021,139.0219981297021,-65.16348867540093
12696,MA,2021,2022,569.0280834914611,868.5632341853529,-299.53515069389186,299.53515069389186,-52.63978341033615
12708,MA,2021,2022,210.0062288422478,304.39102611204703,-94.38479726979924,94.38479726979924,-44.94380847184256
12714,MA,2021,2022,52.10875856816451,53.4696207420748,-1.3608621739102915,1.3608621739102915,-2.611580492999311
12720,MA,2021,2022,49.16583969465649,48.86588210810576,0.29995758655073246,0.29995758655073246,0.610093488514817
12726,MA,2021,2022,43.49908045977011,43.200212622897844,0.2988678368722688,0.2988678368722688,0.6870670223676915
12732,MA,2021,2022,69.1448220064725,71.09850029940966,-1.9536782929371697,1.9536782929371697,-2.82548748589488
12744,MA,2021,2022,62.75972723626153,63.4394543136822,-0.6797270774206652,0.6797270774206652,-1.0830625105520377
12750,MA,2021,2022,71.92001153402538,71.52526693083485,0.3947446031905315,0.3947446031905315,0.54886615667988
12756,MA,2021,2022,52.22444253859348,53.39668127676305,-1.1722387381695683,1.1722387381695683,-2.244617043644444
12762,MA,2021,2022,137.83219334245325,145.36318666930913,-7.530993326855878,7.530993326855878,-5.46388557290431
12768,MA,2021,2022,72.37857762359063,72.14531112462191,0.23326649896871743,0.23326649896871743,0.32228665805210294
12774,MA,2021,2022,190.15846153846155,219.49812494161665,-29.3396634031551,29.3396634031551,-15.429060145830453
12780,MA,2021,2022,126.3944609297725,129.764113888825,-3.3696529590524875,3.3696529590524875,-2.6659815107916316
12786,MA,2021,2022,88.17846829880729,90.30672107097007,-2.1282527721627815,2.1282527721627815,-2.4135742128688897
12792,MA,2021,2022,131.8545890410959,141.92509781815818,-10.070508777062287,10.070508777062287,-7.637586867699805
12804,MA,2021,2022,63.3931334622824,64.45653697204881,-1.0634035097664096,1.0634035097664096,-1.6774742810262133
12810,MA,2021,2022,75.74253699788584,80.58361156106243,-4.841074563176591,4.841074563176591,-6.391487207923491
12816,MA,2021,2022,65.47860286028603,65.29137355203247,0.18722930825356343,0.18722930825356343,0.2859396811704445
12828,MA,2021,2022,280.5107118175536,439.4986014180359,-158.98788960048228,158.98788960048228,-56.67801010889354
12834,MA,2021,2022,126.60247978436658,150.71408207216257,-24.11160228779599,24.11160228779599,-19.04512638999145
12840,MA,2021,2022,146.70975609756098,172.32182826778097,-25.61207217021999,25.61207217021999,-17.45764756993266
12846,MA,2021,2022,126.805625,131.75512556450386,-4.94950056450385,4.94950056450385,-3.9032184609348755
12852,MA,2021,2022,197.82943548387092,229.14965998859978,-31.320224504728856,31.320224504728856,-15.83193341684605
12858,MA,2021,2022,108.47604306864064,119.96441735334582,-11.488374284705188,11.488374284705188,-10.590701835829007
12864,MA,2021,2022,126.30172537742632,137.18521395149665,-10.883488574070327,10.883488574070327,-8.617054550559223
12870,MA,2021,2022,90.57437908496732,95.2061996357461,-4.631820550778784,4.631820550778784,-5.113830862073809
12888,MA,2021,2022,70.68653036680698,71.95151895956313,-1.2649885927561542,1.2649885927561542,-1.7895751654408099
12894,MA,2021,2022,57.134908933217694,59.41834983583625,-2.2834409026185583,2.2834409026185583,-3.9965774782061256
12900,MA,2021,2022,54.47828362114076,54.235131154871915,0.243152466268846,0.243152466268846,0.4463291611017066
12906,MA,2021,2022,63.044911147011305,64.34482407098207,-1.2999129239707656,1.2999129239707656,-2.0618839813090752
12912,MA,2021,2022,97.15591286307054,98.40579468029297,-1.2498818172224304,1.2498818172224304,-1.2864701492579118
12930,MA,2021,2022,103.86488038277513,112.52226086198944,-8.65738047921431,8.65738047921431,-8.335233668309355
12978,MA,2021,2022,115.98260869565216,114.5853698392862,1.3972388563659592,1.3972388563659592,1.204696869711241
13014,MA,2021,2022,84.37001266624446,89.04927863600435,-4.679265969759882,4.679265969759882,-5.546124531556466
13020,MA,2021,2022,75.2529906542056,76.83003390405983,-1.5770432498542277,1.5770432498542277,-2.095655250567896
13026,MA,2021,2022,100.00560146923785,110.66505282031086,-10.659451351073017,10.659451351073017,-10.658854298628372
13056,MA,2021,2022,146.99837618403248,156.42265973466837,-9.424283550635892,9.424283550635892,-6.411148065225766
13080,MA,2021,2022,113.7231850117096,123.97214517652758,-10.248960164817973,10.248960164817973,-9.012199371449789
13104,MA,2021,2022,106.27525150905431,119.39705515145937,-13.121803642405055,13.121803642405055,-12.346998436684123
13116,MA,2021,2022,221.58691729323309,248.3928213648165,-26.805904071583427,26.805904071583427,-12.097241298821949
13128,MA,2021,2022,86.81286254728877,91.56347547646759,-4.750612929178814,4.750612929178814,-5.4722454596990815
13134,MA,2021,2022,81.48,84.29477921204779,-2.8147792120477817,2.8147792120477817,-3.454564570505377
13140,MA,2021,2022,96.5527289546716,99.03003927966228,-2.4773103249906825,2.4773103249906825,-2.5657589918081967
13146,MA,2021,2022,88.93186582809224,99.11808956015358,-10.186223732061336,10.186223732061336,-11.453963815120655
13194,MA,2021,2022,515.1447058823529,1107.402342618771,-592.257636736418,592.257636736418,-114.96917855769946
13260,MA,2021,2022,352.03796909492274,537.7024779330708,-185.66450883814804,185.66450883814804,-52.73991021919737
13290,MA,2021,2022,110.2784251968504,153.97189837862723,-43.693473181776824,43.693473181776824,-39.6210528975025
13806,MA,2021,2022,52.95071190548319,53.34070911082705,-0.3899972053438603,0.3899972053438603,-0.7365287289054844
13812,MA,2021,2022,55.870059556036814,56.37162871091073,-0.5015691548739127,0.5015691548739127,-0.8977422949958495
13932,MA,2021,2022,94.6146153846154,82.59707293610596,12.017542448509445,12.017542448509445,12.701570893309928
13944,MA,2021,2022,97.6934451219512,101.7134917083605,-4.020046586409293,4.020046586409293,-4.114960406392722
13980,MA,2021,2022,85.59283333333333,84.7699148134261,0.8229185199072333,0.8229185199072333,0.9614339049888133
13992,MA,2021,2022,248.5914979757085,348.55508545208454,-99.96358747637603,99.96358747637603,-40.211989665931426
13998,MA,2021,2022,89.94467805519054,90.72392068805719,-0.7792426328666551,0.7792426328666551,-0.8663576875426777
14028,MA,2021,2022,86.91880952380953,89.34307380005028,-2.4242642762407485,2.4242642762407485,-2.7891135296516847
14034,MA,2021,2022,145.55528031290743,164.0413089693207,-18.486028656413282,18.486028656413282,-12.700349047229992
14046,MA,2021,2022,94.17521663778165,97.47093281948827,-3.2957161817066236,3.2957161817066236,-3.499557844801849
14058,MA,2021,2022,78.32396006655574,77.62409808116942,0.6998619853863204,0.6998619853863204,0.8935477531927817
14076,MA,2021,2022,80.61015267175573,81.71626351832897,-1.1061108465732445,1.1061108465732445,-1.3721731195291544
14082,MA,2021,2022,108.53636363636365,110.863159981469,-2.3267963451053504,2.3267963451053504,-2.143794270555227
14106,MA,2021,2022,89.83762268266085,90.06906457672177,-0.23144189406092153,0.23144189406092153,-0.25762246055693
14136,MA,2021,2022,165.30247295208656,210.11662515625642,-44.81415220416986,44.81415220416986,-27.110394299521083
14154,MA,2021,2022,110.68940042826551,110.89497880821524,-0.20557837994972772,0.20557837994972772,-0.1857254435874887
14160,MA,2021,2022,104.28694335049984,116.76998836423954,-12.483045013739698,12.483045013739698,-11.969902091947608
14184,MA,2021,2022,113.37757909215956,117.52547883272149,-4.147899740561925,4.147899740561925,-3.658483250193835
14202,MA,2021,2022,113.69285714285714,124.29256624861279,-10.59970910575565,10.59970910575565,-9.323109095971548
14208,MA,2021,2022,68.32624728850325,68.38368467479863,-0.057437386295376314,0.057437386295376314,-0.08406342887946207
14220,MA,2021,2022,76.87896950578339,78.82996233706008,-1.950992831276693,1.950992831276693,-2.537745815037135
14250,MA,2021,2022,112.25051546391752,120.43484678277024,-8.184331318852713,8.184331318852713,-7.291130276799071
14274,MA,2021,2022,99.0911980440098,100.7105483820627,-1.6193503380528966,1.6193503380528966,-1.634201997773493
14292,MA,2021,2022,78.8052247873633,79.14696856341651,-0.3417437760532067,0.3417437760532067,-0.43365624167092853
14520,MA,2021,2022,352.89470013947,437.54519142313524,-84.65049128366525,84.65049128366525,-23.987464603523353
14526,MA,2021,2022,338.9785547785548,433.7776740530969,-94.79911927454214,94.79911927454214,-27.966111111799314
14670,MA,2021,2022,366.52974051896206,540.5349763035357,-174.00523578457364,174.00523578457364,-47.473701735145184
14676,MA,2021,2022,220.6581625441696,281.4690031628016,-60.81084061863197,60.81084061863197,-27.558844829254543
14706,MA,2021,2022,111.39710144927535,124.80766947337645,-13.410568024101096,13.410568024101096,-12.038525104899247
14712,MA,2021,2022,108.53298662704309,136.12465041816895,-27.591663791125868,27.591663791125868,-25.42237585881643
14718,MA,2021,2022,96.96784523015344,106.77387761844201,-9.806032388288571,9.806032388288571,-10.112664012502213
14748,MA,2021,2022,273.2343122102009,386.0917054396362,-112.85739322943527,112.85739322943527,-41.30425359704215
14754,MA,2021,2022,420.751100811124,584.9202815070798,-164.16918069595584,164.16918069595584,-39.01812268095568
14760,MA,2021,2022,243.1035343035343,242.40663516515306,0.6968991383812408,0.6968991383812408,0.28666762923779887
14766,MA,2021,2022,272.99663865546216,333.961137875118,-60.96449921965586,60.96449921965586,-22.33159335584225
14772,MA,2021,2022,191.8281690140845,260.2814854449429,-68.45331643085842,68.45331643085842,-35.68470511014074
14784,MA,2021,2022,164.35723270440252,165.75369033269783,-1.396457628295309,1.396457628295309,-0.8496478100278352
14790,MA,2021,2022,452.31157718120807,817.6873694091336,-365.3757922279255,365.3757922279255,-80.77966841019996
14796,MA,2021,2022,197.73859154929576,297.3680676721586,-99.62947612286283,99.62947612286283,-50.38443701973342
14802,MA,2021,2022,411.3291348600509,871.2931562055257,-459.96402134547486,459.96402134547486,-111.82383701119818
14808,MA,2021,2022,531.754752851711,970.4944082723182,-438.73965542060716,438.73965542060716,-82.50789542880818
14832,MA,2021,2022,119.47929423975091,126.88001680941021,-7.400722569659294,7.400722569659294,-6.194146539574272
14844,MA,2021,2022,162.7367616400278,197.76715572392098,-35.030394083893185,35.030394083893185,-21.52580260960341
14856,MA,2021,2022,178.69269406392695,225.54664332722314,-46.85394926329619,46.85394926329619,-26.22040565717493
14868,MA,2021,2022,256.49458204334366,379.5169239420943,-123.02234189875065,123.02234189875065,-47.962939769995515
14886,MA,2021,2022,651.1802228412256,1027.8989493022057,-376.71872646098006,376.71872646098006,-57.851684256822665
14892,MA,2021,2022,469.1713131313131,828.3431325168511,-359.171819385538,359.171819385538,-76.55451416847643
14952,MA,2021,2022,386.3578252032521,536.1220628942058,-149.76423769095368,149.76423769095368,-38.763091600944506
14958,MA,2021,2022,920.909980806142,1024.293574404944,-103.3835935988019,103.3835935988019,-11.226243145752687
14964,MA,2021,2022,228.0947876447877,283.251460770899,-55.156673126111286,55.156673126111286,-24.181470210536705
15192,MA,2021,2022,89.83500761035008,90.32269417643067,-0.48768656608059757,0.48768656608059757,-0.5428691765640928
15210,MA,2021,2022,178.62839506172838,350.4401936331444,-171.81179857141603,171.81179857141603,-96.18392334099136
15216,MA,2021,2022,95.98938740293356,110.34939045012035,-14.360003047186794,14.360003047186794,-14.959990302790423
15222,MA,2021,2022,130.82072072072071,168.96799075113293,-38.147270030412216,38.147270030412216,-29.15996015023487
15228,MA,2021,2022,60.45560165975104,63.64625729253345,-3.190655632782409,3.190655632782409,-5.277684027924615
15234,MA,2021,2022,115.00979228486646,179.54424966405276,-64.53445737918629,64.53445737918629,-56.112141494301305
15240,MA,2021,2022,137.03273137697516,180.02849558133545,-42.995764204360285,42.995764204360285,-31.376273224883423
15252,MA,2021,2022,53.44166666666667,61.032702197425415,-7.591035530758745,7.591035530758745,-14.204339056464205
15258,MA,2021,2022,155.90217391304347,193.2423575039428,-37.34018359089933,37.34018359089933,-23.9510345838579
15324,MA,2021,2022,132.44865229110513,237.18665373014716,-104.73800143904202,104.73800143904202,-79.07819341856445
15336,MA,2021,2022,139.66995073891624,197.09166945329105,-57.421718714374805,57.421718714374805,-41.11243571762454
15354,MA,2021,2022,106.65549738219896,148.04811392853057,-41.39261654633161,41.39261654633161,-38.809641849028715
15372,MA,2021,2022,107.59462365591398,115.23818828556418,-7.6435646296502,7.6435646296502,-7.104039560651476
15378,MA,2021,2022,111.34135472370768,123.11983781103405,-11.778483087326364,11.778483087326364,-10.578713647372567
15408,MA,2021,2022,91.97234927234928,108.98061182574509,-17.00826255339581,17.00826255339581,-18.492799942546647
15426,MA,2021,2022,77.34145077720207,78.34728080270665,-1.0058300255045793,1.0058300255045793,-1.30050576424029
15456,MA,2021,2022,73.1353982300885,74.5422022401844,-1.4068040100958967,1.4068040100958967,-1.9235610171561575
15606,MA,2021,2022,58.286546610169495,68.48993970171445,-10.203393091544953,10.203393091544953,-17.505571499692735
15780,MA,2021,2022,159.8575221238938,181.0129622367597,-21.155440112865904,21.155440112865904,-13.233934713732069
15786,MA,2021,2022,103.9627416520211,128.6265459436803,-24.663804291659204,24.663804291659204,-23.723695527588777
15792,MA,2021,2022,94.19285714285714,109.31631885999572,-15.123461717138582,15.123461717138582,-16.055847731852595
15798,MA,2021,2022,165.14857142857142,221.71885736620948,-56.57028593763806,56.57028593763806,-34.25417819136591
15810,MA,2021,2022,134.84341463414634,159.5262544647526,-24.68283983060627,24.68283983060627,-18.3048166627752
15828,MA,2021,2022,112.60710382513662,178.04160564309532,-65.4345018179587,65.4345018179587,-58.10868017666942
15834,MA,2021,2022,65.91623036649214,74.37488789514912,-8.458657528656971,8.458657528656971,-12.832435170559823
15852,MA,2021,2022,107.76153846153846,132.82648781887997,-25.064949357341504,25.064949357341504,-23.259643204043083
15864,MA,2021,2022,91.69684684684684,95.89425508665738,-4.197408239810542,4.197408239810542,-4.57748372397265
15870,MA,2021,2022,98.00580204778156,109.78549706196877,-11.779695014187212,11.779695014187212,-12.019385350720524
15876,MA,2021,2022,128.30944881889764,186.2534310531355,-57.943982234237865,57.943982234237865,-45.15955977335924
15888,MA,2021,2022,100.48676122931442,111.37585899477155,-10.889097765457123,10.889097765457123,-10.836350612005305
15894,MA,2021,2022,109.511843575419,143.1001814184894,-33.588337843070406,33.588337843070406,-30.67096374826224
15900,MA,2021,2022,164.05689655172415,240.73864722228393,-76.68175067055978,76.68175067055978,-46.740949196477956
15918,MA,2021,2022,136.73219814241486,137.74453109366243,-1.012332951247572,1.012332951247572,-0.7403764182838384
15930,MA,2021,2022,258.59447004608296,359.68645799395034,-101.09198794786738,101.09198794786738,-39.09286533847852
15942,MA,2021,2022,153.32162162162163,172.41394541621196,-19.092323794590328,19.092323794590328,-12.452466646685858
15954,MA,2021,2022,140.7,157.37697314412821,-16.676973144128226,16.676973144128226,-11.852859377489857
15960,MA,2021,2022,85.7041095890411,94.90584072826816,-9.201731139227064,9.201731139227064,-10.736627663889388
15984,MA,2021,2022,76.1419298245614,94.12503309682884,-17.983103272267442,17.983103272267442,-23.617871669003275
16002,MA,2021,2022,111.39888888888888,131.6931278164026,-20.29423892751373,20.29423892751373,-18.217631369515317
16008,MA,2021,2022,118.9537634408602,129.14566891886025,-10.191905478000052,10.191905478000052,-8.567955467056008
16020,MA,2021,2022,108.15154639175258,142.1463071250679,-33.99476073331532,33.99476073331532,-31.432523960570656
16026,MA,2021,2022,115.83116883116882,175.08570429173807,-59.254535460569244,59.254535460569244,-51.15595056019545
16038,MA,2021,2022,68.08371212121212,76.24753681358501,-8.163824692372899,8.163824692372899,-11.990863068450967
16050,MA,2021,2022,103.03080808080809,128.79199756684696,-25.761189486038873,25.761189486038873,-25.003384876719704
16212,MA,2021,2022,96.79347826086956,105.01321048796403,-8.219732227094468,8.219732227094468,-8.492031048766885
16218,MA,2021,2022,81.42985446985448,83.71870427058701,-2.2888498007325353,2.2888498007325353,-2.810823887177488
16290,MA,2021,2022,105.8745,95.56664840596359,10.307851594036407,10.307851594036407,9.735915252526725
16302,MA,2021,2022,92.62593984962406,96.29199919135179,-3.666059341727731,3.666059341727731,-3.9579186431786693
16308,MA,2021,2022,75.59482288828337,74.688140001153,0.9066828871303727,0.9066828871303727,1.1993981234274467
16314,MA,2021,2022,81.00531286894923,91.96806459520332,-10.962751726254083,10.962751726254083,-13.533373723263898
16320,MA,2021,2022,60.62296774193548,61.9299567344188,-1.3069889924833191,1.3069889924833191,-2.155930402561304
16326,MA,2021,2022,47.45752427184466,48.60329456750167,-1.1457702956570088,1.1457702956570088,-2.4143069265346506
16338,MA,2021,2022,46.04181568088033,47.928835225682654,-1.887019544802321,1.887019544802321,-4.098490723913694
16344,MA,2021,2022,46.9575,48.513912298371785,-1.5564122983717823,1.5564122983717823,-3.3145126941847036
16350,MA,2021,2022,77.80220588235294,83.59546189316508,-5.793256010812144,5.793256010812144,-7.446133364871814
16356,MA,2021,2022,83.12497041420119,84.89101423093885,-1.766043816737664,1.766043816737664,-2.1245647462341237
16428,MA,2021,2022,157.72210526315789,202.97412478791892,-45.25201952476104,45.25201952476104,-28.69098117176312
16434,MA,2021,2022,144.37728459530027,169.21551261010777,-24.8382280148075,24.8382280148075,-17.203695224238917
16440,MA,2021,2022,50.72795487984306,51.056010040658514,-0.3280551608154525,0.3280551608154525,-0.6466950256372476
16458,MA,2021,2022,89.108957952468,86.19914647089449,2.909811481573513,2.909811481573513,3.26545338250465
16464,MA,2021,2022,46.32228070175439,47.8741849652919,-1.5519042635375158,1.5519042635375158,-3.350232846973659
16470,MA,2021,2022,63.58435321456236,62.36790409807475,1.2164491164876097,1.2164491164876097,1.9131265083137043
16476,MA,2021,2022,41.333564493758665,42.85038270422053,-1.5168182104618637,1.5168182104618637,-3.669700953787574
16482,MA,2021,2022,93.18032128514056,97.38030683454026,-4.199985549399699,4.199985549399699,-4.507373972823454
16488,MA,2021,2022,146.05584,160.55116616921705,-14.495326169217066,14.495326169217066,-9.924509810232214
16560,MA,2021,2022,110.17275185936444,120.99512012274414,-10.822368263379701,10.822368263379701,-9.823089721126744
16572,MA,2021,2022,101.52271844660194,105.78153892148012,-4.258820474878178,4.258820474878178,-4.194943299433216
16578,MA,2021,2022,110.7780701754386,126.94564537684516,-16.167575201406564,16.167575201406564,-14.5945629634115
16584,MA,2021,2022,109.83603603603603,94.29195991949942,15.544076116536615,15.544076116536615,14.1520731059857
16596,MA,2021,2022,100.51972428419936,107.3542782981725,-6.834554013973147,6.834554013973147,-6.7992168329568985
16602,MA,2021,2022,98.57512195121951,102.00444992649612,-3.429327975276607,3.429327975276607,-3.47889802964041
16614,MA,2021,2022,120.2197640117994,125.25292202603598,-5.033158014236577,5.033158014236577,-4.186631088164987
16620,MA,2021,2022,111.8094155844156,124.43268736047852,-12.623271776062921,12.623271776062921,-11.289989944122736
16626,MA,2021,2022,99.53321212121212,106.5941369891467,-7.060924867934588,7.060924867934588,-7.094038982019141
16662,MA,2021,2022,89.56305309734513,90.53759917199471,-0.9745460746495809,0.9745460746495809,-1.0881117167704826
16674,MA,2021,2022,99.17027777777778,99.31304594188357,-0.14276816410578874,0.14276816410578874,-0.1439626542397166
16680,MA,2021,2022,64.58097507331378,65.77908983848873,-1.1981147651749495,1.1981147651749495,-1.8552131859496124
16740,MA,2021,2022,98.8250547045952,113.09017470985162,-14.26512000525642,14.26512000525642,-14.434720069619264
16824,RI,2021,2022,76.50333333333333,79.12155660523239,-2.618223271899055,2.618223271899055,-3.4223649582576643
16836,RI,2021,2022,240.56139315230223,240.72973754058253,-0.1683443882803033,0.1683443882803033,-0.06997980269166569
16848,RI,2021,2022,65.63418803418803,67.66990185325609,-2.0357138190680644,2.0357138190680644,-3.1016058551797525
16854,RI,2021,2022,99.70897072710105,99.8483580617702,-0.1393873346691521,0.1393873346691521,-0.13979417664499713
16872,RI,2021,2022,86.41388888888889,89.53318270139151,-3.119293812502619,3.119293812502619,-3.6097134993119124
16878,RI,2021,2022,117.37527352297592,132.14647940739803,-14.771205884422116,14.771205884422116,-12.584597625266184
16884,RI,2021,2022,91.48533653846154,95.22764673008,-3.742310191618458,3.742310191618458,-4.090612040373427
16890,RI,2021,2022,87.94,85.88393496526021,2.056065034739788,2.056065034739788,2.3380316519670097
16896,RI,2021,2022,80.08336134453782,87.72093264496777,-7.637571300429954,7.637571300429954,-9.537026383759407
16902,RI,2021,2022,108.14293785310734,102.26215265964873,5.880785193458607,5.880785193458607,5.437974323803365
16908,RI,2021,2022,188.9570038910506,214.17510182256922,-25.218097931518628,25.218097931518628,-13.345945062750337
16932,RI,2021,2022,115.62134146341464,123.7898435629779,-8.168502099563256,8.168502099563256,-7.064874006973847
16950,RI,2021,2022,90.053,98.27522452054018,-8.22222452054018,8.22222452054018,-9.130428215095755
16962,RI,2021,2022,86.33388429752065,88.01008378755957,-1.6761994900389112,1.6761994900389112,-1.9415314203429723
16968,RI,2021,2022,101.71446700507614,106.70665922118602,-4.992192216109871,4.992192216109871,-4.908045397181043
16980,RI,2021,2022,81.69178470254957,82.20204351191374,-0.5102588093641742,0.5102588093641742,-0.6246145940159014
16986,RI,2021,2022,104.2283185840708,106.4983531207441,-2.2700345366732932,2.2700345366732932,-2.177944120668394
16992,RI,2021,2022,83.59098039215687,85.2621763490583,-1.6711959569014283,1.6711959569014283,-1.999253925556581
16998,RI,2021,2022,66.63225806451612,81.63427803606405,-15.002019971547924,15.002019971547924,-22.51465042205585
17010,RI,2021,2022,193.95396825396824,209.2702182583837,-15.316250004415451,15.316250004415451,-7.8968479698027965
17022,RI,2021,2022,132.2242105263158,155.88305561503964,-23.658845088723837,23.658845088723837,-17.892975117454117
17028,RI,2021,2022,64.56216216216217,67.51796014393808,-2.955797981775916,2.955797981775916,-4.578220249736641
17034,RI,2021,2022,72.86262626262626,71.93359012986114,0.9290361327651198,0.9290361327651198,1.275051669722279
17040,RI,2021,2022,112.63940754039496,124.88195815457888,-12.242550614183926,12.242550614183926,-10.868798834718197
17052,RI,2021,2022,95.69988439306358,103.33732711721761,-7.6374427241540275,7.6374427241540275,-7.980618547860645
17112,RI,2021,2022,108.93423284502698,126.2609108306234,-17.32667798559642,17.32667798559642,-15.905631804692522
17142,RI,2021,2022,100.41354838709675,103.33627949271158,-2.9227311056148295,2.9227311056148295,-2.9106939776170715
17148,RI,2021,2022,80.06451612903226,77.68152508608924,2.3829910429430186,2.3829910429430186,2.976338530670168
17154,RI,2021,2022,72.09176470588235,72.13174414074979,-0.03997943486743338,0.03997943486743338,-0.055456313256500495
17160,RI,2021,2022,49.82035928143713,49.330429941540935,0.48992933989619303,0.48992933989619303,0.9833918240704835
17166,RI,2021,2022,57.98345712356516,57.79552366416673,0.18793345939842965,0.18793345939842965,0.324115650775937
17178,RI,2021,2022,36.48360836083609,38.15486480264944,-1.6712564418133553,1.6712564418133553,-4.5808419641062486
17184,RI,2021,2022,95.67850078084332,102.00430797317873,-6.325807192335404,6.325807192335404,-6.611524157161493
17190,RI,2021,2022,124.47469135802469,140.1849098122019,-15.710218454177223,15.710218454177223,-12.621215029961519
17226,RI,2021,2022,121.99516806722689,143.30654435693262,-21.311376289705734,21.311376289705734,-17.46903309970592
17244,RI,2021,2022,156.07583081570996,163.99814654629216,-7.9223157305821985,7.9223157305821985,-5.075940130625766
17250,RI,2021,2022,59.61363636363637,63.99429814027599,-4.38066177663962,4.38066177663962,-7.3484223473939485
17256,RI,2021,2022,87.68412698412699,83.99720748087567,3.6869195032513176,3.6869195032513176,4.204774147912474
17268,RI,2021,2022,92.70378874856486,98.6153553466355,-5.911566598070635,5.911566598070635,-6.376833868251314
17274,RI,2021,2022,112.7864960282436,134.49190530022724,-21.70540927198364,21.70540927198364,-19.24468800462446
17286,RI,2021,2022,106.46810344827588,107.38060306524363,-0.9124996169677502,0.9124996169677502,-0.8570638411071715
17292,RI,2021,2022,134.81466458658346,193.39111334192032,-58.576448755336855,58.576448755336855,-43.449612054419106
17310,RI,2021,2022,82.12922824302134,96.09710045792781,-13.967872214906464,13.967872214906464,-17.00718795697844
17316,RI,2021,2022,83.47350374064838,91.96821255738124,-8.494708816732853,8.494708816732853,-10.176533194444378
17328,RI,2021,2022,73.28028933092224,77.78599860107009,-4.505709270147847,4.505709270147847,-6.148596452452273
17334,RI,2021,2022,73.08774983881366,75.76311783687186,-2.675367998058192,2.675367998058192,-3.6604875700215125
17346,RI,2021,2022,107.94522028262676,111.07382714543965,-3.1286068628128874,3.1286068628128874,-2.898328295242194
17352,RI,2021,2022,97.6541958041958,101.4214896140945,-3.767293809898703,3.767293809898703,-3.857790009814241
17358,RI,2021,2022,61.83832518337408,63.453451131963185,-1.6151259485891032,1.6151259485891032,-2.611852671946794
17364,RI,2021,2022,67.93404255319149,72.43306290006696,-4.499020346875469,4.499020346875469,-6.622630094996618
17370,RI,2021,2022,51.40059820538385,50.47166282541906,0.9289353799647913,0.9289353799647913,1.807246243035926
17376,RI,2021,2022,91.77810858143609,96.87060974376392,-5.092501162327835,5.092501162327835,-5.5487100802575196
17388,RI,2021,2022,86.24873949579832,94.89234268229677,-8.643603186498453,8.643603186498453,-10.021715374657195
17418,RI,2021,2022,116.36065891472867,134.10842958330775,-17.74777066857908,17.74777066857908,-15.252380687862027
17424,RI,2021,2022,62.512879256965945,63.29383129597669,-0.7809520390107423,0.7809520390107423,-1.2492658285671894
17430,RI,2021,2022,57.39801829268293,59.29727208940299,-1.8992537967200604,1.8992537967200604,-3.308918762726999
17436,RI,2021,2022,164.2148753894081,187.78969108651646,-23.574815697108363,23.574815697108363,-14.356078060044581
17442,RI,2021,2022,37.16018766756032,38.30908548157071,-1.1488978140103896,1.1488978140103896,-3.0917438423308647
17448,RI,2021,2022,51.58120380147835,50.34631070889037,1.2348930925879813,1.2348930925879813,2.3940757515872253
17454,RI,2021,2022,40.88993821712268,40.4196807814611,0.47025743566157985,0.47025743566157985,1.1500566060152648
17460,RI,2021,2022,59.362773722627736,59.52040196125206,-0.1576282386243264,0.1576282386243264,-0.2655338164635695
17466,RI,2021,2022,66.80672963400237,67.45688919455593,-0.6501595605535613,0.6501595605535613,-0.9731947127414122
17484,RI,2021,2022,60.149825174825175,59.494174303155866,0.6556508716693088,0.6556508716693088,1.0900295549715444
17490,RI,2021,2022,69.0318429661941,70.9348234676026,-1.9029805014084928,1.9029805014084928,-2.756670573521281
17496,RI,2021,2022,91.7268131868132,108.3087675941259,-16.581954407312693,16.581954407312693,-18.07754333898143
17502,RI,2021,2022,118.57948328267476,104.31562625431856,14.263857028356199,14.263857028356199,12.028941797927569
17514,RI,2021,2022,70.96672694394213,72.25900620718299,-1.2922792632408573,1.2922792632408573,-1.8209650055604951
17520,RI,2021,2022,69.67831014940752,71.94760099225766,-2.2692908428501397,2.2692908428501397,-3.2568109616668646
17526,RI,2021,2022,125.55372023809524,133.37980329334388,-7.826083055248645,7.826083055248645,-6.233254610383159
18186,NH,2021,2022,164.99071310116085,200.31677677402763,-35.32606367286678,35.32606367286678,-21.410940657737076
18192,NH,2021,2022,134.43569131832797,137.98446765282867,-3.548776334500701,3.548776334500701,-2.639757567131198
18198,NH,2021,2022,129.21267605633804,155.65555196955327,-26.442875913215232,26.442875913215232,-20.464614401829948
18204,NH,2021,2022,101.79828326180258,106.70690648078353,-4.908623218980949,4.908623218980949,-4.821911589959784
18216,NH,2021,2022,114.54375,123.60420872222485,-9.060458722224851,9.060458722224851,-7.910041990265598
18222,NH,2021,2022,108.45755102040816,109.63416154404092,-1.1766105236327604,1.1766105236327604,-1.0848580966127115
18228,NH,2021,2022,86.48874024526198,82.05184835528435,4.43689188997763,4.43689188997763,5.130022564088268
18252,NH,2021,2022,89.63232323232323,89.49343748898235,0.13888574334087878,0.13888574334087878,0.154950511525728
18258,NH,2021,2022,116.81071428571428,124.3779605246385,-7.567246238924213,7.567246238924213,-6.478212452682238
18264,NH,2021,2022,93.24325396825397,95.20824181403252,-1.964987845778552,1.964987845778552,-2.107378026991165
18270,NH,2021,2022,96.09888268156423,96.69006089678408,-0.5911782152198413,0.5911782152198413,-0.6151769913691764
18276,NH,2021,2022,116.2691823899371,134.10493621474598,-17.835753824808876,17.835753824808876,-15.340052676204705
18282,NH,2021,2022,89.47191011235955,95.49899323642467,-6.027083124065115,6.027083124065115,-6.736285295011871
18288,NH,2021,2022,77.5835294117647,78.60872125014936,-1.0251918383846572,1.0251918383846572,-1.321403970865494
18294,NH,2021,2022,309.2975,339.0015526198932,-29.70405261989316,29.70405261989316,-9.603715717033975
18306,NH,2021,2022,97.24285714285716,98.42075473039513,-1.17789758753797,1.17789758753797,-1.211294713201967
18312,NH,2021,2022,106.37158351409978,110.06214022952196,-3.6905567154221757,3.6905567154221757,-3.4694949473352388
18318,NH,2021,2022,111.51958393113344,111.90294606565374,-0.3833621345202971,0.3833621345202971,-0.3437621635649522
18324,NH,2021,2022,107.00169934640525,107.83528403887775,-0.833584692472499,0.833584692472499,-0.7790387419678896
18330,NH,2021,2022,87.11939953810624,94.14237060637112,-7.02297106826488,7.02297106826488,-8.061317118230384
18342,NH,2021,2022,146.95724637681158,140.4362841670249,6.520962209786688,6.520962209786688,4.437319268398889
18360,NH,2021,2022,62.75754593175853,63.63614692893723,-0.878600997178701,0.878600997178701,-1.3999925971198373
18372,NH,2021,2022,115.07041800643088,135.18693450595245,-20.116516499521566,20.116516499521566,-17.48191833143191
18378,NH,2021,2022,98.51917960088691,104.51723961159718,-5.998060010710262,5.998060010710262,-6.0882155484943405
18384,NH,2021,2022,96.1069306930693,91.20884877285322,4.898081920216086,4.898081920216086,5.096491881380318
18420,NH,2021,2022,113.72750809061488,118.3908952018612,-4.6633871112463225,4.6633871112463225,-4.1004917715515825
18426,NH,2021,2022,85.42416356877324,83.24636545387136,2.1777981149018757,2.1777981149018757,2.549393548522808
18456,NH,2021,2022,119.49172056921088,121.49412475850755,-2.0024041892966693,2.0024041892966693,-1.6757681450714867
18462,NH,2021,2022,80.96174957118353,79.37106932539028,1.5906802457932514,1.5906802457932514,1.9647305724225819
18474,NH,2021,2022,123.33419161676646,130.04666788877483,-6.712476272008374,6.712476272008374,-5.442510453926596
18492,NH,2021,2022,102.3529411764706,99.95100224296856,2.401938933502038,2.401938933502038,2.3467219465249793
18504,NH,2021,2022,95.51857142857143,111.85844190375991,-16.339870475188476,16.339870475188476,-17.10648539944653
18516,NH,2021,2022,97.4359813084112,100.68687588085012,-3.2508945724389235,3.2508945724389235,-3.33644155760998
18522,NH,2021,2022,213.74061302681991,283.0626723242127,-69.3220592973928,69.3220592973928,-32.43279707852918
18606,NH,2021,2022,104.91871921182266,81.772287526181,23.14643168564166,23.14643168564166,22.061298364604344
18612,NH,2021,2022,64.50978391356543,64.22797190885163,0.2818120047137995,0.2818120047137995,0.4368515713699961
18618,NH,2021,2022,57.97660477453581,57.02058731372628,0.9560174608095267,0.9560174608095267,1.6489711057199123
18624,NH,2021,2022,101.71869266055046,89.30625350427206,12.412439156278396,12.412439156278396,12.202712040057815
18636,NH,2021,2022,104.37618437900127,107.17253997383716,-2.7963555948358874,2.7963555948358874,-2.679112684060203
18654,NH,2021,2022,82.79901960784314,82.37066177174658,0.4283578360965521,0.4283578360965521,0.5173465073926744
18660,NH,2021,2022,199.54802804557409,385.67350888704027,-186.12548084146619,186.12548084146619,-93.2735255088352
19296,NH,2021,2022,78.40254237288136,85.78314192932501,-7.380599556443656,7.380599556443656,-9.413724776094162
19302,NH,2021,2022,80.14406779661017,76.76659434398134,3.377473452628834,3.377473452628834,4.2142525897240395
19308,NH,2021,2022,69.41176470588235,74.44433221593286,-5.032567510050512,5.032567510050512,-7.250309124649043
19320,NH,2021,2022,73.56213333333334,74.23436461663181,-0.6722312832984727,0.6722312832984727,-0.9138278796950868
19326,NH,2021,2022,101.14732142857144,102.24515928281009,-1.097837854238648,1.097837854238648,-1.0853849995562392
19332,NH,2021,2022,85.05901639344262,96.8969287290351,-11.837912335592478,11.837912335592478,-13.917292766278788
19338,NH,2021,2022,84.7063063063063,100.76123461014731,-16.05492830384101,16.05492830384101,-18.953639940082873
19344,NH,2021,2022,106.93703703703704,123.15729203757718,-16.220255000540135,16.220255000540135,-15.168042289148465
19350,NH,2021,2022,79.52704081632653,78.98976245954665,0.5372783567798791,0.5372783567798791,0.6755920392169028
19356,NH,2021,2022,178.96320754716982,202.11216625581147,-23.148958708641658,23.148958708641658,-12.935037891819315
19362,NH,2021,2022,120.88032786885246,153.01462876138342,-32.13430089253096,32.13430089253096,-26.583565298891855
19374,NH,2021,2022,144.69935064935066,159.67302771118938,-14.973677061838714,14.973677061838714,-10.348130101927246
19380,NH,2021,2022,66.00147058823529,76.39038553698585,-10.388914948750553,10.388914948750553,-15.740429502797124
19398,NH,2021,2022,153.44,242.3150733558745,-88.87507335587449,88.87507335587449,-57.92171099835407
19404,NH,2021,2022,86.78171206225682,79.56350688794046,7.218205174316353,7.218205174316353,8.317657030248544
19410,NH,2021,2022,57.70785219399538,57.71003744122254,-0.002185247227160403,0.002185247227160403,-0.0037867415682259304
19422,NH,2021,2022,90.2230215827338,94.20261502827977,-3.979593445545973,3.979593445545973,-4.410840355082453
19440,NH,2021,2022,64.56029411764706,62.71436933575693,1.8459247818901332,1.8459247818901332,2.8592261034721087
19446,NH,2021,2022,100.96603773584906,129.6671867095362,-28.70114897368714,28.70114897368714,-28.42653789066786
19452,NH,2021,2022,96.70691244239632,96.52804748354198,0.17886495885433362,0.17886495885433362,0.1849557124066751
19458,NH,2021,2022,62.87272727272728,60.01342548766895,2.859301785058335,2.859301785058335,4.54776165928885
19464,NH,2021,2022,72.987648456057,71.96535092111618,1.0222975349408188,1.0222975349408188,1.4006445700964103
19470,NH,2021,2022,123.97798165137614,194.47647561572612,-70.49849396434998,70.49849396434998,-56.86372130382835
19476,NH,2021,2022,90.07470997679816,97.02842990053037,-6.9537199237322085,6.9537199237322085,-7.7199470589729104
19494,NH,2021,2022,137.5653164556962,145.1010962488171,-7.535779793120895,7.535779793120895,-5.47796493133343
19506,NH,2021,2022,166.43125,198.04253882153102,-31.61128882153102,31.61128882153102,-18.99360175539811
19518,NH,2021,2022,121.96801075268816,160.8409287561014,-38.87291800341323,38.87291800341323,-31.87140444738005
19524,NH,2021,2022,172.82125984251968,237.93045898277796,-65.10919914025828,65.10919914025828,-37.6742995622112
19530,NH,2021,2022,151.32605042016806,211.94000462279507,-60.61395420262701,60.61395420262701,-40.05520135781503
19536,NH,2021,2022,87.09516129032258,92.78712246927516,-5.691961178952582,5.691961178952582,-6.535335711680958
19542,NH,2021,2022,198.35983263598325,246.92820075005918,-48.56836811407592,48.56836811407592,-24.484981393992882
19548,NH,2021,2022,96.46875,99.34692815759739,-2.8781781575973895,2.8781781575973895,-2.9835342093656125
19554,NH,2021,2022,87.45882352941176,99.70746802309985,-12.24864449368809,12.24864449368809,-14.005041457674034
19566,NH,2021,2022,83.28911290322581,88.83539188346937,-5.546278980243557,5.546278980243557,-6.659068378706129
19572,NH,2021,2022,72.36623376623376,76.02022707718253,-3.6539933109487635,3.6539933109487635,-5.049307005187445
19578,NH,2021,2022,67.80235849056604,66.23184015895373,1.5705183316123055,1.5705183316123055,2.3163181437572353
19584,NH,2021,2022,78.18091603053435,77.5285448709507,0.6523711595836517,0.6523711595836517,0.8344378560732923
19596,NH,2021,2022,67.05363636363636,72.9048972478158,-5.851260884179439,5.851260884179439,-8.726239472603185
19608,NH,2021,2022,83.50857142857143,80.70379955157833,2.804771876993101,2.804771876993101,3.358663462938228
19614,NH,2021,2022,105.66625,106.79195298438282,-1.1257029843828121,1.1257029843828121,-1.0653382554815867
19650,NH,2021,2022,74.41488372093023,71.83278127378686,2.5821024471433702,2.5821024471433702,3.469873657031755
19656,NH,2021,2022,65.19663677130045,66.01602346841466,-0.8193866971142114,0.8193866971142114,-1.2567928925359926
19668,NH,2021,2022,86.39390243902439,91.92495756892252,-5.531055129898135,5.531055129898135,-6.402136000051481
19674,NH,2021,2022,54.40263157894737,54.21008144000443,0.19255013894294137,0.19255013894294137,0.3539353398070803
19680,NH,2021,2022,75.51940298507462,89.24155733799918,-13.722154352924562,13.722154352924562,-18.17036921708261
19686,NH,2021,2022,91.4784188034188,94.76489123697685,-3.286472433558046,3.286472433558046,-3.5926205071607793
19692,NH,2021,2022,72.338,69.45258470487164,2.885415295128354,2.885415295128354,3.988796061721853
19704,NH,2021,2022,88.63913043478261,99.99582550151788,-11.35669506673527,11.35669506673527,-12.81228167630898
19710,NH,2021,2022,86.24226804123711,90.35353668749282,-4.111268646255709,4.111268646255709,-4.7671156378794315
19722,NH,2021,2022,111.07466666666669,127.12542970903036,-16.05076304236367,16.05076304236367,-14.450426478012087
19740,NH,2021,2022,116.50754716981132,115.88822416641474,0.6193230033965733,0.6193230033965733,0.531573291551578
19806,NH,2021,2022,88.04887401095557,96.65469618754929,-8.605822176593719,8.605822176593719,-9.773915082120109
19818,NH,2021,2022,75.41509661835748,73.62937695425921,1.7857196640982664,1.7857196640982664,2.367854374217679
19824,NH,2021,2022,140.04754901960786,146.95897463908048,-6.911425619472624,6.911425619472624,-4.935056463219477
19842,NH,2021,2022,82.01498371335505,89.52217790041847,-7.507194187063419,7.507194187063419,-9.153442270136027
20586,NH,2021,2022,81.5766860949209,97.05097667367124,-15.474290578750342,15.474290578750342,-18.969011024479208
20640,NH,2021,2022,78.66312056737588,78.27708303259895,0.38603753477693203,0.38603753477693203,0.49074780150157704
20646,NH,2021,2022,56.485,50.63844890197044,5.846551098029558,5.846551098029558,10.350626003416053
20652,NH,2021,2022,70.56842105263158,67.04900737263483,3.5194136799967453,3.5194136799967453,4.987235972549088
20658,NH,2021,2022,95.5875,92.00526378526061,3.582236214739396,3.582236214739396,3.747599021565996
20664,NH,2021,2022,126.7929411764706,135.41285984388324,-8.619918667412634,8.619918667412634,-6.7984215741280245
20670,NH,2021,2022,80.10263157894737,79.2279250348238,0.8747065441235691,0.8747065441235691,1.0919822818323737
20676,NH,2021,2022,75.39777070063694,75.11108223275887,0.286688467878065,0.286688467878065,0.38023467433320696
20682,NH,2021,2022,79.29672131147541,81.00216942162432,-1.7054481101489074,1.7054481101489074,-2.150717056068375
20688,NH,2021,2022,72.185,68.62355707932606,3.56144292067394,3.56144292067394,4.933771449295477
20694,NH,2021,2022,134.95,153.31066065425543,-18.36066065425544,18.36066065425544,-13.605528458136673
20700,NH,2021,2022,113.15471698113208,103.24214125193507,9.912575729197016,9.912575729197016,8.760196652561893
20706,NH,2021,2022,59.34720812182741,58.34929327933359,0.9979148424938202,0.9979148424938202,1.6814857414106317
20712,NH,2021,2022,84.86780821917809,84.72746160461996,0.14034661455812625,0.14034661455812625,0.16537084850320347
20730,NH,2021,2022,80.42782608695653,79.53518623915497,0.8926398478015614,0.8926398478015614,1.1098644477055264
20736,NH,2021,2022,66.89047619047619,68.47589403512414,-1.5854178446479494,1.5854178446479494,-2.370169768463511
20742,NH,2021,2022,103.27179487179488,138.63150973685094,-35.35971486505606,35.35971486505606,-34.239469652825164
20748,NH,2021,2022,121.09100817438691,136.45072832922762,-15.359720154840701,15.359720154840701,-12.684443202191108
20766,NH,2021,2022,110.5306896551724,104.55494742242536,5.975742232747038,5.975742232747038,5.40640997662263
20772,NH,2021,2022,124.25280898876404,157.41590728760735,-33.16309829884331,33.16309829884331,-26.69001897723068
20784,NH,2021,2022,85.84406779661018,90.63531902568423,-4.791251229074049,4.791251229074049,-5.581342254686639
20790,NH,2021,2022,61.92314814814815,61.84624409444285,0.07690405370529874,0.07690405370529874,0.12419273891131873
20796,NH,2021,2022,111.32142857142856,111.93580233658126,-0.6143737651527061,0.6143737651527061,-0.5518917364220652
20802,NH,2021,2022,100.31975308641977,101.55716505513738,-1.237411968717609,1.237411968717609,-1.233467916983058
20820,NH,2021,2022,63.6464135021097,64.35182622430497,-0.7054127221952697,0.7054127221952697,-1.1083306715654722
21366,NH,2021,2022,74.69852941176471,73.8298022494712,0.86872716229351,0.86872716229351,1.162977596928018
21420,NH,2021,2022,52.11233595800525,51.303331739525646,0.8090042184796005,0.8090042184796005,1.5524236317702913
21444,NH,2021,2022,78.77222222222223,83.67525046783935,-4.903028245617122,4.903028245617122,-6.224311194097481
21456,NH,2021,2022,71.00137931034483,78.48390839120202,-7.482529080857191,7.482529080857191,-10.538568621535207
21474,NH,2021,2022,79.97142857142858,117.61687230772507,-37.6454437362965,37.6454437362965,-47.07361667632645
21480,NH,2021,2022,165.25121951219512,177.6670036526348,-12.415784140439683,12.415784140439683,-7.5132783752457755
21486,NH,2021,2022,76.59756097560975,72.70353826746877,3.89402270814098,3.89402270814098,5.083742430625065
21492,NH,2021,2022,57.03628318584071,54.45398176180519,2.5823014240355207,2.5823014240355207,4.527471426603371
21498,NH,2021,2022,71.23035714285714,77.11881144844061,-5.8884543055834655,5.8884543055834655,-8.266776332138535
21504,NH,2021,2022,73.18379888268156,78.85482897966408,-5.67103009698252,5.67103009698252,-7.749023941861168
21510,NH,2021,2022,74.06423357664234,72.53633875512736,1.5278948215149768,1.5278948215149768,2.0629320627937067
21516,NH,2021,2022,139.69655172413792,169.82429248655419,-30.127740762416266,30.127740762416266,-21.566560083680685
21528,NH,2021,2022,64.81647058823529,70.75005862156155,-5.933588033326259,5.933588033326259,-9.154444818541622
21540,NH,2021,2022,49.45,53.60907817823896,-4.159078178238957,4.159078178238957,-8.41067376792509
21552,NH,2021,2022,78.17678571428571,88.66303777560826,-10.486252061322546,10.486252061322546,-13.413511396652792
21558,NH,2021,2022,107.16470588235296,121.91679741691878,-14.752091534565821,14.752091534565821,-13.765811619695844
21588,NH,2021,2022,64.61460674157303,64.42850551338398,0.1861012281890453,0.1861012281890453,0.2880172728333078
21606,NH,2021,2022,71.64642857142857,73.90845758860488,-2.262029017176303,2.262029017176303,-3.157211130100019
21612,NH,2021,2022,76.6768115942029,89.03899207640883,-12.362180482205929,12.362180482205929,-16.12244983220007
21618,NH,2021,2022,63.18377358490566,68.14329950937825,-4.959525924472594,4.959525924472594,-7.8493664481879
21630,NH,2021,2022,76.17592592592592,73.86678466916014,2.309141256765784,2.309141256765784,3.031326798720125
21648,NH,2021,2022,109.44666666666669,132.92763982590168,-23.480973159234992,23.480973159234992,-21.454260668119925
21654,NH,2021,2022,62.275,61.76945438527795,0.5055456147220454,0.5055456147220454,0.8117954471650668
22440,NH,2021,2022,69.36181818181818,71.59540097696326,-2.2335827951450824,2.2335827951450824,-3.220190666412738
22446,NH,2021,2022,73.2611111111111,75.51345300727343,-2.2523418961623207,2.2523418961623207,-3.074403134217167
22458,NH,2021,2022,59.205,58.460033099293284,0.7449669007067143,0.7449669007067143,1.2582837610112565
22470,NH,2021,2022,97.09565217391304,102.19400629080475,-5.098354116891713,5.098354116891713,-5.250857276039289
22488,NH,2021,2022,90.94549019607844,96.06666834409721,-5.121178148018771,5.121178148018771,-5.6310413380339295
22500,NH,2021,2022,500.6754716981132,598.3524809658136,-97.67700926770038,97.67700926770038,-19.50904623636039
22512,NH,2021,2022,66.13695652173914,73.2129967777476,-7.0760402560084685,7.0760402560084685,-10.69907148461327
22518,NH,2021,2022,147.10854271356783,166.86381653808132,-19.755273824513495,19.755273824513495,-13.429045968444267
22530,NH,2021,2022,250.76988304093567,509.4182301250267,-258.64834708409103,258.64834708409103,-103.14171061836373
22590,NH,2021,2022,72.6962962962963,76.5865827916091,-3.8902864953128073,3.8902864953128073,-5.351423240954035
22596,NH,2021,2022,103.18014311270126,113.9448041685676,-10.764661055866341,10.764661055866341,-10.432880524412875
22608,NH,2021,2022,253.6305882352941,360.442918611969,-106.81233037667488,106.81233037667488,-42.1133472582513
22620,NH,2021,2022,137.45142857142858,150.24728379081986,-12.795855219391285,12.795855219391285,-9.309365026163944
22626,NH,2021,2022,73.89767441860465,86.89206571935573,-12.994391300751076,12.994391300751076,-17.584303434425237
22638,NH,2021,2022,75.24015151515151,72.06247327657175,3.177678238579759,3.177678238579759,4.22338096692941
22644,NH,2021,2022,64.1763440860215,64.72566052367421,-0.5493164376527062,0.5493164376527062,-0.8559484736562845
22662,NH,2021,2022,110.74411764705884,122.93720592397229,-12.193088276913443,12.193088276913443,-11.010145311530476
22674,NH,2021,2022,80.1609756097561,80.16968487795828,-0.008709268202181875,0.008709268202181875,-0.010864723309482653
22680,NH,2021,2022,78.98260869565217,80.39673896840453,-1.4141302727523595,1.4141302727523595,-1.7904324712817499
22686,NH,2021,2022,113.28152173913044,143.86693822152466,-30.585416482394223,30.585416482394223,-26.999475300859427
22692,NH,2021,2022,201.61046511627907,326.18319423099814,-124.57272911471907,124.57272911471907,-61.7888208545482
22704,NH,2021,2022,95.82121212121211,102.73154345107099,-6.910331329858877,6.910331329858877,-7.211692668965022
22710,NH,2021,2022,59.07636363636364,57.790477920962864,1.2858857154007737,1.2858857154007737,2.176650078389836
22806,NH,2021,2022,179.6471036585366,165.88292225490318,13.764181403633415,13.764181403633415,7.661788653044815
22854,NH,2021,2022,104.09150943396226,109.72078521865298,-5.629275784690719,5.629275784690719,-5.408006681142466
22860,NH,2021,2022,146.41181818181818,157.26199923479658,-10.8501810529784,10.8501810529784,-7.410727622755391
22866,NH,2021,2022,128.85942720763722,149.0144833542901,-20.155056146652868,20.155056146652868,-15.641118840436938
22872,NH,2021,2022,71.28055555555555,93.61635282185935,-22.3357972663038,22.3357972663038,-31.335049358440315
22878,NH,2021,2022,98.36611111111112,107.90263363560331,-9.536522524492185,9.536522524492185,-9.694926857197844
22884,NH,2021,2022,75.20163934426229,76.12810046453323,-0.9264611202709432,0.9264611202709432,-1.231969313899844
22896,NH,2021,2022,79.64264705882353,94.22623810274011,-14.583591043916584,14.583591043916584,-18.311283693452882
22902,NH,2021,2022,77.68823529411765,82.47134203549905,-4.783106741381403,4.783106741381403,-6.156796744414617
22908,NH,2021,2022,76.40277777777777,77.16285890784825,-0.7600811300704748,0.7600811300704748,-0.9948344185616106
22914,NH,2021,2022,93.2868085106383,95.96771168433938,-2.6809031737010827,2.6809031737010827,-2.873828804418104
22920,NH,2021,2022,98.5250566893424,96.7986879631378,1.726368726204612,1.726368726204612,1.752212872759865
22938,NH,2021,2022,144.6204081632653,163.33891447027077,-18.71850630700547,18.71850630700547,-12.943198366494526
22944,NH,2021,2022,153.0155172413793,173.8949088228953,-20.87939158151599,20.87939158151599,-13.645277262030303
22950,NH,2021,2022,94.8155818540434,94.85420391762155,-0.03862206357814557,0.03862206357814557,-0.040733878148424336
22956,NH,2021,2022,104.94313725490196,106.01547342605473,-1.0723361711527701,1.0723361711527701,-1.021825913730896
22962,NH,2021,2022,122.8728323699422,136.31837394323583,-13.445541573293625,13.445541573293625,-10.942648032082595
22980,NH,2021,2022,86.50659340659341,91.3114290964462,-4.804835689852794,4.804835689852794,-5.554299967945075
22998,NH,2021,2022,132.35233798195242,156.94870314671252,-24.5963651647601,24.5963651647601,-18.584005042747386
23010,NH,2021,2022,68.06103151862465,64.01758809501261,4.0434434236120325,4.0434434236120325,5.940908231027265
23016,NH,2021,2022,100.9632183908046,127.79259768786409,-26.82937929705949,26.82937929705949,-26.573419235913565
23022,NH,2021,2022,86.8945945945946,95.43691683331355,-8.542322238718953,8.542322238718953,-9.830671606873853
23028,NH,2021,2022,110.66265060240964,141.1373355714454,-30.47468496903575,30.47468496903575,-27.5383652959169
23034,NH,2021,2022,70.50528634361234,71.9128735007435,-1.407587157131161,1.407587157131161,-1.9964278285052108
23040,NH,2021,2022,167.46753246753246,230.79733863857808,-63.32980617104562,63.32980617104562,-37.816169640717426
23046,NH,2021,2022,109.28144927536232,123.85396332473216,-14.572514049369843,14.572514049369843,-13.334846990041923
23052,NH,2021,2022,139.4862473347548,142.49488520923717,-3.0086378744823605,3.0086378744823605,-2.1569423021768537
23064,NH,2021,2022,187.0703703703704,231.49335261867162,-44.422982248301224,44.422982248301224,-23.746669320400976
23070,NH,2021,2022,87.78684210526316,111.42261666996012,-23.63577456469696,23.63577456469696,-26.924051484111764
23076,NH,2021,2022,151.55178571428573,211.50572167023927,-59.95393595595354,59.95393595595354,-39.56003268017059
23088,NH,2021,2022,101.45591715976332,101.08208921053603,0.3738279492272909,0.3738279492272909,0.36846342696663176
23094,NH,2021,2022,87.71688311688311,86.50198758634879,1.2148955305343208,1.2148955305343208,1.3850190378008158
23106,NH,2021,2022,75.08130841121495,76.15470039382205,-1.0733919826071059,1.0733919826071059,-1.4296394206774006
23112,NH,2021,2022,71.85806451612903,69.01658458123485,2.8414799348941813,2.8414799348941813,3.9542951149990855
23118,NH,2021,2022,195.9184210526316,245.37755969926368,-49.459138646632084,49.459138646632084,-25.244761764053496
23130,NH,2021,2022,93.841059602649,99.1269903397196,-5.285930737070601,5.285930737070601,-5.632854913886103
23136,NH,2021,2022,174.77835051546393,202.06648998590663,-27.2881394704427,27.2881394704427,-15.612997485079433
23142,NH,2021,2022,95.219120458891,97.31457160288879,-2.095451143997792,2.095451143997792,-2.200662150520979
23148,NH,2021,2022,93.75369649805448,97.2658402480801,-3.512143750025615,3.512143750025615,-3.7461389590100023
23160,NH,2021,2022,93.23278008298756,104.92155285315911,-11.688772770171553,11.688772770171553,-12.537192133246744
23166,NH,2021,2022,111.1508695652174,120.15862412507275,-9.007754559855343,9.007754559855343,-8.104079252902356
23172,NH,2021,2022,239.1629629629629,302.6997615024544,-63.536798539491514,63.536798539491514,-26.566320199558202
23184,NH,2021,2022,75.93958333333333,72.22412458166649,3.7154587516668443,3.7154587516668443,4.892650958272983
23190,NH,2021,2022,88.40114678899083,95.6659905648327,-7.264843775841868,7.264843775841868,-8.21804245728021
23202,NH,2021,2022,67.36325459317585,65.8367201255282,1.5265344676476502,1.5265344676476502,2.266123388584455
23208,NH,2021,2022,69.1120253164557,70.03138105260065,-0.9193557361449507,0.9193557361449507,-1.3302398995476268
23214,NH,2021,2022,96.71014492753623,105.75568195955884,-9.045537032022608,9.045537032022608,-9.353245245160496
23220,NH,2021,2022,253.57020547945208,385.19655527814507,-131.62634979869298,131.62634979869298,-51.9092334013821
23232,NH,2021,2022,84.62927927927927,97.85881242607263,-13.229533146793358,13.229533146793358,-15.632335829229365
23238,NH,2021,2022,96.57011494252872,96.40610686004018,0.16400808248853593,0.16400808248853593,0.16983316483173003
23244,NH,2021,2022,84.89569471624266,89.87352645996985,-4.977831743727194,4.977831743727194,-5.8634678240930995
23250,NH,2021,2022,91.53829787234042,140.12965110231949,-48.59135322997906,48.59135322997906,-53.08308583336857
23268,NH,2021,2022,68.7688155922039,68.7472004370905,0.021615155113394735,0.021615155113394735,0.03143162337064473
23292,NH,2021,2022,63.68055555555556,66.22049352149514,-2.539937965939586,2.539937965939586,-3.988561255128685
23298,NH,2021,2022,67.42307692307692,82.57694009298892,-15.153863169912,15.153863169912,-22.475781084866632
23304,NH,2021,2022,96.60904977375566,101.5520293408667,-4.942979567111038,4.942979567111038,-5.116476746937039
23310,NH,2021,2022,160.74810426540284,184.5710413516994,-23.822937086296548,23.822937086296548,-14.820042323462637
23316,NH,2021,2022,69.46630434782608,72.2168312049612,-2.750526857135114,2.750526857135114,-3.959512288667175
23322,NH,2021,2022,72.17931034482758,67.83146460902213,4.34784573580545,4.34784573580545,6.023673148211258
23340,NH,2021,2022,67.72888888888889,75.4397054570747,-7.710816568185805,7.710816568185805,-11.384826614881595
23364,NH,2021,2022,147.23880597014926,171.27031548097438,-24.031509510825117,24.031509510825117,-16.321450960215742
23406,ME,2021,2022,73.35490196078432,73.20935830324954,0.14554365753477327,0.14554365753477327,0.19841026794989275
23412,ME,2021,2022,125.8641891891892,139.21365310676813,-13.34946391757893,13.34946391757893,-10.60624471787846
23418,ME,2021,2022,101.25570652173911,104.74712643918086,-3.491419917441746,3.491419917441746,-3.448121629265562
23424,ME,2021,2022,93.14320712694878,101.0960799953398,-7.952872868391026,7.952872868391026,-8.538328358773091
23430,ME,2021,2022,136.57864077669902,157.56446905164788,-20.985828274948858,20.985828274948858,-15.365380820607157
23436,ME,2021,2022,73.58853046594982,77.57193909205922,-3.9834086261094086,3.9834086261094086,-5.413083534739933
23442,ME,2021,2022,125.36857142857144,156.8727137879966,-31.504142359425146,31.504142359425146,-25.129218591578663
23448,ME,2021,2022,85.57557251908396,89.31248479950838,-3.73691228042442,3.73691228042442,-4.366797872828793
23454,ME,2021,2022,119.21247771836008,155.0189469032106,-35.80646918485053,35.80646918485053,-30.03584009841943
24006,ME,2021,2022,77.72753623188406,84.06445363158556,-6.336917399701505,6.336917399701505,-8.152731588965615
24012,ME,2021,2022,72.40071942446043,72.02939608357151,0.37132334088892094,0.37132334088892094,0.5128724463523358
24018,ME,2021,2022,100.155,144.51590000161224,-44.36090000161224,44.36090000161224,-44.2922470187332
24030,ME,2021,2022,66.76329617834395,67.81653360228259,-1.05323742393864,1.05323742393864,-1.5775695392946751
24048,ME,2021,2022,76.2840490797546,82.14140326685663,-5.8573541871020325,5.8573541871020325,-7.678347253143573
24054,ME,2021,2022,69.43333333333334,70.97796242577132,-1.5446290924379866,1.5446290924379866,-2.2246218326039173
24060,ME,2021,2022,62.10357142857143,57.79906955177058,4.304501876800849,4.304501876800849,6.931166401197525
24066,ME,2021,2022,88.84027027027027,100.53669098757351,-11.69642071730324,11.69642071730324,-13.165674397117813
24090,ME,2021,2022,76.60561797752808,95.32517107750955,-18.719553099981468,18.719553099981468,-24.436266678865202
24102,ME,2021,2022,140.6909090909091,122.12112012350886,18.56978896740023,18.56978896740023,13.198997069100704
24120,ME,2021,2022,61.50588235294118,64.41781946867292,-2.911937115731739,2.911937115731739,-4.734404262379453
24126,ME,2021,2022,156.02898550724638,173.5488245051899,-17.519838997943538,17.519838997943538,-11.228579703307673
24132,ME,2021,2022,73.2063492063492,78.49760325170986,-5.29125404536066,5.29125404536066,-7.22786220420038
24144,ME,2021,2022,61.15882352941176,53.497133241041595,7.661690288370167,7.661690288370167,12.527530528257463
24162,ME,2021,2022,68.28685897435898,65.55053702018546,2.736321954173519,2.736321954173519,4.007098869785445
24174,ME,2021,2022,69.24095238095238,69.44782879034665,-0.206876409394269,0.206876409394269,-0.29877753306463617
24180,ME,2021,2022,69.00172413793103,76.13418745346418,-7.132463315533144,7.132463315533144,-10.336645068861907
24192,ME,2021,2022,128.02595078299777,139.6364754638118,-11.610524680814024,11.610524680814024,-9.068883776925588
24222,ME,2021,2022,58.14646464646464,63.059000205089376,-4.912535558624732,4.912535558624732,-8.448554161449639
24228,ME,2021,2022,95.57004405286344,99.18947744394,-3.6194333910765693,3.6194333910765693,-3.7872048997639083
24234,ME,2021,2022,79.71884700665188,79.96656453759127,-0.24771753093938287,0.24771753093938287,-0.31073897859901667
24240,ME,2021,2022,73.9042944785276,88.69934356752817,-14.795049089000571,14.795049089000571,-20.019200769583385
24246,ME,2021,2022,51.39411764705882,51.50821034318651,-0.1140926961276918,0.1140926961276918,-0.2219956317008997
24252,ME,2021,2022,71.7118320610687,71.967828850091,-0.2559967890222907,0.2559967890222907,-0.35697984790611365
24258,ME,2021,2022,106.3260336906585,134.32307813193836,-27.997044441279854,27.997044441279854,-26.331316488992286
24276,ME,2021,2022,119.2354401805869,138.85125795854532,-19.615817777958412,19.615817777958412,-16.451331708298692
24282,ME,2021,2022,57.51121495327103,54.83398255626172,2.6772323970093126,2.6772323970093126,4.655148390074206
24288,ME,2021,2022,66.49883720930232,63.61003974926062,2.888797460041701,2.888797460041701,4.34413229053815
24294,ME,2021,2022,64.63980099502487,63.66429157651769,0.9755094185071798,0.9755094185071798,1.5091466921166137
24300,ME,2021,2022,88.90833333333333,96.15396488882482,-7.245631555491485,7.245631555491485,-8.149552785256146
24306,ME,2021,2022,71.41228070175438,72.65807871139397,-1.2457980096395858,1.2457980096395858,-1.7445150853569926
24330,ME,2021,2022,76.29351851851852,79.03931764051121,-2.7457991219926896,2.7457991219926896,-3.5989939582170525
24366,ME,2021,2022,64.22568306010929,66.84882339518619,-2.623140335076897,2.623140335076897,-4.0842544759265245
24372,ME,2021,2022,85.18731707317073,85.60835876734147,-0.42104169417073933,0.42104169417073933,-0.4942539671828027
24384,ME,2021,2022,70.04685185185186,76.15527615391183,-6.108424302059973,6.108424302059973,-8.720483705647768
24396,ME,2021,2022,105.47567567567567,143.66771772903854,-38.19204205336287,38.19204205336287,-36.2093362367249
24408,ME,2021,2022,51.89565217391304,53.49430516351222,-1.5986529895991808,1.5986529895991808,-3.0805143063657137
24414,ME,2021,2022,111.34545454545454,116.13230563846757,-4.786851093013027,4.786851093013027,-4.299098793529009
24426,ME,2021,2022,95.77028985507246,103.12387753482886,-7.3535876797564015,7.3535876797564015,-7.6783600539211685
24432,ME,2021,2022,81.51,80.44195899667848,1.0680410033215253,1.0680410033215253,1.310318983341339
24438,ME,2021,2022,59.12419175027871,57.800080693825706,1.324111056453006,1.324111056453006,2.2395419155083234
24444,ME,2021,2022,128.98783333333333,143.24813238468425,-14.260299051350927,14.260299051350927,-11.055538094433398
24456,ME,2021,2022,73.44266666666667,75.42965918752168,-1.9869925208550114,1.9869925208550114,-2.7055015987822855
24474,ME,2021,2022,117.0927927927928,135.6650753118659,-18.5722825190731,18.5722825190731,-15.861166239273647
24498,ME,2021,2022,63.53730158730159,63.317334782151754,0.2199668051498378,0.2199668051498378,0.3462010498629672
24504,ME,2021,2022,79.0793023255814,80.11152002784367,-1.0322177022622725,1.0322177022622725,-1.3052943967720867
24510,ME,2021,2022,68.15959595959596,66.94582169649999,1.2137742630959707,1.2137742630959707,1.7807826557767137
24516,ME,2021,2022,84.5007561436673,91.16688214865242,-6.6661260049851165,6.6661260049851165,-7.8888359219548745
24522,ME,2021,2022,68.84402985074627,65.33709920853298,3.506930642213291,3.506930642213291,5.094022894674106
24528,ME,2021,2022,62.562666666666665,74.50235881056997,-11.939692143903308,11.939692143903308,-19.084372166419765
24540,ME,2021,2022,92.15076452599388,107.13411906519482,-14.983354539200946,14.983354539200946,-16.259609582484195
24546,ME,2021,2022,60.976470588235294,63.40678728529539,-2.4303166970600927,2.4303166970600927,-3.9856631149933994
24552,ME,2021,2022,66.71919850885368,67.33935209069332,-0.6201535818396451,0.6201535818396451,-0.9294979491657868
24558,ME,2021,2022,71.50408163265305,74.27204642870976,-2.7679647960567024,2.7679647960567024,-3.871058452686544
24570,ME,2021,2022,56.60405405405405,58.31303874232136,-1.7089846882673072,1.7089846882673072,-3.019191322648572
24576,ME,2021,2022,172.1369658119658,218.18124142034242,-46.04427560837661,46.04427560837661,-26.748627403293014
24582,ME,2021,2022,133.1746543778802,142.50643625477016,-9.331781876889977,9.331781876889977,-7.007175592445128
24606,ME,2021,2022,90.1842885375494,101.81649603225416,-11.632207494704758,11.632207494704758,-12.898263858744683
24612,ME,2021,2022,88.52099681866383,94.1191809089153,-5.598184090251465,5.598184090251465,-6.324131326400901
24618,ME,2021,2022,88.49204131227218,85.13756560629689,3.3544757059752897,3.3544757059752897,3.7907089227809316
24630,ME,2021,2022,205.5321212121212,273.27729214297443,-67.74517093085322,67.74517093085322,-32.960867883485825
24636,ME,2021,2022,78.83444592790387,85.12966340888265,-6.295217480978778,6.295217480978778,-7.9853640206159575
24642,ME,2021,2022,201.1934291581109,270.28046535805936,-69.08703619994847,69.08703619994847,-34.338614580526574
24648,ME,2021,2022,106.5859649122807,137.04509286976972,-30.459127957489017,30.459127957489017,-28.577053257018036
24660,ME,2021,2022,300.09565217391304,358.9622509656898,-58.86659879177677,58.86659879177677,-19.615945237907706
25260,ME,2021,2022,65.7562937062937,66.06888229339475,-0.31258858710104676,0.31258858710104676,-0.475374400657755
25296,ME,2021,2022,65.51290322580645,55.32780836658332,10.185094859223135,10.185094859223135,15.546700508932846
25302,ME,2021,2022,82.41256830601093,94.29165019043533,-11.879081884424409,11.879081884424409,-14.414162946985822
25314,ME,2021,2022,61.437179487179485,60.55854886220157,0.8786306249779159,0.8786306249779159,1.430128518776266
25320,ME,2021,2022,62.78552631578948,62.90237764933513,-0.1168513335456467,0.1168513335456467,-0.18611189616843363
25326,ME,2021,2022,50.20681818181818,50.17345436716186,0.03336381465631888,0.03336381465631888,0.06645275654692095
25332,ME,2021,2022,90.23225806451612,91.31662405149211,-1.084365986975996,1.084365986975996,-1.2017498068159544
25344,ME,2021,2022,58.932,59.02537743173278,-0.09337743173277602,0.09337743173277602,-0.15844945315410305
25386,ME,2021,2022,51.053333333333335,58.07498001498755,-7.021646681654218,7.021646681654218,-13.753551870568458
25416,ME,2021,2022,68.15022421524664,68.31990240973357,-0.16967819448693433,0.16967819448693433,-0.24897672229370854
25422,ME,2021,2022,63.93125,71.61202612843452,-7.680776128434523,7.680776128434523,-12.0141184920278
25428,ME,2021,2022,64.04444444444445,66.2285939548035,-2.184149510359049,2.184149510359049,-3.4103653006994166
25434,ME,2021,2022,54.957589285714285,55.84516150771795,-0.8875722220036621,0.8875722220036621,-1.6150130192016598
25440,ME,2021,2022,55.7108868501529,54.73877679378403,0.9721100563688765,0.9721100563688765,1.7449193709365776
25500,ME,2021,2022,59.60214592274678,59.226993563656144,0.3751523590906345,0.3751523590906345,0.6294276041283607
25512,ME,2021,2022,61.16586345381526,60.261688576987765,0.9041748768274971,0.9041748768274971,1.4782344689864728
25518,ME,2021,2022,60.17777777777778,62.69112336618609,-2.5133455884083133,2.5133455884083133,-4.176534397281171
25524,ME,2021,2022,46.23956834532374,47.29206456431238,-1.0524962189886438,1.0524962189886438,-2.2761808915006534
25530,ME,2021,2022,72.2675,74.68072054768226,-2.4132205476822577,2.4132205476822577,-3.3392888195693193
25536,ME,2021,2022,58.58562091503268,55.463047806062434,3.1225731089702435,3.1225731089702435,5.329930894645536
25542,ME,2021,2022,45.09217391304348,44.119604175346005,0.9725697376974765,0.9725697376974765,2.1568481918237
25548,ME,2021,2022,73.96206896551725,78.42548707253927,-4.463418107022022,4.463418107022022,-6.034739386621224
25554,ME,2021,2022,79.94444444444444,75.51650557085571,4.4279388735887295,4.4279388735887295,5.538769960013699
25560,ME,2021,2022,84.1775974025974,83.0117899338807,1.165807468716693,1.165807468716693,1.3849379225460297
25566,ME,2021,2022,85.71,102.62852480985909,-16.918524809859093,16.918524809859093,-19.739265908131017
25578,ME,2021,2022,61.73181818181818,63.38411088824959,-1.6522927064314104,1.6522927064314104,-2.676565756681469
25590,ME,2021,2022,68.21777777777778,66.50533463595212,1.7124431418256592,1.7124431418256592,2.510259345304406
25608,ME,2021,2022,66.33192307692308,61.552334594775004,4.779588482148071,4.779588482148071,7.205562963409534
25620,ME,2021,2022,60.847133757961785,62.76418512818623,-1.917051370224442,1.917051370224442,-3.1506025868861864
25644,ME,2021,2022,73.86594982078853,76.47003660139937,-2.6040867806108423,2.6040867806108423,-3.5254224536864465
25650,ME,2021,2022,56.76,60.74361782249656,-3.983617822496562,3.983617822496562,-7.0183541622561005
25656,ME,2021,2022,51.7991967871486,51.2905448379017,0.5086519492469037,0.5086519492469037,0.9819687964217632
25680,ME,2021,2022,62.657062146892656,63.060861746026184,-0.4037995991335279,0.4037995991335279,-0.6444598346900845
25686,ME,2021,2022,52.83359683794466,53.58561647434718,-0.7520196364025153,0.7520196364025153,-1.4233739162396397
25692,ME,2021,2022,89.2547619047619,74.81953405655555,14.435227848206353,14.435227848206353,16.173061851432944
25704,ME,2021,2022,83.60634920634921,138.09834607323816,-54.491996866888954,54.491996866888954,-65.17686441779321
25710,ME,2021,2022,61.09047619047619,72.71468755023368,-11.624211359757489,11.624211359757489,-19.027861762795798
25722,ME,2021,2022,70.34025974025974,71.83541174329615,-1.4951520030364094,1.4951520030364094,-2.125599206709566
25734,ME,2021,2022,55.818823529411766,53.379068960197465,2.4397545692143012,2.4397545692143012,4.370845558808237
25740,ME,2021,2022,59.24861111111111,60.64667910910741,-1.3980679979963,1.3980679979963,-2.3596637486986007
25752,ME,2021,2022,47.85434782608696,50.02741853071618,-2.1730707046292252,2.1730707046292252,-4.54100996742581
25764,ME,2021,2022,62.21976047904192,63.83629739611304,-1.616536917071116,1.616536917071116,-2.598108550442957
25980,ME,2021,2022,63.20873196659073,67.75572550893115,-4.546993542340417,4.546993542340417,-7.193616136365069
26052,ME,2021,2022,64.47282608695652,67.70002251172733,-3.22719642477081,3.22719642477081,-5.005514137720889
26064,ME,2021,2022,65.61721854304636,65.47487083932498,0.14234770372138428,0.14234770372138428,0.216936509779062
26070,ME,2021,2022,64.82698412698413,64.99796170022684,-0.170977573242709,0.170977573242709,-0.2637444507796251
26076,ME,2021,2022,54.12087912087912,54.395381653719795,-0.27450253284067827,0.27450253284067827,-0.5072026495127254
26082,ME,2021,2022,76.82147651006711,88.60025684037431,-11.7787803303072,11.7787803303072,-15.332665896838943
26088,ME,2021,2022,65.3443113772455,70.2624813892241,-4.918170011978603,4.918170011978603,-7.526546547541138
26094,ME,2021,2022,69.96285714285715,78.45698468267649,-8.494127539819345,8.494127539819345,-12.140910029553522
26100,ME,2021,2022,75.11016042780749,69.70876017136703,5.4014002564404535,5.4014002564404535,7.191304379694458
26106,ME,2021,2022,105.32638888888889,124.0918753901778,-18.76548650128892,18.76548650128892,-17.81650989770953
26112,ME,2021,2022,72.05568181818182,85.29221255955449,-13.236530741372661,13.236530741372661,-18.369863982097083
26118,ME,2021,2022,66.96101694915254,68.60259630436113,-1.6415793552085916,1.6415793552085916,-2.451544839074263
26124,ME,2021,2022,70.73827160493828,72.2387497559434,-1.500478151005126,1.500478151005126,-2.1211688057421756
26130,ME,2021,2022,80.64074074074074,92.37744465063646,-11.736703909895724,11.736703909895724,-14.554310640113194
26142,ME,2021,2022,66.18064516129033,68.38022781773103,-2.199582656440697,2.199582656440697,-3.323604130905712
26148,ME,2021,2022,67.51761904761905,71.95021784354111,-4.432598795922061,4.432598795922061,-6.565099389532417
26160,ME,2021,2022,59.66875,64.09118969366547,-4.422439693665467,4.422439693665467,-7.411651314407402
26178,ME,2021,2022,60.76417910447761,63.62271877252897,-2.858539668051357,2.858539668051357,-4.704317099612912
26184,ME,2021,2022,84.1667731629393,87.61069917888452,-3.443926015945223,3.443926015945223,-4.091788108922856
26406,ME,2021,2022,73.271920037192,74.03907750086609,-0.7671574636740814,0.7671574636740814,-1.0470006290058742
26436,ME,2021,2022,53.89714285714286,55.27291835237019,-1.3757754952273302,1.3757754952273302,-2.552594483299224
26460,ME,2021,2022,49.85172413793104,49.94145018047864,-0.08972604254759631,0.08972604254759631,-0.1799858361956348
26466,ME,2021,2022,59.641975308641975,59.80803134836096,-0.1660560397189883,0.1660560397189883,-0.27842142863254093
26472,ME,2021,2022,75.59717171717172,76.68459652685726,-1.087424809685544,1.087424809685544,-1.4384464193367938
26484,ME,2021,2022,51.46229508196721,54.77971770094001,-3.317422618972799,3.317422618972799,-6.446316888294493
26496,ME,2021,2022,56.96606498194946,59.75059709371024,-2.7845321117607824,2.7845321117607824,-4.888054164603265
26502,ME,2021,2022,42.27368421052632,45.930998258804394,-3.6573140482780744,3.6573140482780744,-8.651514805438671
26508,ME,2021,2022,49.23287671232877,49.48584462606306,-0.2529679137342953,0.2529679137342953,-0.5138190790930316
26514,ME,2021,2022,64.01523178807948,63.91655253050258,0.09867925757689733,0.09867925757689733,0.15414965285695142
26526,ME,2021,2022,124.68,150.9550159189554,-26.275015918955404,26.275015918955404,-21.073962078084218
26532,ME,2021,2022,53.507407407407406,55.53615677692444,-2.028749369517037,2.028749369517037,-3.791529935416349
26544,ME,2021,2022,50.67105263157895,51.30854890826506,-0.6374962766861074,0.6374962766861074,-1.2581074273732578
26556,ME,2021,2022,68.27674418604651,71.57562308720802,-3.298878901161501,3.298878901161501,-4.831628895737067
26562,ME,2021,2022,57.20909090909091,57.69924095788247,-0.49015004879156265,0.49015004879156265,-0.8567695116331144
26568,ME,2021,2022,65.0658064516129,66.75009643213566,-1.6842899805227631,1.6842899805227631,-2.588594643448105
26574,ME,2021,2022,94.30909090909093,105.74152236461681,-11.432431455525887,11.432431455525887,-12.122300560129624
26580,ME,2021,2022,43.6955223880597,48.6599421117654,-4.964419723705703,4.964419723705703,-11.361392317539352
26604,ME,2021,2022,55.016666666666666,54.67804566379863,0.3386210028680381,0.3386210028680381,0.6154880391421474
26610,ME,2021,2022,56.35434782608696,52.320082402557894,4.034265423529064,4.034265423529064,7.158747424385177
26628,ME,2021,2022,52.23898305084746,50.133591747608136,2.1053913032393226,2.1053913032393226,4.0303068327153575
26646,ME,2021,2022,83.11351351351351,96.365251942059,-13.251738428545494,13.251738428545494,-15.944144181067355
26658,ME,2021,2022,55.48301886792453,81.44637807429636,-25.963359206371834,25.963359206371834,-46.79514513832916
26664,ME,2021,2022,100.95360824742268,106.64064824690661,-5.687039999483929,5.687039999483929,-5.6333201935148445
26688,ME,2021,2022,49.56935483870968,48.493269178090905,1.076085660618773,1.076085660618773,2.1708688041637303
26694,ME,2021,2022,56.57857142857143,59.06126897900731,-2.48269755043588,2.48269755043588,-4.38805273401115
26700,ME,2021,2022,57.05,56.12856738078104,0.9214326192189546,0.9214326192189546,1.6151316726011475
26718,ME,2021,2022,43.917142857142856,46.40235455513516,-2.4852116979923053,2.4852116979923053,-5.658864708199251
26730,ME,2021,2022,53.76904761904762,55.193455029482294,-1.4244074104346751,1.4244074104346751,-2.649121517878774
26736,ME,2021,2022,65.0993288590604,62.02525561867462,3.074073240385786,3.074073240385786,4.722127392497599
26742,ME,2021,2022,59.53978102189781,62.10337831893025,-2.5635972970324374,2.5635972970324374,-4.305688151741078
26754,ME,2021,2022,44.48275862068966,42.00852925710089,2.474229363588769,2.474229363588769,5.56222104992824
26760,ME,2021,2022,48.6875,47.80132544177137,0.8861745582286318,0.8861745582286318,1.8201274623437882
26766,ME,2021,2022,60.83181818181818,60.93489713959537,-0.10307895777719267,0.10307895777719267,-0.16944908250005522
26772,ME,2021,2022,49.18357487922705,52.12332324484402,-2.939748365616971,2.939748365616971,-5.977093720486328
26778,ME,2021,2022,45.8007874015748,46.82663311444285,-1.0258457128680476,1.0258457128680476,-2.2397992940024767
26784,ME,2021,2022,45.8625,52.79739127195084,-6.934891271950846,6.934891271950846,-15.121049380105417
26808,ME,2021,2022,57.716284403669725,62.16249333016581,-4.446208926496084,4.446208926496084,-7.703560567757865
26826,ME,2021,2022,46.4375,51.604781018409405,-5.167281018409405,5.167281018409405,-11.127388464946227
26832,ME,2021,2022,60.81559633027523,63.944582882882194,-3.1289865526069676,3.1289865526069676,-5.145039663204446
26838,ME,2021,2022,72.66245614035088,77.43577929408356,-4.773323153732676,4.773323153732676,-6.569173968621129
26844,ME,2021,2022,69.84575471698113,75.9437478868075,-6.097993169826367,6.097993169826367,-8.73065685170956
26850,ME,2021,2022,63.76875,49.707748237586046,14.061001762413952,14.061001762413952,22.04998806219967
26856,ME,2021,2022,61.846774193548384,66.17007686667513,-4.323302673126747,4.323302673126747,-6.990344653380058
26868,ME,2021,2022,67.97058823529412,76.89083138780556,-8.920243152511446,8.920243152511446,-13.123680968645141
26874,ME,2021,2022,51.21694915254237,52.28516012493628,-1.0682109723939135,1.0682109723939135,-2.0856591227493846
26886,ME,2021,2022,61.76206896551725,60.91463728914199,0.8474316763752583,0.8474316763752583,1.3720908165307624
26922,ME,2021,2022,45.51111111111111,45.52218401004879,-0.011072898937676712,0.011072898937676712,-0.024330100204856056
26928,ME,2021,2022,59.68064516129032,58.53555889718996,1.1450862641003638,1.1450862641003638,1.9186894863581039
26958,ME,2021,2022,56.763333333333335,55.93061042729171,0.8327229060416244,0.8327229060416244,1.4670084668065493
26970,ME,2021,2022,54.50588235294118,48.58710824159913,5.918774111342046,5.918774111342046,10.858963942673729
26976,ME,2021,2022,69.95260416666666,67.06787450277562,2.8847296638910365,2.8847296638910365,4.123834556634917
26982,ME,2021,2022,41.17692307692308,45.415109172912196,-4.238186095989114,4.238186095989114,-10.292624555923496
27180,ME,2021,2022,73.70493421052632,77.26248914865464,-3.5575549381283196,3.5575549381283196,-4.826752748963502
27210,ME,2021,2022,78.13333333333334,85.0754553352894,-6.942122001956065,6.942122001956065,-8.884968432537626
27222,ME,2021,2022,72.81680672268908,78.85712951888372,-6.040322796194644,6.040322796194644,-8.295231647823046
27228,ME,2021,2022,71.25701754385965,94.23549314413285,-22.9784756002732,22.9784756002732,-32.24731597295612
27234,ME,2021,2022,75.5046875,78.10474567908578,-2.600058179085778,2.600058179085778,-3.443571869740906
27258,ME,2021,2022,79.35038759689922,89.05851151617746,-9.708123919278236,9.708123919278236,-12.23450094358153
27264,ME,2021,2022,114.61818181818182,146.08294182242275,-31.46476000424093,31.46476000424093,-27.451805206745732
27282,ME,2021,2022,76.11475409836065,75.10226432823156,1.0124897701290934,1.0124897701290934,1.3302148606046673
27288,ME,2021,2022,100.22622950819672,127.71606457365364,-27.489835065456916,27.489835065456916,-27.42778532161457
27306,ME,2021,2022,90.9095238095238,103.61156062793648,-12.70203681841268,12.70203681841268,-13.972173966092205
27318,ME,2021,2022,83.7698275862069,104.14377623299112,-20.373948646784214,20.373948646784214,-24.321344849155306
27324,ME,2021,2022,95.20434782608696,146.40223228933482,-51.19788446324786,51.19788446324786,-53.77683439077045
27330,ME,2021,2022,78.69313725490196,89.4014974441307,-10.708360189228742,10.708360189228742,-13.6077433976769
27336,ME,2021,2022,78.01830985915493,90.32411821782867,-12.305808358673744,12.305808358673744,-15.77297480666936
27348,ME,2021,2022,67.78823529411764,85.01916757489036,-17.23093228077272,17.23093228077272,-25.418765079237787
27372,ME,2021,2022,83.19658119658119,90.80763818092265,-7.6110569843414595,7.6110569843414595,-9.148280944811493
27378,ME,2021,2022,87.43636363636364,103.98163620703376,-16.54527257067012,16.54527257067012,-18.922644861444308
27384,ME,2021,2022,106.53571428571428,139.01544167565888,-32.4797273899446,32.4797273899446,-30.487172876917494
27408,ME,2021,2022,131.084,181.8514523553066,-50.7674523553066,50.7674523553066,-38.72894659554682
27426,ME,2021,2022,85.60555555555555,105.70888215923111,-20.103326603675555,20.103326603675555,-23.483670508544357
27432,ME,2021,2022,59.840823970037455,64.72507085022966,-4.884246880192201,4.884246880192201,-8.162064885065359
27438,ME,2021,2022,87.57777777777778,102.20837225857817,-14.630594480800383,14.630594480800383,-16.705829780157757
27444,ME,2021,2022,51.3,54.81084393134566,-3.5108439313456614,3.5108439313456614,-6.843750353500315
27456,ME,2021,2022,94.88108108108108,111.7781711368594,-16.89709005577832,16.89709005577832,-17.80870312948778
27468,ME,2021,2022,67.30826446280992,70.90894233988179,-3.600677877071874,3.600677877071874,-5.349533086031909
27474,ME,2021,2022,81.87692307692308,90.41160955070394,-8.534686473780866,8.534686473780866,-10.423799714313347
27630,ME,2021,2022,71.36267217630854,73.18037571640095,-1.8177035400924098,1.8177035400924098,-2.547134916138781
27636,ME,2021,2022,51.016666666666666,62.30044511002803,-11.283778443361363,11.283778443361363,-22.117827723021293
27642,ME,2021,2022,67.82830188679246,74.66279721719638,-6.834495330403925,6.834495330403925,-10.076170477938412
27654,ME,2021,2022,91.2595818815331,108.33406189018189,-17.07448000864879,17.07448000864879,-18.709794255702054
27672,ME,2021,2022,64.36206896551724,74.99220720419775,-10.630138238680516,10.630138238680516,-16.51615370595955
27678,ME,2021,2022,54.0,71.93574889346411,-17.93574889346411,17.93574889346411,-33.21434980271131
27684,ME,2021,2022,80.56347305389221,102.19341600307013,-21.629942949177916,21.629942949177916,-26.848324841592618
27696,ME,2021,2022,88.16818181818182,134.21146380784776,-46.04328198966594,46.04328198966594,-52.222106705812784
27702,ME,2021,2022,76.22682926829269,107.0440081878561,-30.817178919563403,30.817178919563403,-40.42825762973472
27714,ME,2021,2022,54.81875,54.81610407788084,0.002645922119164368,0.002645922119164368,0.004826673572754518
27732,ME,2021,2022,44.40819672131148,47.79554187209329,-3.3873451507818118,3.3873451507818118,-7.627747580113349
27738,ME,2021,2022,53.46521739130435,61.76719336239853,-8.30197597109418,8.30197597109418,-15.527807378642445
27756,ME,2021,2022,47.728,72.7896259229871,-25.061625922987098,25.061625922987098,-52.50927322114293
27762,ME,2021,2022,88.18275862068965,119.55867135123209,-31.37591273054244,31.37591273054244,-35.5805525040367
27768,ME,2021,2022,50.91724137931035,48.610611526073484,2.3066298532368634,2.3066298532368634,4.530154797769812
27780,ME,2021,2022,55.984722222222224,57.256571764448694,-1.2718495422264695,1.2718495422264695,-2.271779677995133
27786,ME,2021,2022,57.75593220338983,61.184794309558036,-3.4288621061682036,3.4288621061682036,-5.936813718274563
27804,ME,2021,2022,53.374,55.96256040876745,-2.5885604087674494,2.5885604087674494,-4.84985275371426
27840,ME,2021,2022,64.20229007633588,72.66909785656057,-8.466807780224684,8.466807780224684,-13.187703694303949
27858,ME,2021,2022,46.8625,55.77954903030981,-8.917049030309812,8.917049030309812,-19.028112094552814
27888,ME,2021,2022,53.77,50.63353229694987,3.13646770305013,3.13646770305013,5.833118287242198
27894,ME,2021,2022,51.03448275862069,64.08581257185857,-13.051329813237878,13.051329813237878,-25.573551661074216
27900,ME,2021,2022,60.675,75.48345671908442,-14.808456719084418,14.808456719084418,-24.40619154360844
27912,ME,2021,2022,54.70263157894737,67.04049696616902,-12.337865387221647,12.337865387221647,-22.55442751308138
27918,ME,2021,2022,62.03,79.13526508268522,-17.10526508268522,17.10526508268522,-27.575794103958117
27924,ME,2021,2022,54.57533333333333,55.67444585248543,-1.0991125191520936,1.0991125191520936,-2.013936428823938
27930,ME,2021,2022,53.07906976744186,53.13720306036387,-0.0581332929220153,0.0581332929220153,-0.10952206430278032
27942,ME,2021,2022,70.92,73.37114139391811,-2.451141393918107,2.451141393918107,-3.456206139196428
27948,ME,2021,2022,45.6972602739726,63.75298959723944,-18.05572932326684,18.05572932326684,-39.51162326803799
27960,ME,2021,2022,106.23658536585366,122.0813794698939,-15.844794104040247,15.844794104040247,-14.91463044437519
27984,ME,2021,2022,53.9344262295082,58.43351197578491,-4.499085746276712,4.499085746276712,-8.341769924707581
27996,ME,2021,2022,49.77924528301887,52.83665474362506,-3.057409460606195,3.057409460606195,-6.1419361487370026
28002,ME,2021,2022,50.75714285714286,50.98209191499423,-0.22494905785136865,0.22494905785136865,-0.44318699829991004
28008,ME,2021,2022,48.852777777777774,48.76633496609475,0.08644281168302115,0.08644281168302115,0.17694554048949573
28014,ME,2021,2022,63.88,93.73806492735184,-29.85806492735184,29.85806492735184,-46.74086557193463
28026,ME,2021,2022,61.672413793103445,63.035529590059035,-1.36311579695559,1.36311579695559,-2.210252061040655
28044,ME,2021,2022,65.81739130434782,74.94867159143644,-9.131280287088615,9.131280287088615,-13.873658779431771
28056,ME,2021,2022,66.49454545454546,96.53133875450798,-30.036793299962525,30.036793299962525,-45.1718153641567
28062,ME,2021,2022,85.62857142857143,101.2121106772799,-15.583539248708462,15.583539248708462,-18.198994784944816
28074,ME,2021,2022,83.0621359223301,97.34569874655928,-14.283562824229179,14.283562824229179,-17.19623829272279
28080,ME,2021,2022,48.86727272727273,63.70587153670031,-14.83859880942758,14.83859880942758,-30.365105276575395
28086,ME,2021,2022,67.79636363636364,93.108444224756,-25.312080588392362,25.312080588392362,-37.33545463316831
28104,ME,2021,2022,76.04705882352941,78.95489628887694,-2.9078374653475265,2.9078374653475265,-3.823734290757112
28110,ME,2021,2022,62.98333333333333,89.19608724122651,-26.21275390789318,26.21275390789318,-41.61855608556737
28146,ME,2021,2022,50.00476190476191,51.27497747967279,-1.2702155749108854,1.2702155749108854,-2.5401892270382436
28158,ME,2021,2022,75.25769230769231,87.899381393902,-12.641689086209695,12.641689086209695,-16.79786969088016
28164,ME,2021,2022,56.27452830188679,56.8300933926869,-0.5555650908001084,0.5555650908001084,-0.9872407776032506
28380,ME,2021,2022,56.71626794258373,55.28363669767395,1.4326312449097784,1.4326312449097784,2.525961768782268
28392,ME,2021,2022,51.41518987341773,51.13457372006467,0.28061615335305845,0.28061615335305845,0.5457845318551287
28404,ME,2021,2022,53.770270270270274,51.48941170877821,2.2808585614920602,2.2808585614920602,4.241858093752512
28410,ME,2021,2022,48.632,45.67698722059881,2.955012779401187,2.955012779401187,6.0762723708693605
28416,ME,2021,2022,64.63927710843373,62.90323044726549,1.7360466611682384,1.7360466611682384,2.685745786197429
28434,ME,2021,2022,58.273809523809526,74.05386248667452,-15.780052962864993,15.780052962864993,-27.079151151801007
28440,ME,2021,2022,58.99666666666667,59.856995053986665,-0.8603283873199956,0.8603283873199956,-1.4582660952370117
28452,ME,2021,2022,56.6,54.850921038304435,1.7490789616955666,1.7490789616955666,3.090245515363192
28458,ME,2021,2022,65.00742574257426,66.51207653970579,-1.5046507971315322,1.5046507971315322,-2.3145829571684082
28470,ME,2021,2022,55.572,59.49164096064878,-3.9196409606487777,3.9196409606487777,-7.053265962442916
28476,ME,2021,2022,44.016666666666666,48.09246423425478,-4.075797567588111,4.075797567588111,-9.259668839654928
28482,ME,2021,2022,50.37090909090909,54.387131698095075,-4.016222607185988,4.016222607185988,-7.973297841294736
28500,ME,2021,2022,46.40476190476191,52.064046636796675,-5.659284732034763,5.659284732034763,-12.195482747329914
28536,ME,2021,2022,51.06066666666667,54.983396621654876,-3.922729954988206,3.922729954988206,-7.682488716014034
28542,ME,2021,2022,69.23969465648855,68.0148907854452,1.224803871043349,1.224803871043349,1.7689330912272747
28548,ME,2021,2022,83.02857142857142,58.7001792631248,24.328392165446623,24.328392165446623,29.301229380269504
28560,ME,2021,2022,45.98857142857143,48.090252094193445,-2.1016806656220126,2.1016806656220126,-4.570006417542895
28566,ME,2021,2022,64.456,80.48280492411193,-16.02680492411193,16.02680492411193,-24.864721552860754
28572,ME,2021,2022,53.94583333333333,54.84884852114705,-0.9030151878137147,0.9030151878137147,-1.6739294436957715
28578,ME,2021,2022,47.128125,48.63860095640027,-1.5104759564002705,1.5104759564002705,-3.2050414829791567
28590,ME,2021,2022,50.6,52.84087736024604,-2.2408773602460386,2.2408773602460386,-4.4286113838854515
28596,ME,2021,2022,51.3,55.13079021114628,-3.8307902111462795,3.8307902111462795,-7.4674273121759835
28608,ME,2021,2022,61.92,74.51176786593294,-12.591767865932937,12.591767865932937,-20.33554241914234
28614,ME,2021,2022,57.14604651162791,60.364276740985886,-3.218230229357978,3.218230229357978,-5.631588580153384
28632,ME,2021,2022,61.56,67.35411658091351,-5.79411658091351,5.79411658091351,-9.412145193166845
28638,ME,2021,2022,73.83235294117647,73.55229356377981,0.280059377396654,0.280059377396654,0.3793179632508559
28644,ME,2021,2022,49.72,48.47140782941798,1.2485921705820218,1.2485921705820218,2.511247326190712
28656,ME,2021,2022,46.18529411764706,47.3502280979092,-1.1649339802621412,1.1649339802621412,-2.5223049945177864
28662,ME,2021,2022,40.92857142857143,39.13773698978541,1.790834438786021,1.790834438786021,4.375511717801796
28674,ME,2021,2022,65.53,89.20843746465037,-23.678437464650372,23.678437464650372,-36.13373640264058
28680,ME,2021,2022,49.26,58.98601441752763,-9.72601441752763,9.72601441752763,-19.74424364094119
28686,ME,2021,2022,65.67692307692307,59.123482634768735,6.55344044215434,6.55344044215434,9.978300040759711
28698,ME,2021,2022,66.43913043478261,64.91215139459605,1.5269790401865606,1.5269790401865606,2.298312801799024
28710,ME,2021,2022,51.24842105263158,52.712582478730766,-1.4641614260991886,1.4641614260991886,-2.8569883637888287
28716,ME,2021,2022,49.695,50.17838326705675,-0.4833832670567517,0.4833832670567517,-0.9727000041387499
28722,ME,2021,2022,43.96521739130435,42.95077674194562,1.0144406493587326,1.0144406493587326,2.307370939008193
29046,ME,2021,2022,59.13746630727763,66.95089717906595,-7.81343087178832,7.81343087178832,-13.212319295503494
29058,ME,2021,2022,108.19781818181818,135.3075668523816,-27.10974867056342,27.10974867056342,-25.055725823424236
29082,ME,2021,2022,77.19367088607595,82.54257678363001,-5.3489058975540615,5.3489058975540615,-6.929202661508467
29088,ME,2021,2022,104.9967741935484,134.36172513413905,-29.364950940590646,29.364950940590646,-27.967479159369258
29094,ME,2021,2022,82.66859903381642,94.26442486535665,-11.595825831540225,11.595825831540225,-14.02688078310948
29118,ME,2021,2022,62.98636363636364,85.48114489422625,-22.494781257862606,22.494781257862606,-35.713732241681264
29124,ME,2021,2022,81.04074074074074,93.1565563512435,-12.11581561050275,12.11581561050275,-14.950277477426729
29136,ME,2021,2022,109.2519801980198,118.98461300937439,-9.732632811354591,9.732632811354591,-8.90842691703541
29148,ME,2021,2022,65.80375,78.30011939674633,-12.496369396746331,12.496369396746331,-18.990360574809692
29154,ME,2021,2022,95.3125,104.40994623568503,-9.097446235685027,9.097446235685027,-9.544861624325273
29160,ME,2021,2022,84.0732558139535,95.62526154725342,-11.552005733299922,11.552005733299922,-13.740404866517201
29166,ME,2021,2022,63.42702702702703,67.01235673548496,-3.5853297084579268,3.5853297084579268,-5.652684473024684
29172,ME,2021,2022,74.83065326633165,87.81027112848648,-12.979617862154825,12.979617862154825,-17.345322131505043
29178,ME,2021,2022,71.53548387096774,82.72702503219028,-11.191541161222545,11.191541161222545,-15.644740981146235
29184,ME,2021,2022,62.17102803738318,63.430656532389506,-1.259628495006325,1.259628495006325,-2.0260699151523047
29406,ME,2021,2022,58.76937919463087,62.25690676461723,-3.487527569986355,3.487527569986355,-5.934259673624344
29460,ME,2021,2022,63.75922330097087,67.01085846140774,-3.2516351604368623,3.2516351604368623,-5.099866328496114
29466,ME,2021,2022,49.28314606741573,51.548514615168166,-2.2653685477524377,2.2653685477524377,-4.596639477223268
29472,ME,2021,2022,50.68958333333333,51.34342828242061,-0.6538449490872793,0.6538449490872793,-1.2899000269692742
29490,ME,2021,2022,70.14360086767896,71.48002089061588,-1.3364200229369203,1.3364200229369203,-1.9052629269175732
29502,ME,2021,2022,87.7239263803681,104.02989469023413,-16.30596830986603,16.30596830986603,-18.58782316601275
29508,ME,2021,2022,111.97142857142858,100.27457300707613,11.696855564352447,11.696855564352447,10.446285908454596
29520,ME,2021,2022,48.84857142857143,48.090361193236156,0.7582102353352766,0.7582102353352766,1.552164604125559
29526,ME,2021,2022,54.282051282051285,54.88704214228054,-0.6049908602292575,0.6049908602292575,-1.114532052382666
29532,ME,2021,2022,53.99591836734694,55.465362958121176,-1.4694445907742377,1.4694445907742377,-2.721399385741086
29538,ME,2021,2022,48.96,40.83026295132101,8.12973704867899,8.12973704867899,16.60485508308617
29544,ME,2021,2022,52.99320388349515,53.551230196903944,-0.5580263134087957,0.5580263134087957,-1.0530148632560679
29562,ME,2021,2022,56.88291139240506,57.694239686754955,-0.8113282943498916,0.8113282943498916,-1.426312884642925
29568,ME,2021,2022,52.28019801980198,52.93273752797848,-0.6525395081765026,0.6525395081765026,-1.2481580653717925
29574,ME,2021,2022,46.56976744186046,48.06249259327247,-1.492725151412003,1.492725151412003,-3.2053523850544883
29580,ME,2021,2022,47.48622448979592,48.4631803250598,-0.9769558352638796,0.9769558352638796,-2.057345779245543
29592,ME,2021,2022,71.10714285714286,72.14523861840759,-1.038095761264728,1.038095761264728,-1.459903632115137
29616,ME,2021,2022,73.92142857142858,70.03305673717428,3.8883718342543006,3.8883718342543006,5.260141625235308
29622,ME,2021,2022,57.11645161290323,57.27982842283095,-0.16337680992772619,0.16337680992772619,-0.28604159627244347
29628,ME,2021,2022,65.88567774936061,63.39416172862341,2.491516020737201,2.491516020737201,3.7815745482885013
29634,ME,2021,2022,53.04565217391304,51.97193801662824,1.0737141572847975,1.0737141572847975,2.024132258313212
29646,ME,2021,2022,55.07931034482758,60.887344974298415,-5.808034629470832,5.808034629470832,-10.544857212461913
29652,ME,2021,2022,42.08269230769231,46.60745762506108,-4.524765317368768,4.524765317368768,-10.752081364674675
29658,ME,2021,2022,51.07654320987654,50.49865964080453,0.5778835690720072,0.5778835690720072,1.1314069683561971
29670,ME,2021,2022,81.23728813559322,72.11491338085716,9.122374754736057,9.122374754736057,11.229295024607291
29682,ME,2021,2022,97.37422680412372,93.2825616899472,4.0916651141765215,4.0916651141765215,4.202000106668105
29694,ME,2021,2022,53.162962962962965,68.40986896873045,-15.246906005767485,15.246906005767485,-28.67956403481414
29700,ME,2021,2022,54.50531400966184,53.60162354322697,0.9036904664348668,0.9036904664348668,1.6579859833018757
29706,ME,2021,2022,56.36078431372549,57.46269437228837,-1.1019100585628792,1.1019100585628792,-1.9551006466290994
29712,ME,2021,2022,64.24193548387096,66.1374536822897,-1.895518198418742,1.895518198418742,-2.9505932287713286
29718,ME,2021,2022,60.543125,62.09829772898417,-1.555172728984168,1.555172728984168,-2.568702439763669
29730,ME,2021,2022,56.505405405405405,55.895537124751584,0.6098682806538207,0.6098682806538207,1.0793096275979992
29736,ME,2021,2022,51.097297297297295,56.034019414107135,-4.93672211680984,4.93672211680984,-9.66141533491823
29742,ME,2021,2022,59.83299492385787,63.587812956457185,-3.7548180325993172,3.7548180325993172,-6.27549738631271
29748,ME,2021,2022,60.41935483870968,61.0824303113825,-0.6630754726728227,0.6630754726728227,-1.0974554005796853
29766,ME,2021,2022,52.25333333333333,52.16288333987924,0.09044999345409366,0.09044999345409366,0.17309899232092432
29778,ME,2021,2022,78.14879356568365,76.61553537616298,1.5332581895206658,1.5332581895206658,1.9619729487339692
29790,ME,2021,2022,53.00561797752809,53.64629743944968,-0.640679461921593,0.640679461921593,-1.2087010516379815
29796,ME,2021,2022,51.654794520547945,52.667789906235946,-1.0129953856880007,1.0129953856880007,-1.9610868557129537
29802,ME,2021,2022,61.8320652173913,65.9102724865501,-4.078207269158796,4.078207269158796,-6.595618721161091
29814,ME,2021,2022,52.65846153846154,53.388263291455615,-0.7298017529940779,0.7298017529940779,-1.385915447721604
29820,ME,2021,2022,84.39655172413794,91.718054262937,-7.321502538799066,7.321502538799066,-8.67512047498153
29826,ME,2021,2022,55.42604166666667,56.135356286858666,-0.7093146201919964,0.7093146201919964,-1.279749732910441
29838,ME,2021,2022,83.57671232876713,77.19982534647568,6.3768869822914525,6.3768869822914525,7.629980654427497
29844,ME,2021,2022,52.82323943661972,56.67285196318341,-3.849612526563689,3.849612526563689,-7.287725189937791
29856,ME,2021,2022,63.06739606126914,64.03640547734139,-0.9690094160722467,0.9690094160722467,-1.5364665050240331
29868,ME,2021,2022,75.19411764705882,76.59731583822239,-1.4031981911635683,1.4031981911635683,-1.8661010130470674
29874,ME,2021,2022,51.65192307692308,48.35834225686612,3.2935808200569596,3.2935808200569596,6.3764921494829245
29886,ME,2021,2022,63.126315789473686,74.21156772784445,-11.085251938370767,11.085251938370767,-17.56042911697887
29892,ME,2021,2022,60.06111111111111,62.24639629867354,-2.185285187562428,2.185285187562428,-3.6384361646585615
29898,ME,2021,2022,53.0775,53.985672969534704,-0.9081729695347036,0.9081729695347036,-1.7110319241386718
29904,ME,2021,2022,47.63076923076923,55.031176122898515,-7.400406892129283,7.400406892129283,-15.537029973785637
29916,ME,2021,2022,51.34285714285714,51.37954876372886,-0.0366916208717214,0.0366916208717214,-0.0714639249031858
29922,ME,2021,2022,53.08510638297872,51.69231871752861,1.3927876654501148,1.3927876654501148,2.623688187421058
29928,ME,2021,2022,51.73139534883721,54.77516673636503,-3.043771387527819,3.043771387527819,-5.883799126242272
29934,ME,2021,2022,69.31009174311927,69.42043610970877,-0.11034436658950142,0.11034436658950142,-0.1592038963077203
30006,VT,2021,2022,69.46105527638191,76.02605609911515,-6.565000822733239,6.565000822733239,-9.45134046209267
30192,VT,2021,2022,66.1758064516129,69.70145827912245,-3.5256518275095488,3.5256518275095488,-5.3277051184672315
30198,VT,2021,2022,67.36709677419354,71.90218560856633,-4.535088834372786,4.535088834372786,-6.731904819312404
30204,VT,2021,2022,63.02105263157895,74.19079983186661,-11.169747200287667,11.169747200287667,-17.72383470899162
30210,VT,2021,2022,81.86666666666666,78.18419356321756,3.682473103449098,3.682473103449098,4.498134898349876
30216,VT,2021,2022,74.76122448979592,92.44458000827267,-17.683355518476745,17.683355518476745,-23.653111140375085
30222,VT,2021,2022,87.67755102040816,145.82628540214583,-58.14873438173767,58.14873438173767,-66.321120634634
30228,VT,2021,2022,65.28970588235295,77.69855527793327,-12.408849395580319,12.408849395580319,-19.005828296944873
30234,VT,2021,2022,62.07872340425532,61.157278665694456,0.9214447385608651,0.9214447385608651,1.48431650657575
30240,VT,2021,2022,67.6448275862069,73.57422679611862,-5.929399209911722,5.929399209911722,-8.765487948587445
30246,VT,2021,2022,51.57333333333333,61.4567187717341,-9.883385438400772,9.883385438400772,-19.163751496382055
30252,VT,2021,2022,57.59032258064517,63.0870479076441,-5.496725326998927,5.496725326998927,-9.544529498513791
30258,VT,2021,2022,88.0,104.03078241067229,-16.030782410672288,16.030782410672288,-18.21679819394578
30270,VT,2021,2022,74.06962025316456,78.94794372583509,-4.87832347267053,4.87832347267053,-6.586132689754283
30276,VT,2021,2022,63.18571428571428,65.31136085816509,-2.1256465724508047,2.1256465724508047,-3.364125255970073
30288,VT,2021,2022,86.39416058394161,103.38805509418302,-16.993894510241404,16.993894510241404,-19.67018881296952
30306,VT,2021,2022,59.16274509803922,60.487250191601014,-1.3245050935617968,1.3245050935617968,-2.238748542460201
30312,VT,2021,2022,57.62222222222222,61.53745772949773,-3.9152355072755114,3.9152355072755114,-6.794662469240185
30318,VT,2021,2022,125.70666666666666,141.162220243125,-15.455553576458342,15.455553576458342,-12.294935492515654
30330,VT,2021,2022,186.45367231638417,236.05711113018785,-49.60343881380368,49.60343881380368,-26.603626626154092
30336,VT,2021,2022,68.11666666666666,86.78685820953363,-18.670191542866974,18.670191542866974,-27.409138550820128
30348,VT,2021,2022,66.77894736842106,72.97814756853555,-6.19920020011449,6.19920020011449,-9.283165495127308
30360,VT,2021,2022,64.75967741935484,67.88620966383904,-3.1265322444841956,3.1265322444841956,-4.827899657742525
30366,VT,2021,2022,79.3638888888889,79.2334921185202,0.1303967703686908,0.1303967703686908,0.1643023952004784
30372,VT,2021,2022,88.28108108108108,113.03788812195924,-24.756807040878158,24.756807040878158,-28.04316251875128
30390,VT,2021,2022,77.43548387096774,84.05548212249951,-6.619998251531769,6.619998251531769,-8.549050022807116
30402,VT,2021,2022,112.64666666666666,111.55813041464322,1.0885362520234452,1.0885362520234452,0.9663279742174161
30408,VT,2021,2022,66.1189024390244,70.59451580129743,-4.475613362273037,4.475613362273037,-6.769037593145923
30414,VT,2021,2022,55.2939393939394,59.558361918028204,-4.264422524088808,4.264422524088808,-7.712278363288795
30420,VT,2021,2022,91.89354838709676,104.72110452123756,-12.827556134140806,12.827556134140806,-13.959147686957737
30426,VT,2021,2022,166.4294117647059,249.47458235566697,-83.04517059096108,83.04517059096108,-49.8981338156554
30432,VT,2021,2022,108.16818181818182,110.25608326186435,-2.087901443682526,2.087901443682526,-1.9302362382239597
30450,VT,2021,2022,99.58939393939394,105.09456136871385,-5.505167429319911,5.505167429319911,-5.527865178766056
30456,VT,2021,2022,49.135714285714286,55.61743098317217,-6.481716697457884,6.481716697457884,-13.19145715429719
30462,VT,2021,2022,78.28275862068965,86.25727873085857,-7.974520110168925,7.974520110168925,-10.18681539929957
30474,VT,2021,2022,67.44857142857143,67.79231082379972,-0.34373939522829744,0.34373939522829744,-0.5096318394116326
30486,VT,2021,2022,50.753488372093024,51.09811904314633,-0.34463067105330936,0.34463067105330936,-0.6790285399235843
30498,VT,2021,2022,50.62307692307692,66.41990652212543,-15.796829599048507,15.796829599048507,-31.20479939031007
30504,VT,2021,2022,57.03636363636364,62.367142240036316,-5.330778603672677,5.330778603672677,-9.34628062486443
30516,VT,2021,2022,59.085,62.04787801944904,-2.962878019449036,2.962878019449036,-5.014602723955379
30534,VT,2021,2022,69.67873303167421,74.20549188078284,-4.5267588491086315,4.5267588491086315,-6.496614751951474
30546,VT,2021,2022,146.31525423728814,186.48505463124806,-40.16980039395992,40.16980039395992,-27.454280555610534
30606,VT,2021,2022,52.53865979381443,54.06158968239144,-1.5229298885770106,1.5229298885770106,-2.898684310855433
30852,VT,2021,2022,67.42571428571429,82.49250391733436,-15.066789631620068,15.066789631620068,-22.345761985961367
30858,VT,2021,2022,72.02067510548524,77.40403560748403,-5.383360501998794,5.383360501998794,-7.474743181890539
30876,VT,2021,2022,88.18064516129033,92.117910475999,-3.937265314708668,3.937265314708668,-4.464999442345944
30888,VT,2021,2022,102.21176470588236,106.47523476871706,-4.263470062834699,4.263470062834699,-4.171212653556047
30894,VT,2021,2022,80.3234375,97.08885336786295,-16.765415867862956,16.765415867862956,-20.872383440839364
30900,VT,2021,2022,51.90408163265306,55.871210340980795,-3.967128708327735,3.967128708327735,-7.643192179768765
30906,VT,2021,2022,71.11571428571429,78.52872235532553,-7.413008069611237,7.413008069611237,-10.42386783858875
30912,VT,2021,2022,110.04347826086956,140.5706641832296,-30.527185922360047,30.527185922360047,-27.74102237116875
30918,VT,2021,2022,62.27619047619048,64.34380251924739,-2.0676120430569114,2.0676120430569114,-3.320068275286369
30924,VT,2021,2022,80.19767441860465,79.07001534054446,1.1276590780601907,1.1276590780601907,1.406099473875256
30930,VT,2021,2022,84.08545454545454,105.16028906165094,-21.074834516196404,21.074834516196404,-25.063591117062778
30936,VT,2021,2022,61.04046511627907,62.80865632957518,-1.768191213296106,1.768191213296106,-2.896752522982564
30948,VT,2021,2022,43.63,44.79082868360046,-1.1608286836004567,1.1608286836004567,-2.660620407060409
30966,VT,2021,2022,142.89032258064515,165.99068307960525,-23.1003604989601,23.1003604989601,-16.16649754984114
31206,VT,2021,2022,56.68825174825175,60.15055802224957,-3.462306273997818,3.462306273997818,-6.107625772926741
31500,VT,2021,2022,77.51538461538462,91.70489073670817,-14.189506121323546,14.189506121323546,-18.305406328987406
31506,VT,2021,2022,183.54025974025973,212.37081351234144,-28.830553772081714,28.830553772081714,-15.708027117800633
31512,VT,2021,2022,59.47368421052632,74.66767199009617,-15.193987779569845,15.193987779569845,-25.547413080692653
31518,VT,2021,2022,87.7,87.57180191443538,0.12819808556461965,0.12819808556461965,0.14617797669854007
31530,VT,2021,2022,120.80444444444444,134.67775373073627,-13.873309286291828,13.873309286291828,-11.484105034456647
31542,VT,2021,2022,67.2780303030303,77.92904533139983,-10.651015028369528,10.651015028369528,-15.831341940891797
31560,VT,2021,2022,78.75882352941177,84.97854185476196,-6.219718325350186,6.219718325350186,-7.897170179322814
31566,VT,2021,2022,57.59747899159664,64.61401471239,-7.016535720793364,7.016535720793364,-12.182018802970635
31572,VT,2021,2022,86.61229508196722,89.68462880505774,-3.072333723090523,3.072333723090523,-3.5472258530765877
31806,VT,2021,2022,65.76791443850267,75.01051124506083,-9.242596806558154,9.242596806558154,-14.053352437077187
32040,VT,2021,2022,164.29795918367347,162.99940110717492,1.2985580764985514,1.2985580764985514,0.7903677458627806
32046,VT,2021,2022,81.06818181818181,82.65009858546476,-1.581916767282948,1.581916767282948,-1.9513411202817414
32052,VT,2021,2022,65.0909090909091,72.55873736820604,-7.467828277296945,7.467828277296945,-11.472920537746703
32058,VT,2021,2022,73.3232558139535,73.59545895755122,-0.27220314359772146,0.27220314359772146,-0.3712371205779448
32070,VT,2021,2022,76.66951219512195,87.59821935557109,-10.928707160449136,10.928707160449136,-14.254306369702544
32076,VT,2021,2022,74.97991452991452,87.73868192831783,-12.758767398403307,12.758767398403307,-17.01624692211803
32100,VT,2021,2022,63.443243243243245,70.70381134727717,-7.260568104033922,7.260568104033922,-11.44419442145587
32112,VT,2021,2022,75.08333333333333,80.89358295078154,-5.810249617448207,5.810249617448207,-7.738401266301718
32118,VT,2021,2022,71.33148148148148,75.16867642147346,-3.8371949399919885,3.8371949399919885,-5.379384894716047
32124,VT,2021,2022,67.23873873873873,70.75058282819849,-3.511844089459757,3.511844089459757,-5.222947597374329
32130,VT,2021,2022,62.44166666666667,65.85377903745216,-3.4121123707854863,3.4121123707854863,-5.464479974566373
32136,VT,2021,2022,72.6,78.82328923341299,-6.2232892334129986,6.2232892334129986,-8.57202373748347
32148,VT,2021,2022,62.21578947368421,67.8689356339174,-5.653146160233192,5.653146160233192,-9.086352850387499
32154,VT,2021,2022,70.23703703703704,72.06557136596679,-1.8285343289297487,1.8285343289297487,-2.6033762329204393
32160,VT,2021,2022,77.31739130434782,74.32973057895627,2.9876607253915495,2.9876607253915495,3.8641509691281355
32166,VT,2021,2022,71.58421052631579,74.13719719906318,-2.5529866727473944,2.5529866727473944,-3.566410321461694
32172,VT,2021,2022,91.2375,110.2873232006117,-19.049823200611698,19.049823200611698,-20.879378764884724
32178,VT,2021,2022,72.44333333333333,78.45863551094659,-6.015302177613265,6.015302177613265,-8.303458580425986
32406,VT,2021,2022,77.71724137931035,85.46592424883005,-7.748682869519698,7.748682869519698,-9.97035243659913
32418,VT,2021,2022,105.40523560209424,115.76014732574151,-10.354911723647277,10.354911723647277,-9.82390643548027
32424,VT,2021,2022,60.69653465346535,59.927053063834,0.7694815896313472,0.7694815896313472,1.2677520949499794
32448,VT,2021,2022,82.14018867924528,88.90066701039558,-6.760478331150296,6.760478331150296,-8.23041490390257
32640,VT,2021,2022,62.42612612612613,66.65857957343923,-4.232453447313098,4.232453447313098,-6.779939281770941
32646,VT,2021,2022,64.19393939393939,62.36281431548705,1.831125078452338,1.831125078452338,2.8524890289334954
32652,VT,2021,2022,54.90588235294118,56.46776015596478,-1.5618778030236058,1.5618778030236058,-2.8446456665311013
32658,VT,2021,2022,75.34553314121038,82.6235108430069,-7.277977701796516,7.277977701796516,-9.659468051219896
32664,VT,2021,2022,78.834,80.87669294643155,-2.0426929464315435,2.0426929464315435,-2.5911319309327747
32670,VT,2021,2022,209.51206030150755,292.20484359737094,-82.69278329586339,82.69278329586339,-39.469223479001975
32676,VT,2021,2022,93.28320268756998,98.69907682162824,-5.415874134058257,5.415874134058257,-5.805840685163272
32688,VT,2021,2022,79.745,81.5239937998593,-1.7789937998592933,1.7789937998592933,-2.2308530940614375
32700,VT,2021,2022,62.89543726235741,63.77613779685881,-0.8807005345014005,0.8807005345014005,-1.4002614066068275
32712,VT,2021,2022,88.87988313856427,95.32963504839361,-6.449751909829345,6.449751909829345,-7.256706109496277
32724,VT,2021,2022,87.62338129496403,84.71480301847339,2.908578276490644,2.908578276490644,3.319408853556543
32730,VT,2021,2022,78.7235294117647,83.17758052088693,-4.454051109122233,4.454051109122233,-5.657839711206602
32736,VT,2021,2022,85.4030303030303,88.27776570391089,-2.8747354008805814,2.8747354008805814,-3.3660812627846286
32742,VT,2021,2022,66.76296296296296,64.29530156075798,2.467661402204982,2.467661402204982,3.6961532153297747
32748,VT,2021,2022,93.64789915966388,98.82524392277642,-5.1773447631125435,5.1773447631125435,-5.5285220592994735
32754,VT,2021,2022,60.33092783505155,58.46437270170591,1.866555133345635,1.866555133345635,3.093861142744085
32766,VT,2021,2022,100.17537313432835,111.26573198675959,-11.090358852431237,11.090358852431237,-11.07094339200496
32772,VT,2021,2022,88.38285714285715,102.3448564044277,-13.961999261570554,13.961999261570554,-15.797180259745566
32778,VT,2021,2022,78.91923076923077,87.29101388021925,-8.371783110988488,8.371783110988488,-10.608039421302243
32784,VT,2021,2022,73.67483870967742,75.6689757097506,-1.9941370000731808,1.9941370000731808,-2.706673044689333
32790,VT,2021,2022,107.61279461279462,116.81878160102717,-9.205986988232553,9.205986988232553,-8.554732753997273
32808,VT,2021,2022,76.23991769547325,75.41698046228952,0.8229372331837368,0.8229372331837368,1.079404671540718
32826,VT,2021,2022,67.62142857142857,68.94500260197432,-1.3235740305457568,1.3235740305457568,-1.9573292941418186
32832,VT,2021,2022,85.71122448979592,93.00555569123112,-7.294331201435199,7.294331201435199,-8.510357009662838
32838,VT,2021,2022,107.34342105263158,103.1888012170179,4.154619835613687,4.154619835613687,3.8704000625959503
32844,VT,2021,2022,100.76666666666668,141.17948077539467,-40.412814108727986,40.412814108727986,-40.10533983664702
32856,VT,2021,2022,51.597841726618704,50.347694602890854,1.2501471237278494,1.2501471237278494,2.4228670849286966
32862,VT,2021,2022,101.93765182186236,107.65952363212253,-5.7218718102601684,5.7218718102601684,-5.613109295728362
32868,VT,2021,2022,71.81197007481296,72.04920105374103,-0.23723097892806777,0.23723097892806777,-0.3303501890853614
32892,VT,2021,2022,186.48390804597705,219.64894044544747,-33.16503239947042,33.16503239947042,-17.784393702910645
32898,VT,2021,2022,71.51428571428572,63.14920815676886,8.365077557516862,8.365077557516862,11.697072094010794
32916,VT,2021,2022,131.2157894736842,177.63258751700118,-46.41679804331699,46.41679804331699,-35.374399856524924
32922,VT,2021,2022,68.72692307692307,70.77244875731581,-2.0455256803927426,2.0455256803927426,-2.9763091213952273
32928,VT,2021,2022,71.31813602015113,71.92429323578835,-0.606157215637225,0.606157215637225,-0.8499341814906012
32934,VT,2021,2022,105.9622754491018,118.3827908494753,-12.420515400373503,12.420515400373503,-11.72163899626675
32946,VT,2021,2022,75.02616822429907,80.69241082933763,-5.666242605038562,5.666242605038562,-7.552355050438801
32952,VT,2021,2022,60.76829268292683,62.597642771957,-1.8293500890301715,1.8293500890301715,-3.0103694019762006
32964,VT,2021,2022,101.54329896907215,111.82140575123302,-10.278106782160862,10.278106782160862,-10.12189567062554
32970,VT,2021,2022,118.34614173228348,124.28634121224567,-5.940199479962189,5.940199479962189,-5.019343590769356
33612,VT,2021,2022,84.235,92.42169750592625,-8.186697505926247,8.186697505926247,-9.718878739153853
33846,VT,2021,2022,70.34144893111639,69.7354426682116,0.6060062629047849,0.6060062629047849,0.8615208701461801
33882,VT,2021,2022,58.79622641509434,61.669048751552,-2.8728223364576593,2.8728223364576593,-4.886065844049033
33888,VT,2021,2022,82.22,93.0010424498497,-10.781042449849707,10.781042449849707,-13.112433045304922
33894,VT,2021,2022,61.81454545454545,63.86830818492478,-2.0537627303793258,2.0537627303793258,-3.322458679065325
33900,VT,2021,2022,74.11636363636363,79.59543821993492,-5.47907458357129,5.47907458357129,-7.392530225110907
33906,VT,2021,2022,82.47888888888889,88.29904064407087,-5.820151755181982,5.820151755181982,-7.056535112909409
33912,VT,2021,2022,51.01489361702128,51.252400107765645,-0.2375064907443658,0.2375064907443658,-0.4655630422899108
33918,VT,2021,2022,47.7,56.59690491254312,-8.896904912543114,8.896904912543114,-18.651792269482417
33924,VT,2021,2022,61.15873015873016,59.350156500977825,1.8085736577523335,1.8085736577523335,2.9571798712275372
33930,VT,2021,2022,72.6025,74.39750739385413,-1.795007393854121,1.795007393854121,-2.4723768380622166
33936,VT,2021,2022,54.61420118343195,56.989858766189045,-2.3756575827570927,2.3756575827570927,-4.349889829529878
33948,VT,2021,2022,61.04358974358974,65.76870374375456,-4.725114000164815,4.725114000164815,-7.740557231336489
33960,VT,2021,2022,108.2,111.14057063143854,-2.9405706314385327,2.9405706314385327,-2.717717773972766
33966,VT,2021,2022,73.64068322981366,85.86418778713212,-12.223504557318464,12.223504557318464,-16.598847296367477
33978,VT,2021,2022,67.57224489795918,68.84046074655667,-1.2682158485974924,1.2682158485974924,-1.8768295333574083
34002,VT,2021,2022,71.21935483870968,77.60139705149116,-6.382042212781485,6.382042212781485,-8.961106467806236
34014,VT,2021,2022,59.52692307692308,61.41657343393441,-1.8896503570113268,1.8896503570113268,-3.1744465518055494
34032,VT,2021,2022,164.39724137931034,202.88259285329917,-38.48535147398883,38.48535147398883,-23.409974006310954
34038,VT,2021,2022,101.66942675159235,117.55397624790088,-15.884549496308523,15.884549496308523,-15.623722886840943
34044,VT,2021,2022,99.66382978723404,156.46711753491297,-56.80328774767894,56.80328774767894,-56.99488758253085
34050,VT,2021,2022,57.86296296296296,59.8489130489293,-1.985950085966337,1.985950085966337,-3.432161065166172
34056,VT,2021,2022,85.74270462633451,92.92967777471527,-7.186973148380758,7.186973148380758,-8.382022913437924
34062,VT,2021,2022,131.2921875,155.5161307757993,-24.223943275799286,24.223943275799286,-18.450407245898987
34074,VT,2021,2022,60.42542372881356,60.74592194588944,-0.32049821707587967,0.32049821707587967,-0.5304029285988303
34080,VT,2021,2022,62.24907407407407,62.24307381236544,0.006000261708635435,0.006000261708635435,0.009639118007595338
34086,VT,2021,2022,58.355555555555554,60.609467811274406,-2.253912255718852,2.253912255718852,-3.862378199061247
34092,VT,2021,2022,69.0241935483871,87.54111952476863,-18.51692597638153,18.51692597638153,-26.826718320730336
34206,VT,2021,2022,70.51739130434783,73.7593314958112,-3.241940191463371,3.241940191463371,-4.597362624308375
34380,VT,2021,2022,95.56666666666666,97.13368062720929,-1.5670139605426243,1.5670139605426243,-1.6397076671181978
34392,VT,2021,2022,74.80196078431372,83.50501643873795,-8.703055654424233,8.703055654424233,-11.634796151291932
34398,VT,2021,2022,66.83236245954693,71.46437737646026,-4.6320149169133344,4.6320149169133344,-6.930796318500717
34404,VT,2021,2022,72.5865671641791,80.53106126874758,-7.944494104568477,7.944494104568477,-10.944854419963564
34410,VT,2021,2022,65.028,68.00381654341798,-2.9758165434179773,2.9758165434179773,-4.576208007962689
34416,VT,2021,2022,77.77777777777777,73.79775134817073,3.9800264296070367,3.9800264296070367,5.11717683806619
34422,VT,2021,2022,82.86,88.21405231633389,-5.354052316333892,5.354052316333892,-6.461564465766223
34428,VT,2021,2022,84.26379310344828,96.1583939598202,-11.894600856371923,11.894600856371923,-14.115909595678014
34434,VT,2021,2022,63.72258064516129,68.41833438255276,-4.69575373739147,4.69575373739147,-7.3690577026999895
34452,VT,2021,2022,67.8625,74.24190996236217,-6.379409962362175,6.379409962362175,-9.400493589776644
34458,VT,2021,2022,58.41634615384616,58.159680008581525,0.2566661452646386,0.2566661452646386,0.43937384339081875
34464,VT,2021,2022,65.33,64.26332067539994,1.0666793246000594,1.0666793246000594,1.6327557394765948
34482,VT,2021,2022,50.58,53.29233499668553,-2.7123349966855343,2.7123349966855343,-5.362465394791487
34488,VT,2021,2022,48.0375,57.68046675555789,-9.642966755557886,9.642966755557886,-20.07383139330291
34506,VT,2021,2022,105.48686868686868,123.23991060001093,-17.753041913142255,17.753041913142255,-16.829622619513977
34518,VT,2021,2022,101.7812356979405,131.37117057363565,-29.58993487569515,29.58993487569515,-29.072092387942867
34542,VT,2021,2022,62.404,66.8758138197075,-4.471813819707499,4.471813819707499,-7.165908947675629
34548,VT,2021,2022,63.6175,69.60967246035915,-5.99217246035915,5.99217246035915,-9.419063088551342
34554,VT,2021,2022,64.81904761904762,71.08241399552642,-6.2633663764788,6.2633663764788,-9.662848509113633
34560,VT,2021,2022,67.18333333333334,70.67733838249285,-3.4940050491595116,3.4940050491595116,-5.200702132214604
34566,VT,2021,2022,76.45,84.42766685418945,-7.977666854189451,7.977666854189451,-10.435143040143165
34572,VT,2021,2022,80.82068965517242,110.50431202885069,-29.683622373678276,29.683622373678276,-36.72775189165756
34578,VT,2021,2022,76.45384615384616,81.40651774521139,-4.952671591365231,4.952671591365231,-6.477988800457592
34584,VT,2021,2022,60.25675675675676,61.66386807818637,-1.4071113214296105,1.4071113214296105,-2.335192594433532
34590,VT,2021,2022,62.7314606741573,63.21873227828269,-0.4872716041253895,0.4872716041253895,-0.7767579439229043
34602,VT,2021,2022,69.51186440677967,78.92047186015009,-9.408607453370422,9.408607453370422,-13.535254065855234
34614,VT,2021,2022,73.34426229508196,74.38166459848973,-1.0374023034077737,1.0374023034077737,-1.414428710502329
34620,VT,2021,2022,68.9578947368421,72.35244204892366,-3.3945473120815564,3.3945473120815564,-4.922637683525384
34632,VT,2021,2022,65.46,68.63806655169752,-3.178066551697526,3.178066551697526,-4.854974872742937
34638,VT,2021,2022,73.43047619047618,77.61464621715358,-4.184170026677393,4.184170026677393,-5.6981382169220804
34644,VT,2021,2022,73.55,78.24772878867303,-4.697728788673032,4.697728788673032,-6.387122758223021
34650,VT,2021,2022,63.06333333333333,61.74495078028385,1.3183825530494815,1.3183825530494815,2.0905690888252257
34656,VT,2021,2022,52.04285714285714,51.42730118460926,0.6155559582478745,0.6155559582478745,1.1827866340200717
34662,VT,2021,2022,62.30681818181818,63.13478423522409,-0.827966053405909,0.827966053405909,-1.32885304942039
34668,VT,2021,2022,55.96052631578947,64.36200824936202,-8.401481933572548,8.401481933572548,-15.01322894313458
34914,VT,2021,2022,62.86555819477434,64.86335685652597,-1.9977986617516308,1.9977986617516308,-3.1778905956134444
34920,VT,2021,2022,50.35,49.97412184525914,0.3758781547408603,0.3758781547408603,0.7465305953145189
34926,VT,2021,2022,76.8,79.1757328852485,-2.375732885248496,2.375732885248496,-3.0934021943339793
34932,VT,2021,2022,53.3734693877551,55.10548785509948,-1.732018467344382,1.732018467344382,-3.2450925285770165
34944,VT,2021,2022,56.83220338983051,57.08249067259661,-0.25028728276610224,0.25028728276610224,-0.4403969366615977
34956,VT,2021,2022,62.03414634146341,66.63304643011706,-4.59890008865365,4.59890008865365,-7.4134978231815545
34962,VT,2021,2022,120.472,155.5774853789892,-35.1054853789892,35.1054853789892,-29.139953996770373
34968,VT,2021,2022,96.59454545454544,87.52517321371947,9.06937224082597,9.06937224082597,9.389114259141838
34974,VT,2021,2022,66.32692307692308,71.55660840191067,-5.229685324987585,5.229685324987585,-7.884709681048258
34980,VT,2021,2022,54.02716049382716,54.16865747737441,-0.14149698354724904,0.14149698354724904,-0.2618997227578075
34992,VT,2021,2022,96.11481481481482,104.98304539850774,-8.86823058369292,8.86823058369292,-9.226705165878341
35016,VT,2021,2022,57.45,65.04974770928116,-7.599747709281161,7.599747709281161,-13.228455542700019
35022,VT,2021,2022,50.54705882352941,52.73292016141855,-2.1858613378891363,2.1858613378891363,-4.324408558607624
35034,VT,2021,2022,58.46842105263158,63.793276933142714,-5.324855880511137,5.324855880511137,-9.107233930120769
35046,VT,2021,2022,104.63333333333334,102.41228916025139,2.2210441730819497,2.2210441730819497,2.122692742671503
35052,VT,2021,2022,49.75333333333333,51.021432030552944,-1.2680986972196138,1.2680986972196138,-2.548771333015437
35058,VT,2021,2022,53.91159420289855,54.710785654507674,-0.7991914516091256,0.7991914516091256,-1.4824110906483956
35070,VT,2021,2022,54.87301587301587,61.375316924324125,-6.502301051308251,6.502301051308251,-11.849724218467452
35076,VT,2021,2022,51.22063492063492,53.05724236144646,-1.836607440811541,1.836607440811541,-3.5856787867962154
35082,VT,2021,2022,50.65238095238095,50.684390245493326,-0.03200929311237388,0.03200929311237388,-0.06319405427844801
35100,VT,2021,2022,46.784615384615385,47.58450737696466,-0.7998919923492736,0.7998919923492736,-1.7097329662184406
35106,VT,2021,2022,57.57700729927007,61.7799109577255,-4.202903658455426,4.202903658455426,-7.2996215947971095
35118,VT,2021,2022,63.36923076923077,68.38766217757644,-5.018431408345677,5.018431408345677,-7.919350365197111
35130,VT,2021,2022,60.70311614730878,62.912929861243086,-2.2098137139343024,2.2098137139343024,-3.6403628910445516
35142,VT,2021,2022,56.85333333333333,64.62620755196562,-7.772874218632289,7.772874218632289,-13.671800337650602
35148,VT,2021,2022,44.17333333333333,45.79384719448533,-1.6205138611519985,1.6205138611519985,-3.66853424649562
35154,VT,2021,2022,50.74368932038835,54.4190160549702,-3.6753267345818514,3.6753267345818514,-7.242923768069695
35160,VT,2021,2022,54.82272727272727,57.17608937433349,-2.3533621016062227,2.3533621016062227,-4.292676082856886
35172,VT,2021,2022,87.48947368421052,99.22882335821923,-11.739349674008707,11.739349674008707,-13.418013824590352
35196,VT,2021,2022,48.94166666666667,56.2462331335197,-7.304566466853032,7.304566466853032,-14.925046416181914
35202,VT,2021,2022,55.80833333333333,55.1389821531292,0.6693511802041314,0.6693511802041314,1.1993749682618453
35208,VT,2021,2022,53.28947368421053,57.022758344834436,-3.7332846606239087,3.7332846606239087,-7.00566998043005
35226,VT,2021,2022,58.43289473684211,64.46075586738468,-6.0278611305425684,6.0278611305425684,-10.315869439105478
35232,VT,2021,2022,51.1,50.698280704798755,0.4017192952012465,0.4017192952012465,0.7861434348360988
35238,VT,2021,2022,65.35853658536585,76.11475622791848,-10.756219642552622,10.756219642552622,-16.457252876988377
35244,VT,2021,2022,59.262962962962966,62.728781688463584,-3.4658187255006183,3.4658187255006183,-5.848203586558133
35250,VT,2021,2022,54.93666666666667,62.4101495477396,-7.473482881072933,7.473482881072933,-13.603815692748498
35418,VT,2021,2022,57.7,56.456979542053986,1.2430204579460167,1.2430204579460167,2.154281556232265
35424,VT,2021,2022,35.16153846153846,37.218054763258024,-2.0565163017195616,2.0565163017195616,-5.848766554879523
35430,VT,2021,2022,59.76176470588236,63.34372856571535,-3.581963859832996,3.581963859832996,-5.9937384336986
35436,VT,2021,2022,51.00175438596492,51.57506080347362,-0.5733064175086966,0.5733064175086966,-1.1240915619688245
36006,CT,2021,2022,212.301914893617,282.5014905912522,-70.1995756976352,70.1995756976352,-33.06591734361497
36012,CT,2021,2022,88.22869704236611,92.71576920390974,-4.487072161543637,4.487072161543637,-5.0857286936800294
36060,CT,2021,2022,68.09771210676836,69.97076160965582,-1.8730495028874685,1.8730495028874685,-2.750532205767457
36078,CT,2021,2022,135.2943887775551,141.52428321864068,-6.229894441085577,6.229894441085577,-4.604695359042929
36096,CT,2021,2022,83.71155015197569,89.92351453666767,-6.211964384691981,6.211964384691981,-7.420677760015619
36108,CT,2021,2022,65.88496240601503,67.97202360229144,-2.0870611962764087,2.0870611962764087,-3.1677352768525955
36114,CT,2021,2022,137.83811394891944,148.15298588662526,-10.314871937705817,10.314871937705817,-7.483323474324627
36126,CT,2021,2022,93.64054054054054,110.69959107155117,-17.059050531010627,17.059050531010627,-18.217590834629064
36138,CT,2021,2022,104.76986301369864,108.02897714017713,-3.2591141264784937,3.2591141264784937,-3.1107362677875843
36144,CT,2021,2022,85.93461538461538,87.56287702622414,-1.6282616416087592,1.6282616416087592,-1.8947680562962779
36156,CT,2021,2022,108.61375464684016,120.88617950188123,-12.272424855041066,12.272424855041066,-11.299144288810478
36162,CT,2021,2022,104.39864864864865,100.0313619175626,4.36728673108604,4.36728673108604,4.1832789864781175
36174,CT,2021,2022,109.90551643192488,121.06926174356009,-11.16374531163521,11.16374531163521,-10.157584145059722
36186,CT,2021,2022,133.54426229508198,157.61401627038526,-24.069753975303286,24.069753975303286,-18.023802416998112
36192,CT,2021,2022,171.41929092805006,191.39635866688263,-19.977067738832574,19.977067738832574,-11.653920413903451
36198,CT,2021,2022,164.18971275885104,194.4902956970956,-30.30058293824456,30.30058293824456,-18.454617179791086
36210,CT,2021,2022,112.5110275689223,124.0201768428986,-11.509149273976291,11.509149273976291,-10.229352200099664
36222,CT,2021,2022,106.01634241245137,111.85784690932589,-5.841504496874521,5.841504496874521,-5.5100038012521075
36234,CT,2021,2022,176.1909090909091,243.77914715557134,-67.58823806466225,67.58823806466225,-38.360797621964025
36240,CT,2021,2022,72.00962067069818,73.86569887035753,-1.8560781996593505,1.8560781996593505,-2.57754197615794
36252,CT,2021,2022,70.19012638230647,71.83318862702623,-1.6430622447197578,1.6430622447197578,-2.340873751630601
36258,CT,2021,2022,112.33023255813951,131.1934338216687,-18.863201263529177,18.863201263529177,-16.792630829608605
36306,CT,2021,2022,38.68482269503546,38.938532084898995,-0.25370938986353764,0.25370938986353764,-0.6558370238985145
36312,CT,2021,2022,64.93076923076923,67.57768594175957,-2.6469167109903395,2.6469167109903395,-4.076521412495488
36318,CT,2021,2022,50.92475845410628,51.20540544042865,-0.28064698632236684,0.28064698632236684,-0.5511012616295229
36342,CT,2021,2022,116.58070175438596,127.07951601939416,-10.498814265008207,10.498814265008207,-9.005619375260988
36348,CT,2021,2022,106.71975308641976,159.99620911894283,-53.27645603252307,53.27645603252307,-49.92183217419998
36360,CT,2021,2022,162.06016260162602,206.8331607609925,-44.772998159366495,44.772998159366495,-27.62739308699007
36372,CT,2021,2022,71.8140771637122,78.29425051203344,-6.4801733483212445,6.4801733483212445,-9.023541907457231
36378,CT,2021,2022,96.77368421052633,102.08333996414441,-5.309655753618088,5.309655753618088,-5.4866731559658275
36390,CT,2021,2022,90.90263157894736,95.58877725888506,-4.686145679937695,4.686145679937695,-5.155126533237774
36396,CT,2021,2022,74.08220973782771,77.94203022329074,-3.8598204854630325,3.8598204854630325,-5.21018541310079
36402,CT,2021,2022,101.13879472693031,110.31718009128274,-9.178385364352422,9.178385364352422,-9.07503929538967
36408,CT,2021,2022,210.09333333333333,340.66107254932086,-130.56773921598753,130.56773921598753,-62.147492804461926
36414,CT,2021,2022,222.78925619834712,300.177306867421,-77.38805066907389,77.38805066907389,-34.73598861525713
36420,CT,2021,2022,163.31908975979772,213.56168067802614,-50.242590918228416,50.242590918228416,-30.763452693817317
36426,CT,2021,2022,127.0537634408602,139.08198266120212,-12.028219220341924,12.028219220341924,-9.467031038353072
36438,CT,2021,2022,303.8989726027397,290.43288278084566,13.466089821894059,13.466089821894059,4.431107386301397
36444,CT,2021,2022,119.89577464788732,126.82347382667189,-6.9276991787845645,6.9276991787845645,-5.7781011875772865
36456,CT,2021,2022,80.37541528239203,80.8556698224835,-0.4802545400914795,0.4802545400914795,-0.5975142254682567
36468,CT,2021,2022,139.1169459962756,163.02719843889415,-23.910252442618543,23.910252442618543,-17.18716024952033
36486,CT,2021,2022,74.07534246575342,77.75770273762743,-3.6823602718740034,3.6823602718740034,-4.971101245433236
36492,CT,2021,2022,74.57041251778094,74.57318933117399,-0.002776813393055022,0.002776813393055022,-0.003723746857901457
36504,CT,2021,2022,131.5904054054054,140.7727016914552,-9.18229628604982,9.18229628604982,-6.977937531053943
36510,CT,2021,2022,133.09972527472527,135.67669066016822,-2.5769653854429464,2.5769653854429464,-1.9361162317382292
36528,CT,2021,2022,71.8022813688213,72.48009313061301,-0.6778117617917161,0.6778117617917161,-0.9439975288668785
36534,CT,2021,2022,150.01121495327104,152.37967061679097,-2.3684556635199385,2.3684556635199385,-1.5788523973075748
36540,CT,2021,2022,213.13859649122807,218.81559952971367,-5.677003038485594,5.677003038485594,-2.6635265183981995
36552,CT,2021,2022,222.79238578680204,253.75350757095094,-30.9611217841489,30.9611217841489,-13.896849156136199
36558,CT,2021,2022,121.42349726775956,143.30339806197483,-21.879900794215274,21.879900794215274,-18.019494814884432
36570,CT,2021,2022,79.20390243902439,81.2689140743866,-2.065011635362211,2.065011635362211,-2.6072094578319205
36576,CT,2021,2022,69.43323823109843,72.43182049170227,-2.9985822606038397,2.9985822606038397,-4.3186553544046085
36588,CT,2021,2022,65.82269230769231,71.26032843709241,-5.437636129400104,5.437636129400104,-8.261035729109246
36618,CT,2021,2022,99.53829787234042,113.3770457416195,-13.838747869279075,13.838747869279075,-13.902938029970644
36630,CT,2021,2022,61.977244772447726,63.691461770705274,-1.7142169982575481,1.7142169982575481,-2.7658812594063735
36636,CT,2021,2022,40.34207792207792,39.960849229026564,0.3812286930513551,0.3812286930513551,0.9449902253119216
36642,CT,2021,2022,206.7152489626556,231.7098264672246,-24.99457750456898,24.99457750456898,-12.091308033634425
36648,CT,2021,2022,48.30727718724448,48.79551254920512,-0.48823536196064055,0.48823536196064055,-1.0106869821459508
36654,CT,2021,2022,100.82140902872776,104.97940923897607,-4.158000210248318,4.158000210248318,-4.124124281047837
36660,CT,2021,2022,72.6224368499257,75.6096258157797,-2.9871889658539885,2.9871889658539885,-4.113314142882613
36666,CT,2021,2022,84.24410692588093,85.73841752662018,-1.4943106007392544,1.4943106007392544,-1.7737865059854794
36672,CT,2021,2022,37.83052208835341,36.39235300609644,1.4381690822569695,1.4381690822569695,3.8016104533215715
36684,CT,2021,2022,38.67296834901625,38.543623991009476,0.1293443580067759,0.1293443580067759,0.3344567627689384
36702,CT,2021,2022,224.9618543046357,260.6033482378153,-35.64149393317959,35.64149393317959,-15.843349995201894
36708,CT,2021,2022,56.97095010252905,57.76983459100055,-0.7988844884715007,0.7988844884715007,-1.40226639547659
36714,CT,2021,2022,113.24196547144754,113.69856268257995,-0.45659721113240437,0.45659721113240437,-0.40320495077200796
36720,CT,2021,2022,31.485714285714284,31.721546405380217,-0.23583211966593254,0.23583211966593254,-0.7490130842384428
37356,CT,2021,2022,43.60532623169108,42.98733580925603,0.6179904224350494,0.6179904224350494,1.4172360943969087
37386,CT,2021,2022,114.1005,122.67928978031622,-8.578789780316228,8.578789780316228,-7.518625930926007
37392,CT,2021,2022,104.50175438596492,100.80323507846792,3.698519307496994,3.698519307496994,3.539193508500296
37404,CT,2021,2022,80.78179551122194,84.30866832552437,-3.526872814302422,3.526872814302422,-4.365925258262526
37410,CT,2021,2022,72.52946428571428,87.15836742752373,-14.628903141809445,14.628903141809445,-20.169600431876923
37422,CT,2021,2022,100.7459649122807,108.93818356052304,-8.192218648242346,8.192218648242346,-8.131560063348733
37428,CT,2021,2022,99.17996845425868,103.0559843045973,-3.876015850338618,3.876015850338618,-3.9080632014177517
37434,CT,2021,2022,63.32825278810409,69.66653333039393,-6.338280542289844,6.338280542289844,-10.008614264943782
37446,CT,2021,2022,70.03882352941176,78.77484689750072,-8.736023368088965,8.736023368088965,-12.473115520594662
37452,CT,2021,2022,86.06103896103896,100.06595403203173,-14.004915070992766,14.004915070992766,-16.273234950525044
37458,CT,2021,2022,65.74615384615385,57.3473321419215,8.398821704232347,8.398821704232347,12.774620586757987
37482,CT,2021,2022,80.25645161290322,85.43560701880133,-5.179155405898115,5.179155405898115,-6.453257404000948
37488,CT,2021,2022,120.49198606271776,138.8455174287878,-18.35353136607003,18.35353136607003,-15.23215938736105
37494,CT,2021,2022,88.23532608695652,95.18997368729613,-6.954647600339612,6.954647600339612,-7.8819310912794265
37500,CT,2021,2022,94.8688524590164,91.03212606709705,3.836726391919342,3.836726391919342,4.044242438345946
37524,CT,2021,2022,88.83592233009709,89.50837659620338,-0.6724542661062856,0.6724542661062856,-0.7569621032441985
37530,CT,2021,2022,71.23013698630137,70.3990072407954,0.8311297455059758,0.8311297455059758,1.1668231743900965
37536,CT,2021,2022,61.53247863247864,62.81526349277061,-1.2827848602919687,1.2827848602919687,-2.084728079871103
37554,CT,2021,2022,112.37089947089947,124.68368666669465,-12.312787195795181,12.312787195795181,-10.957273861622694
37560,CT,2021,2022,65.60675381263617,66.72399715938678,-1.1172433467506124,1.1172433467506124,-1.7029395326299868
37572,CT,2021,2022,59.759375,60.98288497065114,-1.2235099706511434,1.2235099706511434,-2.0473941881941427
37584,CT,2021,2022,73.06538461538462,87.27862083730844,-14.213236221923822,14.213236221923822,-19.452763161026446
37596,CT,2021,2022,59.20333333333333,70.94197437998857,-11.738641046655232,11.738641046655232,-19.82766912897117
37608,CT,2021,2022,108.96803797468354,116.41161296911207,-7.4435749944285305,7.4435749944285305,-6.830970927601625
37662,CT,2021,2022,83.68551401869159,88.81943978214149,-5.133925763449895,5.133925763449895,-6.134784285728599
37668,CT,2021,2022,80.18362831858407,86.55326054952651,-6.369632230942443,6.369632230942443,-7.943806440929239
37674,CT,2021,2022,85.88741007194244,89.64199243210498,-3.7545823601625443,3.7545823601625443,-4.37151656688398
37680,CT,2021,2022,71.54512195121951,76.91027783707031,-5.365155885850797,5.365155885850797,-7.49898209623409
37686,CT,2021,2022,112.04772727272729,112.5691961299244,-0.5214688571971209,0.5214688571971209,-0.4653988705436668
37692,CT,2021,2022,96.15483870967742,91.89326618074297,4.261572528934451,4.261572528934451,4.431989680520934
37920,CT,2021,2022,51.27699530516432,50.61779548029468,0.6591998248696385,0.6591998248696385,1.2855664044793351
37980,CT,2021,2022,74.75314685314686,71.93594114342272,2.817205709724135,2.817205709724135,3.768678414647289
37986,CT,2021,2022,80.58396946564885,80.88454939597678,-0.3005799303279275,0.3005799303279275,-0.37300213965763757
37998,CT,2021,2022,142.64845360824742,153.25494087073105,-10.606487262483625,10.606487262483625,-7.435402904269826
38004,CT,2021,2022,79.51203007518797,82.55981651502034,-3.047786439832379,3.047786439832379,-3.8331136017409424
38010,CT,2021,2022,95.6657738095238,98.83214473271896,-3.16637092319516,3.16637092319516,-3.3098262807130916
38034,CT,2021,2022,88.35011709601874,90.31334321887702,-1.9632261228582877,1.9632261228582877,-2.2220979296775094
38040,CT,2021,2022,74.68229461756374,75.46688802019939,-0.7845934026356502,0.7845934026356502,-1.050574847296042
38106,CT,2021,2022,75.6484700122399,76.07450411375159,-0.4260341015116893,0.4260341015116893,-0.5631760978678844
38118,CT,2021,2022,55.05294117647059,56.17137043823407,-1.118429261763481,1.118429261763481,-2.031552243827244
38124,CT,2021,2022,62.75457875457875,63.38930507507578,-0.6347263204970304,0.6347263204970304,-1.0114422454803251
38130,CT,2021,2022,124.84111747851004,152.63055211242636,-27.789434633916315,27.789434633916315,-22.259841304848898
38142,CT,2021,2022,106.09751243781096,126.79554032795222,-20.69802789014126,20.69802789014126,-19.508494982173506
38154,CT,2021,2022,99.11535580524344,106.44300115788174,-7.327645352638299,7.327645352638299,-7.393047518324754
38160,CT,2021,2022,56.55757906215921,57.15690081378483,-0.5993217516256166,0.5993217516256166,-1.0596665585118772
38190,CT,2021,2022,87.29552845528455,90.3776581677795,-3.0821297124949467,3.0821297124949467,-3.5306845230608896
38220,CT,2021,2022,83.53423180592992,84.85505754845515,-1.3208257425252299,1.3208257425252299,-1.5811790136453583
38226,CT,2021,2022,184.86647509578543,203.443284404844,-18.576809309058575,18.576809309058575,-10.048771308823472
38244,CT,2021,2022,64.0061855670103,65.63659281347789,-1.630407246467584,1.630407246467584,-2.547265130743737
38250,CT,2021,2022,87.05276381909547,86.27585120287306,0.7769126162224183,0.7769126162224183,0.8924617463460689
38262,CT,2021,2022,72.9514705882353,74.39540600497058,-1.443935416735286,1.443935416735286,-1.979309539742364
38268,CT,2021,2022,173.22566666666663,206.48548089257147,-33.25981422590485,33.25981422590485,-19.200280689296346
38274,CT,2021,2022,89.80585774058578,96.98939503751562,-7.183537296929842,7.183537296929842,-7.998962960389832
38280,CT,2021,2022,42.936708860759495,43.62699039563988,-0.6902815348803841,0.6902815348803841,-1.6076722068263665
38292,CT,2021,2022,66.13078393881453,68.13088969533064,-2.0001057565161062,2.0001057565161062,-3.0244700537145337
38304,CT,2021,2022,80.46413793103449,84.02608187049853,-3.5619439394640438,3.5619439394640438,-4.426747158488136
38310,CT,2021,2022,100.67463026166098,110.96240874139013,-10.287778479729155,10.287778479729155,-10.218839098778352
38334,CT,2021,2022,72.66,72.2816313342645,0.37836866573549344,0.37836866573549344,0.5207385985899993
38406,CT,2021,2022,58.53414387031408,58.49671401095429,0.03742985935978993,0.03742985935978993,0.06394534349510268
38418,CT,2021,2022,90.43981762917932,97.07474538936066,-6.634927760181341,6.634927760181341,-7.33629051242211
38430,CT,2021,2022,124.33441475826972,130.34516495771132,-6.010750199441603,6.010750199441603,-4.834341490348967
38454,CT,2021,2022,87.85128205128206,96.35825747199351,-8.506975420711456,8.506975420711456,-9.68338221375713
38460,CT,2021,2022,148.9814492753623,156.13129893018743,-7.149849654825118,7.149849654825118,-4.799154317266747
38472,CT,2021,2022,115.32906403940886,135.76522593994906,-20.4361619005402,20.4361619005402,-17.71987145716972
38478,CT,2021,2022,96.853006993007,104.27951568064235,-7.426508687635348,7.426508687635348,-7.667814266387783
38490,CT,2021,2022,97.21549295774648,98.77928890232512,-1.5637959445786436,1.5637959445786436,-1.6085871675395693
38496,CT,2021,2022,112.19004975124378,122.9431910414739,-10.753141290230118,10.753141290230118,-9.584754899452129
38502,CT,2021,2022,101.49045643153526,107.29455933156599,-5.804102900030728,5.804102900030728,-5.718865698417795
38508,CT,2021,2022,64.45242424242424,64.25824992178144,0.1941743206428015,0.1941743206428015,0.30126767600308657
38514,CT,2021,2022,130.2607250755287,142.0090939610767,-11.74836888554799,11.74836888554799,-9.019118294279389
38520,CT,2021,2022,108.89090909090908,112.6397666175464,-3.748857526637323,3.748857526637323,-3.4427644676081615
38532,CT,2021,2022,141.936,150.21671536326087,-8.280715363260867,8.280715363260867,-5.834119154591412
38538,CT,2021,2022,117.85900383141762,125.71776367694858,-7.858759845530955,7.858759845530955,-6.667933369581093
38544,CT,2021,2022,104.29924812030076,107.68439032507881,-3.385142204778049,3.385142204778049,-3.2456055683868024
38556,CT,2021,2022,224.66839378238345,269.1692255768503,-44.50083179446685,44.50083179446685,-19.80733962854201
38622,CT,2021,2022,168.0776888888889,201.04744847376918,-32.96975958488028,32.96975958488028,-19.615785892127295
38628,CT,2021,2022,127.30928571428572,149.09999553859382,-21.790709824308095,21.790709824308095,-17.116355419047725
38646,CT,2021,2022,112.06153846153846,124.91946498958669,-12.857926528048225,12.857926528048225,-11.473987154353853
38652,CT,2021,2022,110.94685314685314,126.02528407590366,-15.078430929050512,15.078430929050512,-13.590679231877061
38658,CT,2021,2022,237.7920218579235,241.39314708881176,-3.6011252308882717,3.6011252308882717,-1.5144011993135245
38682,CT,2021,2022,131.5343949044586,145.6729690187342,-14.138574114275599,14.138574114275599,-10.748955909627519
38700,CT,2021,2022,60.10190735694823,62.02414451008154,-1.9222371531333096,1.9222371531333096,-3.19829642296882
38706,CT,2021,2022,57.58890662410216,57.6198214973907,-0.030914873288544698,0.030914873288544698,-0.05368199380886697
38730,CT,2021,2022,120.16121212121212,119.1986603606885,0.9625517605236098,0.9625517605236098,0.801050308607606
38742,CT,2021,2022,78.74614057783528,80.03835488468378,-1.292214306848507,1.292214306848507,-1.6409874787085468
38760,CT,2021,2022,107.96541646371163,117.04529922996544,-9.079882766253803,9.079882766253803,-8.409991887824237
38766,CT,2021,2022,107.59505562422744,109.49505608007352,-1.900000455846083,1.900000455846083,-1.7658808249347242
38808,CT,2021,2022,126.89002079002078,136.98963050714318,-10.09960971712239,10.09960971712239,-7.959341210791787
38814,CT,2021,2022,84.5577380952381,90.32016538822388,-5.762427292985791,5.762427292985791,-6.814784102308319
38820,CT,2021,2022,172.84749694749695,199.64471384012685,-26.797216892629905,26.797216892629905,-15.503387301448546
38826,CT,2021,2022,95.03794871794872,100.158314308409,-5.120365590460281,5.120365590460281,-5.387706342080652
38832,CT,2021,2022,99.06985507246377,102.1507806140262,-3.0809255415624364,3.0809255415624364,-3.1098516691166256
38838,CT,2021,2022,114.4339393939394,119.92031009142029,-5.4863706974808935,5.4863706974808935,-4.794356225554759
38850,CT,2021,2022,181.3642978003384,179.08368476955403,2.280613030784366,2.280613030784366,1.25747628306375
38862,CT,2021,2022,148.72906336088155,177.76175784135754,-29.032694480475982,29.032694480475982,-19.520525325994964
38868,CT,2021,2022,116.45624103299856,128.2052078587482,-11.748966825749633,11.748966825749633,-10.088739531289264
38874,CT,2021,2022,93.88859315589352,98.4703926655001,-4.581799509606583,4.581799509606583,-4.8800385175640235
38880,CT,2021,2022,99.81834677419354,104.20402722380811,-4.3856804496145685,4.3856804496145685,-4.3936616777832835
38886,CT,2021,2022,95.80833333333334,95.85415779958662,-0.045824466253279184,0.045824466253279184,-0.04782931156295992
38892,CT,2021,2022,139.535,152.04406572592634,-12.509065725926348,12.509065725926348,-8.964822966228079
38898,CT,2021,2022,82.26354285714285,84.48653548086395,-2.2229926237210975,2.2229926237210975,-2.702281650550232
38904,CT,2021,2022,101.7750781598928,110.8930510856878,-9.117972925795002,9.117972925795002,-8.958944655852088
38928,CT,2021,2022,134.49001956947163,163.246365698311,-28.75634612883937,28.75634612883937,-21.381769607063745
38934,CT,2021,2022,106.87693641618498,111.264209926467,-4.387273510282029,4.387273510282029,-4.1049768616100035
38952,CT,2021,2022,95.84047008547007,98.06056666152095,-2.220096576050878,2.220096576050878,-2.316450007049221
38988,CT,2021,2022,105.7766304347826,119.83920723906098,-14.062576804278379,14.062576804278379,-13.29459706409231
39060,CT,2021,2022,104.17413793103448,120.32102751536942,-16.146889584334943,16.146889584334943,-15.499902283832224
39066,CT,2021,2022,73.89232876712329,75.25613382625706,-1.3638050591337674,1.3638050591337674,-1.8456652833772391
39072,CT,2021,2022,66.66171974522292,68.48927494454712,-1.8275551993241947,1.8275551993241947,-2.7415362314518745
39078,CT,2021,2022,46.78957459556621,47.21013713007846,-0.4205625345122499,0.4205625345122499,-0.8988381239783756
39084,CT,2021,2022,66.56534216335541,67.39197814806795,-0.8266359847125386,0.8266359847125386,-1.2418414115320304
39090,CT,2021,2022,73.15694822888284,75.191689077213,-2.0347408483301592,2.0347408483301592,-2.7813364247564802
39096,CT,2021,2022,59.47916822780068,61.99032609963301,-2.5111578718323315,2.5111578718323315,-4.221911547610734
39102,CT,2021,2022,105.98975032851511,110.96218246378886,-4.972432135273749,4.972432135273749,-4.691427350155748
39108,CT,2021,2022,98.4032010243278,100.08972311167618,-1.6865220873483793,1.6865220873483793,-1.7138894566360985
39114,CT,2021,2022,41.02071651090343,40.348215040949796,0.6725014699536374,0.6725014699536374,1.6394191207627598
39144,CT,2021,2022,142.09450549450548,152.74083961455727,-10.64633412005179,10.64633412005179,-7.492431943797759
39150,CT,2021,2022,232.9479262672811,270.55141583605894,-37.60348956877783,37.60348956877783,-16.142444438690614
39624,CT,2021,2022,44.15939044481054,45.555534326361524,-1.3961438815509837,1.3961438815509837,-3.1616013434240093
39630,CT,2021,2022,53.08689138576779,53.8319119628942,-0.7450205771264109,0.7450205771264109,-1.4033983864539212
39636,CT,2021,2022,49.23159722222222,49.620633468566275,-0.3890362463440553,0.3890362463440553,-0.7902165850683627
39642,CT,2021,2022,35.344148936170214,34.583274688983785,0.7608742471864289,0.7608742471864289,2.152758717038371
39648,CT,2021,2022,32.32131147540984,32.69187648682547,-0.3705650114156285,0.3705650114156285,-1.1465036364553323
39660,CT,2021,2022,44.53148974130241,45.013248744734135,-0.4817590034317263,0.4817590034317263,-1.0818389553783572
39666,CT,2021,2022,135.4144880174292,152.88259874153837,-17.46811072410918,17.46811072410918,-12.89973545656419
39672,CT,2021,2022,240.9800561797753,292.4501894993539,-51.47013331957859,51.47013331957859,-21.358669317091113
39684,CT,2021,2022,83.01402936378467,86.39716278096513,-3.38313341718046,3.38313341718046,-4.075375503524673
39690,CT,2021,2022,70.30902777777777,72.09577071652558,-1.7867429387478069,1.7867429387478069,-2.54127100775035
40212,CT,2021,2022,26.60925925925926,26.572743030392527,0.036516228866734224,0.036516228866734224,0.1372312867147086
40224,CT,2021,2022,41.11810561609388,40.175816278909245,0.9422893371846328,0.9422893371846328,2.2916652483518476
40230,CT,2021,2022,45.81071703932151,45.80724507995729,0.0034719593642194013,0.0034719593642194013,0.007578923860194666
40236,CT,2021,2022,44.07825421133232,45.139757700946184,-1.0615034896138624,1.0615034896138624,-2.4082248914045117
40248,CT,2021,2022,54.2789722785666,55.46890768111861,-1.1899354025520097,1.1899354025520097,-2.1922585351194743
40260,CT,2021,2022,43.37658079625293,43.5559242497444,-0.17934345349146952,0.17934345349146952,-0.41345687050317725
40272,CT,2021,2022,97.800395256917,100.50048795689389,-2.700092699976892,2.700092699976892,-2.7608198237684793
40296,CT,2021,2022,88.5708037825059,89.46154829886493,-0.8907445163590211,0.8907445163590211,-1.0056863868440549
40500,CT,2021,2022,92.83692307692309,104.61664082697197,-11.779717750048889,11.779717750048889,-12.688612848886017
40506,CT,2021,2022,120.51629213483146,125.43873207686076,-4.9224399420293,4.9224399420293,-4.0844601628816815
40512,CT,2021,2022,236.3177777777778,265.6875332840632,-29.3697555062854,29.3697555062854,-12.428077050514306
40524,CT,2021,2022,135.50375,165.70964105365493,-30.205891053654938,30.205891053654938,-22.291553594387565
40530,CT,2021,2022,91.12833333333332,103.88074091074768,-12.75240757741436,12.75240757741436,-13.993899713679642
40536,CT,2021,2022,157.3510204081633,209.5241935461431,-52.1731731379798,52.1731731379798,-33.15718767037184
40542,CT,2021,2022,161.03947368421052,195.77486566400643,-34.73539197979591,34.73539197979591,-21.5694892594533
40554,CT,2021,2022,149.88088737201366,173.37741969913196,-23.496532327118302,23.496532327118302,-15.676803586569681
40572,CT,2021,2022,162.88170731707316,191.71884234290192,-28.837135025828758,28.837135025828758,-17.70434231125355
40578,CT,2021,2022,147.76732673267327,145.94140925528944,1.8259174773838254,1.8259174773838254,1.2356706436782898
40620,CT,2021,2022,66.13598746081504,66.03164848232439,0.10433897849065943,0.10433897849065943,0.15776430124745516
40656,CT,2021,2022,92.86050541516244,101.71281992004644,-8.852314504884006,8.852314504884006,-9.532916566959138
40662,CT,2021,2022,198.6174418604651,236.57259652596008,-37.95515466549497,37.95515466549497,-19.109678540799877
40668,CT,2021,2022,86.40597014925373,86.2841683875969,0.1218017616568261,0.1218017616568261,0.14096452067655893
40674,CT,2021,2022,66.56674757281553,67.7321706339589,-1.1654230611433718,1.1654230611433718,-1.750758604915386
40692,CT,2021,2022,78.92913385826772,85.33725082014749,-6.40811696187977,6.40811696187977,-8.118823365510083
40698,CT,2021,2022,248.9855855855856,341.0199175904704,-92.03433200488482,92.03433200488482,-36.96371891908144
40704,CT,2021,2022,166.9103825136612,209.75563515043967,-42.84525263677847,42.84525263677847,-25.669615030252352
40710,CT,2021,2022,273.3617647058824,337.2238283346189,-63.86206362873645,63.86206362873645,-23.3617395971406
40716,CT,2021,2022,69.50657370517928,70.17153409642675,-0.664960391247476,0.664960391247476,-0.9566870524620988
40722,CT,2021,2022,80.50906862745099,80.03664400739487,0.47242462005611685,0.47242462005611685,0.5867967771956504
40740,CT,2021,2022,61.122381477398015,63.522583429067474,-2.400201951669459,2.400201951669459,-3.92687898222194
40746,CT,2021,2022,101.9235494880546,113.08268559599061,-11.159136107936007,11.159136107936007,-10.94853560731208
40758,CT,2021,2022,233.3921568627451,349.9366650691938,-116.54450820644868,116.54450820644868,-49.93505770418283
40764,CT,2021,2022,180.12295081967213,337.7651059973941,-157.64215517772195,157.64215517772195,-87.51919422835985
40770,CT,2021,2022,100.93798342541436,113.91710288961407,-12.979119464199712,12.979119464199712,-12.858508783059166
40776,CT,2021,2022,134.40227272727273,179.93069804925727,-45.52842532198454,45.52842532198454,-33.87474363202935
40788,CT,2021,2022,121.8869395711501,141.96864704381449,-20.08170747266439,20.08170747266439,-16.475684386957575
40806,CT,2021,2022,101.03857280617164,106.96914707001815,-5.930574263846509,5.930574263846509,-5.869614048511439
40824,CT,2021,2022,124.4437772925764,142.99978276136463,-18.55600546878823,18.55600546878823,-14.91115576246268
40842,CT,2021,2022,336.9601123595506,429.64177637151596,-92.68166401196538,92.68166401196538,-27.505232997153726
40860,CT,2021,2022,61.2977631096443,66.75521348524231,-5.4574503755980075,5.4574503755980075,-8.903180309917962
40866,CT,2021,2022,97.87586872586871,104.62775515960773,-6.751886433739017,6.751886433739017,-6.898417885464434
40872,CT,2021,2022,141.8904486251809,149.46929758681569,-7.578848961634776,7.578848961634776,-5.3413383600295266
40920,CT,2021,2022,709.7361635220126,1020.7401894321099,-311.0040259100973,311.0040259100973,-43.81966734888682
40944,CT,2021,2022,293.1342070773263,377.84364563469865,-84.70943855737232,84.70943855737232,-28.89783468192325
40950,CT,2021,2022,137.27514851485148,150.56875238467148,-13.293603869820004,13.293603869820004,-9.68391148262484
40980,CT,2021,2022,796.1295809367297,1030.2712754670454,-234.1416945303157,234.1416945303157,-29.409998087851918
40986,CT,2021,2022,794.1111416781293,978.7969983881949,-184.68585671006554,184.68585671006554,-23.256928031482367
41040,CT,2021,2022,695.6176728869374,1046.7286692760572,-351.1109963891198,351.1109963891198,-50.474709035488786
41100,CT,2021,2022,105.8032258064516,109.79108032946996,-3.9878545230183704,3.9878545230183704,-3.769123760284445
41106,CT,2021,2022,104.60238885202388,113.90488474355529,-9.302495891531407,9.302495891531407,-8.893196411308747
41118,CT,2021,2022,538.5464480874317,982.8739378552258,-444.3274897677941,444.3274897677941,-82.50495223685118
41124,CT,2021,2022,83.63673064195896,93.87188000892047,-10.235149366961508,10.235149366961508,-12.237624890883442
41130,CT,2021,2022,123.43385300668152,121.25019991949455,2.1836530871869684,2.1836530871869684,1.7690876805642342
41220,CT,2021,2022,816.8832835820896,1020.2293697421493,-203.3460861600597,203.3460861600597,-24.892918027208623
41262,CT,2021,2022,293.35931623931623,382.6165955512826,-89.25727931196639,89.25727931196639,-30.425922877169587
41268,CT,2021,2022,791.2270557029178,914.9115888796327,-123.68453317671492,123.68453317671492,-15.631989867539966
41280,CT,2021,2022,547.2183436532508,969.7764415542138,-422.55809790096293,422.55809790096293,-77.21928601295576
41298,CT,2021,2022,401.46726457399103,565.6369338019838,-164.16966922799276,164.16966922799276,-40.89241731880634
41340,CT,2021,2022,399.3719457013575,672.8918421673947,-273.51989646603715,273.51989646603715,-68.48750880227576
41376,CT,2021,2022,226.04549763033177,276.1237746786168,-50.07827704828506,50.07827704828506,-22.154069677681267
41382,CT,2021,2022,346.77334905660376,444.59411049381976,-97.82076143721599,97.82076143721599,-28.20884641317944
41406,CT,2021,2022,160.70283806343906,162.35280841926178,-1.6499703558227168,1.6499703558227168,-1.0267213545857694
41412,CT,2021,2022,121.3427900552486,167.91466312975862,-46.57187307451002,46.57187307451002,-38.38042050401625
41418,CT,2021,2022,266.2718792866941,356.97859159934126,-90.70671231264714,90.70671231264714,-34.06544940293282
41430,CT,2021,2022,138.4319018404908,156.52166974493701,-18.089767904446205,18.089767904446205,-13.067629400403872
41436,CT,2021,2022,90.48992537313433,100.42975837742416,-9.939833004289838,9.939833004289838,-10.984463699470448
41442,CT,2021,2022,110.31890838206628,119.09497943334922,-8.77607105128294,8.77607105128294,-7.955183005336554
42006,NJ,2021,2022,71.72615176151761,71.63197982262365,0.09417193889396458,0.09417193889396458,0.13129372841174722
42012,NJ,2021,2022,67.9948607522251,70.2052746718616,-2.2104139196365082,2.2104139196365082,-3.2508543957333913
42018,NJ,2021,2022,81.92975929978118,83.42900464365779,-1.4992453438766091,1.4992453438766091,-1.8299154747798867
42024,NJ,2021,2022,143.47660550458716,168.82892569450607,-25.352320189918913,25.352320189918913,-17.670002786000094
42030,NJ,2021,2022,150.2486904761905,151.84764177386242,-1.5989512976719311,1.5989512976719311,-1.0642031505261689
42036,NJ,2021,2022,185.0211701308699,231.91535060925344,-46.89418047838353,46.89418047838353,-25.345305321123067
42048,NJ,2021,2022,58.37792937399679,59.40213855800805,-1.024209184011255,1.024209184011255,-1.754445892470224
42054,NJ,2021,2022,159.05232558139534,176.8572390088062,-17.804913427410867,17.804913427410867,-11.194374783472856
42060,NJ,2021,2022,95.95658612626656,100.49950695664295,-4.542920830376389,4.542920830376389,-4.734350203328917
42066,NJ,2021,2022,51.86639848556555,53.86316824066737,-1.9967697551018233,1.9967697551018233,-3.849833058405869
42072,NJ,2021,2022,102.31681415929204,116.48870971656288,-14.171895557270844,14.171895557270844,-13.850993772350373
42078,NJ,2021,2022,105.29788778877888,108.37608624871231,-3.078198459933432,3.078198459933432,-2.923324032964564
42084,NJ,2021,2022,97.3112676056338,123.05644491525535,-25.745177309621553,25.745177309621553,-26.45652239775268
42096,NJ,2021,2022,153.42225941422595,174.68580490293533,-21.263545488709383,21.263545488709383,-13.859491816829376
42102,NJ,2021,2022,47.20834715312327,48.35288145537291,-1.1445343022496388,1.1445343022496388,-2.4244320576131786
42108,NJ,2021,2022,46.31185964912281,46.77650078666846,-0.46464113754564806,0.46464113754564806,-1.0032875834957944
42120,NJ,2021,2022,179.7394856278366,202.0881236967115,-22.34863806887492,22.34863806887492,-12.43390565562726
42126,NJ,2021,2022,481.7119266055046,668.5972175571843,-186.88529095167974,186.88529095167974,-38.796068901305915
42132,NJ,2021,2022,48.49469273743017,53.094094301928884,-4.599401564498713,4.599401564498713,-9.484340048099137
42138,NJ,2021,2022,157.70899182561308,172.97637030354525,-15.26737847793217,15.26737847793217,-9.680727966870837
42144,NJ,2021,2022,130.40608345902464,163.0232687287934,-32.617185269768754,32.617185269768754,-25.012012020142844
42156,NJ,2021,2022,53.75858461538461,54.076202767103126,-0.3176181517185128,0.3176181517185128,-0.5908231289772777
42162,NJ,2021,2022,104.31146245059288,123.00500888284277,-18.69354643224989,18.69354643224989,-17.92089382420852
42168,NJ,2021,2022,316.94755043227667,408.66956952225627,-91.7220190899796,91.7220190899796,-28.939179042362774
42174,NJ,2021,2022,69.82541630148992,70.99148740978163,-1.1660711082917032,1.1660711082917032,-1.6699808895615877
42180,NJ,2021,2022,225.1145409950946,252.5126988772919,-27.398157882197324,27.398157882197324,-12.170763275036219
42186,NJ,2021,2022,78.45051783659379,84.22747927034581,-5.776961433752021,5.776961433752021,-7.3638282997506455
42192,NJ,2021,2022,61.03050345508391,64.94774215144825,-3.9172386963643433,3.9172386963643433,-6.418493170791684
42198,NJ,2021,2022,92.6486301369863,97.12508420599391,-4.476454069007616,4.476454069007616,-4.831646255739478
42204,NJ,2021,2022,83.83489795918368,83.76454827393239,0.07034968525128704,0.07034968525128704,0.08391455940643941
42210,NJ,2021,2022,99.41323792486584,106.75692237617274,-7.343684451306899,7.343684451306899,-7.387028734399618
42216,NJ,2021,2022,60.71560283687944,63.902380733559795,-3.186777896680354,3.186777896680354,-5.248696789261992
42234,NJ,2021,2022,290.97637848876786,398.5010924356368,-107.52471394686893,107.52471394686893,-36.95307313442955
42240,NJ,2021,2022,183.37738985868663,203.2573593173645,-19.879969458677863,19.879969458677863,-10.841014518746105
42246,NJ,2021,2022,228.3195845697329,242.63858463099916,-14.319000061266252,14.319000061266252,-6.271472545051417
42252,NJ,2021,2022,199.90605601816804,243.48520613907112,-43.57915012090308,43.57915012090308,-21.799814867510808
42258,NJ,2021,2022,349.1425724637681,441.7445467583828,-92.6019742946147,92.6019742946147,-26.522682021031503
42264,NJ,2021,2022,170.68720770288857,197.9128484963989,-27.225640793510337,27.225640793510337,-15.950604125472253
42270,NJ,2021,2022,207.72066420664208,240.76694617740603,-33.04628197076394,33.04628197076394,-15.909000723148687
42276,NJ,2021,2022,428.84829268292685,436.5649158887122,-7.716623205785368,7.716623205785368,-1.7993829840173174
42282,NJ,2021,2022,58.71471917366043,63.89166887303316,-5.176949699372734,5.176949699372734,-8.817124176411163
42300,NJ,2021,2022,45.28591916558018,45.53543258588056,-0.24951342030037438,0.24951342030037438,-0.550973514279508
42312,NJ,2021,2022,127.38584399504748,146.37386629075175,-18.98802229570427,18.98802229570427,-14.905912384144102
42324,NJ,2021,2022,114.24546666666669,119.90282741384922,-5.657360747182537,5.657360747182537,-4.95193456007229
42330,NJ,2021,2022,48.23760545100584,50.91888665816503,-2.681281207159188,2.681281207159188,-5.55848737119118
42342,NJ,2021,2022,67.24797406807131,70.88148099027683,-3.6335069222055125,3.6335069222055125,-5.4031470428053625
42348,NJ,2021,2022,199.6841155234657,202.14023789551055,-2.4561223720448595,2.4561223720448595,-1.2300038816839343
42354,NJ,2021,2022,301.04321728691474,412.7198333385675,-111.67661605165279,111.67661605165279,-37.09653951286913
42360,NJ,2021,2022,52.76876083188908,53.93844496625368,-1.1696841343645943,1.1696841343645943,-2.2166223271586354
42372,NJ,2021,2022,59.55165562913907,59.28321089155066,0.2684447375884105,0.2684447375884105,0.4507762794374074
42378,NJ,2021,2022,53.23878954607978,54.21724239817232,-0.9784528520925377,0.9784528520925377,-1.8378570595517716
42384,NJ,2021,2022,69.66909090909091,71.72864322555957,-2.059552316468654,2.059552316468654,-2.9561923222969875
42390,NJ,2021,2022,70.38230912476723,71.58958292677147,-1.207273802004238,1.207273802004238,-1.7153086010066747
42396,NJ,2021,2022,123.02788461538462,135.88055122512904,-12.852666609744418,12.852666609744418,-10.446954078683063
42402,NJ,2021,2022,111.0217435897436,121.15663681490906,-10.13489322516547,10.13489322516547,-9.128746223457576
42408,NJ,2021,2022,183.8153392330384,233.89912934552626,-50.08379011248786,50.08379011248786,-27.246795790525603
42414,NJ,2021,2022,260.6249211356467,377.943208203367,-117.31828706772035,117.31828706772035,-45.014224486483414
42420,NJ,2021,2022,129.89634801288938,139.7216318888928,-9.825283876003425,9.825283876003425,-7.5639415782716855
42426,NJ,2021,2022,82.48893653516295,85.27947633492923,-2.790539799766279,2.790539799766279,-3.382926143770495
42432,NJ,2021,2022,91.16526946107784,90.80707122341435,0.3581982376634869,0.3581982376634869,0.3929108527633062
42438,NJ,2021,2022,80.09791271347248,80.07531272339061,0.02259999008187208,0.02259999008187208,0.028215454455994528
42444,NJ,2021,2022,81.53653846153846,77.28775883266681,4.248779628871645,4.248779628871645,5.210890367728616
42450,NJ,2021,2022,122.8252319109462,124.7454492881491,-1.9202173772029028,1.9202173772029028,-1.5633737036988837
42456,NJ,2021,2022,190.6459817729909,198.94490542743813,-8.298923654447236,8.298923654447236,-4.353054586972132
42462,NJ,2021,2022,78.25694444444444,76.07938161774257,2.177562826701873,2.177562826701873,2.7825809481326624
42468,NJ,2021,2022,1044.1607907742998,1036.4029543013799,7.757836472919962,7.757836472919962,0.7429733563512877
42474,NJ,2021,2022,237.7805929919137,276.3962073279998,-38.61561433608608,38.61561433608608,-16.24001935994806
42480,NJ,2021,2022,91.3267942583732,94.49321575736282,-3.166421498989621,3.166421498989621,-3.46713308476752
42486,NJ,2021,2022,144.09066059225512,153.02599661563866,-8.935336023383542,8.935336023383542,-6.201190269137968
42492,NJ,2021,2022,193.9530821917808,226.95429322852198,-33.00121103674118,33.00121103674118,-17.015048517821228
42498,NJ,2021,2022,84.964299933643,88.51976012591797,-3.555460192274964,3.555460192274964,-4.184651900918119
42516,NJ,2021,2022,166.9960826985854,168.86173231620026,-1.8656496176148494,1.8656496176148494,-1.1171816652622912
42522,NJ,2021,2022,49.5688814385858,51.0728785789853,-1.5039971403995054,1.5039971403995054,-3.0341558993275006
42528,NJ,2021,2022,61.22950819672131,58.762322600188156,2.467185596533156,2.467185596533156,4.029406195141165
42540,NJ,2021,2022,309.58033946251766,389.3881277451949,-79.80778828267722,79.80778828267722,-25.779346460190805
42552,NJ,2021,2022,218.1980113636364,277.76728337643476,-59.569272012798365,59.569272012798365,-27.30055679266646
42558,NJ,2021,2022,68.07427838357921,71.59228973125695,-3.518011347677742,3.518011347677742,-5.16790105045954
42564,NJ,2021,2022,127.5384395813511,122.07167164398183,5.466767937369269,5.466767937369269,4.286368843239815
42570,NJ,2021,2022,103.28870402802102,137.78950822266404,-34.500804194643024,34.500804194643024,-33.402301364226005
42612,NJ,2021,2022,82.3093309859155,125.57419895088383,-43.26486796496833,43.26486796496833,-52.56374635382674
42618,NJ,2021,2022,40.42795549374131,40.082921168859635,0.3450343248816736,0.3450343248816736,0.8534547954943918
42624,NJ,2021,2022,42.62845046570703,43.51697845156331,-0.8885279858562782,0.8885279858562782,-2.0843544068557343
42630,NJ,2021,2022,43.40933133732535,46.36070470410361,-2.951373366778263,2.951373366778263,-6.798937638185953
42636,NJ,2021,2022,43.38503674014696,43.630749026963315,-0.2457122868163566,0.2457122868163566,-0.566352607439383
42642,NJ,2021,2022,36.68749302065885,38.524246841425544,-1.8367538207666954,1.8367538207666954,-5.006484961325684
42648,NJ,2021,2022,36.11605902777778,36.150492642130025,-0.034433614352245456,0.034433614352245456,-0.09534156073275239
42654,NJ,2021,2022,63.22054187192119,64.0673897687084,-0.8468478967872031,0.8468478967872031,-1.339513822109966
42660,NJ,2021,2022,112.38629139072847,115.83330925752146,-3.44701786679299,3.44701786679299,-3.0671159481621246
42666,NJ,2021,2022,42.58538570417552,43.16192440163361,-0.5765386974580906,0.5765386974580906,-1.3538416710913121
42672,NJ,2021,2022,41.80046911649726,40.542917689406664,1.257551427090597,1.257551427090597,3.0084624734373686
42684,NJ,2021,2022,37.88543689320388,40.74076956841258,-2.8553326752087003,2.8553326752087003,-7.53675530589145
43206,NJ,2021,2022,40.90387051372273,43.19981871360763,-2.295948199884897,2.295948199884897,-5.613034099339416
43212,NJ,2021,2022,44.54448651206815,45.46857651285615,-0.9240900007880057,0.9240900007880057,-2.074532839294596
43218,NJ,2021,2022,56.97351524879615,58.05607309284758,-1.0825578440514363,1.0825578440514363,-1.900107162642226
43224,NJ,2021,2022,73.6148097826087,75.26921403918281,-1.6544042565741108,1.6544042565741108,-2.2473796528982666
43230,NJ,2021,2022,67.67319502074689,66.514038184128,1.159156836618891,1.159156836618891,1.712874405092774
43236,NJ,2021,2022,37.78482202820685,39.23715528818183,-1.452333259974985,1.452333259974985,-3.8436948542216234
43248,NJ,2021,2022,54.4373577749684,56.07472591319757,-1.6373681382291707,1.6373681382291707,-3.0078023716685087
43812,NJ,2021,2022,200.78178331735376,226.88423374732506,-26.1024504299713,26.1024504299713,-13.000407705670197
43824,NJ,2021,2022,60.69137271568211,59.401622707984224,1.289750007697883,1.289750007697883,2.125096121552418
43830,NJ,2021,2022,59.61912762520194,60.40052762082213,-0.7813999956201911,0.7813999956201911,-1.3106531858911017
43836,NJ,2021,2022,72.355672823219,70.58282482904917,1.7728479941698225,1.7728479941698225,2.450185210081986
43842,NJ,2021,2022,78.08588235294117,75.57113077923339,2.514751573707784,2.514751573707784,3.2204945349036755
43860,NJ,2021,2022,194.4432518597237,198.92937232672094,-4.486120466997249,4.486120466997249,-2.307161819240531
43866,NJ,2021,2022,256.7164835164835,221.34980105111697,35.36668246536652,35.36668246536652,13.776553021027832
44406,NJ,2021,2022,275.9105590062112,310.5257264519883,-34.615167445777104,34.615167445777104,-12.545792944806387
44418,NJ,2021,2022,95.7795061728395,100.37794302859542,-4.598436855755921,4.598436855755921,-4.801065530091357
44430,NJ,2021,2022,154.0627931769723,166.9780619362505,-12.915268759278206,12.915268759278206,-8.383119955797767
44442,NJ,2021,2022,70.96524886877827,75.72463684866212,-4.75938797988384,4.75938797988384,-6.706645936921064
44460,NJ,2021,2022,122.85857226448216,132.9587937028896,-10.100221438407445,10.100221438407445,-8.221014823991545
44496,NJ,2021,2022,66.41764705882353,67.64087191171198,-1.2232248528884497,1.2232248528884497,-1.841716632636936
44502,NJ,2021,2022,412.0897569444445,600.7293296884583,-188.63957274401378,188.63957274401378,-45.776331385360066
44508,NJ,2021,2022,95.9287037037037,100.99553359715556,-5.066829893451853,5.066829893451853,-5.281870491132498
44514,NJ,2021,2022,84.07874762808349,94.88367777078115,-10.804930142697657,10.804930142697657,-12.850964658147046
44520,NJ,2021,2022,76.55542635658915,79.93938907073787,-3.3839627141487227,3.3839627141487227,-4.4202780589144535
44526,NJ,2021,2022,97.53474576271186,97.62084280438553,-0.08609704167366772,0.08609704167366772,-0.08827320048911548
44532,NJ,2021,2022,83.76170212765958,89.88124044220551,-6.1195383145459346,6.1195383145459346,-7.305890590928138
44538,NJ,2021,2022,375.8915,428.97291186763476,-53.081411867634756,53.081411867634756,-14.12147171926866
44544,NJ,2021,2022,95.0579570688379,106.52298253952915,-11.465025470691259,11.465025470691259,-12.061089701716037
44580,NJ,2021,2022,168.7998417721519,197.0715679782197,-28.271726206067797,28.271726206067797,-16.748668665358892
44592,NJ,2021,2022,120.2041095890411,136.38191068382378,-16.17780109478268,16.17780109478268,-13.45860898607546
44610,NJ,2021,2022,161.8173228346457,157.1690643661345,4.648258468511187,4.648258468511187,2.8725345266409126
44616,NJ,2021,2022,140.312715855573,149.78134859405935,-9.468632738486349,9.468632738486349,-6.748235668271593
44628,NJ,2021,2022,110.7993103448276,107.80642231193798,2.992888032889624,2.992888032889624,2.701179297574337
44634,NJ,2021,2022,78.9130081300813,83.30792867072687,-4.394920540645572,4.394920540645572,-5.569323290022
44640,NJ,2021,2022,100.91234042553192,108.10249000785923,-7.190149582327308,7.190149582327308,-7.125144013118262
44652,NJ,2021,2022,88.3991680532446,90.87309979322472,-2.473931739980131,2.473931739980131,-2.798591654720135
44664,NJ,2021,2022,122.75104669887278,146.8008694132489,-24.04982271437612,24.04982271437612,-19.592356530673044
44676,NJ,2021,2022,201.61707953063885,220.71460777307257,-19.097528242433725,19.097528242433725,-9.472177797085667
44700,NJ,2021,2022,312.0132644272179,391.5846167816681,-79.5713523544502,79.5713523544502,-25.502554354708046
44712,NJ,2021,2022,247.19334565619224,310.5594313105849,-63.36608565439266,63.36608565439266,-25.634219839608914
44736,NJ,2021,2022,118.92363636363636,132.7267226395412,-13.803086275904846,13.803086275904846,-11.606680301717933
44742,NJ,2021,2022,99.8012658227848,107.83281948144982,-8.031553658665018,8.031553658665018,-8.047546884752437
44748,NJ,2021,2022,461.6986086956522,609.1771600534247,-147.47855135777252,147.47855135777252,-31.942602507383583
44760,NJ,2021,2022,98.30119760479042,99.04446533457251,-0.7432677297820902,0.7432677297820902,-0.7561125885468045
44766,NJ,2021,2022,85.7943661971831,89.83976966730741,-4.045403470124313,4.045403470124313,-4.715232071097388
44772,NJ,2021,2022,78.13126760563381,80.04436177612584,-1.9130941704920303,1.9130941704920303,-2.4485641013126003
44778,NJ,2021,2022,123.44481409001956,141.9808467067616,-18.536032616742048,18.536032616742048,-15.015643025088954
44790,NJ,2021,2022,97.96127167630058,109.49388879490618,-11.5326171186056,11.5326171186056,-11.772629041314952
44820,NJ,2021,2022,140.91923513820524,159.47930184974572,-18.560066711540486,18.560066711540486,-13.170712070171167
44880,NJ,2021,2022,98.31428571428572,104.56746641194968,-6.253180697663964,6.253180697663964,-6.360398849701794
44886,NJ,2021,2022,268.69632802937576,383.38934818289124,-114.69302015351548,114.69302015351548,-42.684997221464236
45006,NJ,2021,2022,32.480208937899015,34.519769518229744,-2.039560580330729,2.039560580330729,-6.279394890070736
45012,NJ,2021,2022,43.93376168224299,46.001646698079355,-2.0678850158363673,2.0678850158363673,-4.706824402591865
45018,NJ,2021,2022,38.32903225806452,40.52281681709973,-2.1937845590352083,2.1937845590352083,-5.723558435456274
45024,NJ,2021,2022,41.32906666666667,43.69355714564692,-2.364490478980251,2.364490478980251,-5.721132049873497
45030,NJ,2021,2022,31.70846153846154,34.78396705493338,-3.0755055164718392,3.0755055164718392,-9.699321150417
45036,NJ,2021,2022,88.60676982591876,94.67617543121025,-6.069405605291493,6.069405605291493,-6.849821539839166
45048,NJ,2021,2022,77.87946287519748,81.27684811977801,-3.3973852445805335,3.3973852445805335,-4.362363477037423
45072,NJ,2021,2022,93.91966666666669,99.42733607729801,-5.507669410631323,5.507669410631323,-5.864234410220779
45078,NJ,2021,2022,34.74400606980273,36.509884108384874,-1.7658780385821444,1.7658780385821444,-5.082540093489486
45084,NJ,2021,2022,37.97689282202557,40.40319287981976,-2.4263000577941938,2.4263000577941938,-6.388885128556399
45132,NJ,2021,2022,33.12497745716862,34.254523673181644,-1.1295462160130256,1.1295462160130256,-3.409953161397787
45144,NJ,2021,2022,33.01806358381503,34.58376143525707,-1.5656978514420388,1.5656978514420388,-4.741943292548267
45606,NJ,2021,2022,69.37022562449637,70.80516118899092,-1.4349355644945518,1.4349355644945518,-2.068517943507798
45618,NJ,2021,2022,74.08315565031982,73.36765151888343,0.7155041314363899,0.7155041314363899,0.9658121676317941
45624,NJ,2021,2022,104.51417322834644,112.88702157311477,-8.372848344768329,8.372848344768329,-8.011208514729404
45630,NJ,2021,2022,125.97126436781608,135.5837216973458,-9.612457329529718,9.612457329529718,-7.630674644546609
45636,NJ,2021,2022,63.94965517241379,80.81304606410235,-16.86339089168856,16.86339089168856,-26.3697917466848
45642,NJ,2021,2022,98.69092702169624,103.15310081435422,-4.462173792657978,4.462173792657978,-4.52136171714854
45726,NJ,2021,2022,103.81689045936396,101.8374821707264,1.9794082886375577,1.9794082886375577,1.9066341516097887
45744,NJ,2021,2022,227.1229007633588,264.3297317789322,-37.206831015573414,37.206831015573414,-16.38180513304535
45756,NJ,2021,2022,243.4938118811881,390.14234007132126,-146.64852819013316,146.64852819013316,-60.22679880739219
45762,NJ,2021,2022,351.5943231441048,429.0098240782779,-77.41550093417311,77.41550093417311,-22.018416065962338
45768,NJ,2021,2022,91.23836206896551,95.77004333957173,-4.531681270606214,4.531681270606214,-4.966859518127686
45780,NJ,2021,2022,139.43701657458564,159.5931436075819,-20.156127032996267,20.156127032996267,-14.455363093784095
45786,NJ,2021,2022,158.99939516129032,242.8118650537097,-83.81246989241939,83.81246989241939,-52.712445734400006
45792,NJ,2021,2022,351.3853146853147,561.5073340074603,-210.12201932214555,210.12201932214555,-59.79817896212356
45840,NJ,2021,2022,185.64632034632035,214.8505363735575,-29.204216027237152,29.204216027237152,-15.731104162343287
45846,NJ,2021,2022,248.0496894409938,324.2301618622501,-76.1804724212563,76.1804724212563,-30.711778995949178
45852,NJ,2021,2022,153.1943579766537,166.89685736674608,-13.702499390092385,13.702499390092385,-8.944519609645546
45858,NJ,2021,2022,67.04103448275862,70.96654322711356,-3.925508744354943,3.925508744354943,-5.855382117297864
45864,NJ,2021,2022,58.94237804878049,60.97350726730351,-2.03112921852302,2.03112921852302,-3.4459573667727916
45870,NJ,2021,2022,188.1134615384616,222.9701014619408,-34.85663992347921,34.85663992347921,-18.529582964668606
45876,NJ,2021,2022,99.2823803967328,105.94320146340203,-6.660821066669229,6.660821066669229,-6.70896592129697
45882,NJ,2021,2022,128.26408163265307,137.10530035290932,-8.84121872025625,8.84121872025625,-6.892980955944786
45888,NJ,2021,2022,171.58642857142857,203.00374293723888,-31.417314365810313,31.417314365810313,-18.30990634130007
45894,NJ,2021,2022,213.72166246851384,226.78831776233676,-13.066655293822919,13.066655293822919,-6.113865643239576
45900,NJ,2021,2022,68.32933070866142,74.32479940553765,-5.99546869687623,5.99546869687623,-8.774370588290052
45912,NJ,2021,2022,148.37687642153145,174.20685123023114,-25.82997480869969,25.82997480869969,-17.40835595926551
45936,NJ,2021,2022,165.67516198704104,189.4213367004412,-23.746174713400166,23.746174713400166,-14.33297208138995
45942,NJ,2021,2022,82.46357388316152,91.32625848149846,-8.86268459833694,8.86268459833694,-10.747393280448932
45960,NJ,2021,2022,74.15558698727015,79.38087617966066,-5.225289192390505,5.225289192390505,-7.046386394712916
45966,NJ,2021,2022,142.73760984182778,146.75505409282383,-4.01744425099605,4.01744425099605,-2.814566010631614
45972,NJ,2021,2022,88.13503184713376,92.83605016666414,-4.701018319530377,4.701018319530377,-5.333881682466606
45978,NJ,2021,2022,96.36040353089534,97.33296456102093,-0.9725610301255898,0.9725610301255898,-1.0092953064624357
45996,NJ,2021,2022,142.7361993160723,192.94237508651287,-50.20617577044058,50.20617577044058,-35.17410160212056
46020,NJ,2021,2022,394.4660091047041,571.0946974135005,-176.62868830879643,176.62868830879643,-44.77665609507901
46050,NJ,2021,2022,178.38370206489677,234.39244981041372,-56.008747745516956,56.008747745516956,-31.397906365426103
46056,NJ,2021,2022,161.21006423982868,182.63872146333298,-21.428657223504302,21.428657223504302,-13.29238179052231
46062,NJ,2021,2022,292.1904761904762,400.3150953647341,-108.12461917425787,108.12461917425787,-37.004840330173
46206,NJ,2021,2022,156.63776758409787,159.6378764081189,-3.0001088240210265,3.0001088240210265,-1.91531638269186
46212,NJ,2021,2022,205.33155339805825,266.84045248164733,-61.508899083589085,61.508899083589085,-29.955892343709685
46224,NJ,2021,2022,338.5116197183099,426.9395805828096,-88.42796086449971,88.42796086449971,-26.122577694108234
46266,NJ,2021,2022,226.22388059701493,263.38639792498736,-37.16251732797244,37.16251732797244,-16.427318473142137
46272,NJ,2021,2022,108.03486460348162,113.44170886214921,-5.40684425866759,5.40684425866759,-5.00472165028598
46296,NJ,2021,2022,158.92326621923937,163.51395119938633,-4.5906849801469605,4.5906849801469605,-2.888617311586067
46302,NJ,2021,2022,221.09339622641508,272.34371908353444,-51.25032285711936,51.25032285711936,-23.18039513248756
46308,NJ,2021,2022,96.91265432098766,98.32801640956309,-1.415362088575435,1.415362088575435,-1.4604512676823056
46314,NJ,2021,2022,130.79515859766278,150.35793441395418,-19.562775816291406,19.562775816291406,-14.95680423192742
46320,NJ,2021,2022,122.11120689655172,119.07440777305989,3.036799123491832,3.036799123491832,2.486912709055853
46326,NJ,2021,2022,82.74858490566038,77.14065928289813,5.607925622762252,5.607925622762252,6.777065286561347
46332,NJ,2021,2022,319.0637450199203,486.59569331435296,-167.53194829443265,167.53194829443265,-52.50735970768883
46338,NJ,2021,2022,218.27272727272728,627.7659286321795,-409.4932013594522,409.4932013594522,-187.60621470029045
46344,NJ,2021,2022,104.10159872102318,122.44784499775524,-18.34624627673206,18.34624627673206,-17.62340492569886
46356,NJ,2021,2022,139.22459821428572,162.32063060376805,-23.096032389482332,23.096032389482332,-16.5890458192843
46362,NJ,2021,2022,126.34336492890996,155.67410862515183,-29.330743696241868,29.330743696241868,-23.2151041036033
46368,NJ,2021,2022,114.3429081814934,128.36874085121428,-14.025832669720884,14.025832669720884,-12.266464875511177
46380,NJ,2021,2022,97.33730512249444,102.66681328729828,-5.3295081648038405,5.3295081648038405,-5.4752986617997115
46386,NJ,2021,2022,94.0477536597678,97.23511173666652,-3.187358076898718,3.187358076898718,-3.389084749891502
46392,NJ,2021,2022,120.70240963855422,130.01174013060094,-9.309330492046726,9.309330492046726,-7.712630195141673
46398,NJ,2021,2022,257.4858009708738,324.13706898216947,-66.65126801129566,66.65126801129566,-25.885414947146966
46404,NJ,2021,2022,60.451136363636365,61.37917817112455,-0.9280418074881851,0.9280418074881851,-1.5351933202804722
46410,NJ,2021,2022,75.49573604060913,76.11805873336303,-0.6223226927538974,0.6223226927538974,-0.8243150214724051
46422,NJ,2021,2022,118.39904306220096,123.01972405621436,-4.620680994013398,4.620680994013398,-3.9026337329313736
46428,NJ,2021,2022,211.3985835694051,222.49538756977935,-11.096804000374249,11.096804000374249,-5.249232900716675
46434,NJ,2021,2022,277.6904918032787,335.916249147135,-58.22575734385629,58.22575734385629,-20.967861364552785
46440,NJ,2021,2022,82.06285714285714,101.24595587050295,-19.183098727645813,19.183098727645813,-23.376103873950402
46476,NJ,2021,2022,182.4266304347826,209.7658688524115,-27.339238417628906,27.339238417628906,-14.986429531955132
46482,NJ,2021,2022,111.38801204819278,114.9510983182722,-3.563086270079424,3.563086270079424,-3.1988058719800394
46488,NJ,2021,2022,135.79243167484233,149.21017223700667,-13.41774056216434,13.41774056216434,-9.881066563631018
46500,NJ,2021,2022,265.1098901098901,334.4262655414223,-69.31637543153221,69.31637543153221,-26.146280473655676
46506,NJ,2021,2022,177.1890279114533,188.15458942373644,-10.96556151228313,10.96556151228313,-6.188623325910988
46518,NJ,2021,2022,79.37537493952588,81.88609013492437,-2.5107151953984896,2.5107151953984896,-3.1630908166560987
46530,NJ,2021,2022,153.94092526690392,192.48108241011548,-38.54015714321156,38.54015714321156,-25.035679807946032
46536,NJ,2021,2022,117.43658536585366,137.04771182471868,-19.611126458865016,19.611126458865016,-16.69933300408037
46542,NJ,2021,2022,178.3367741935484,176.00400502384048,2.332769169707916,2.332769169707916,1.3080696229125286
46548,NJ,2021,2022,96.64112903225806,97.91031100108859,-1.269181968830523,1.269181968830523,-1.3132938134517034
46560,NJ,2021,2022,569.2807053941908,752.9523354002131,-183.67163000602227,183.67163000602227,-32.26380733891926
46572,NJ,2021,2022,196.39304703476483,276.27933843048265,-79.88629139571782,79.88629139571782,-40.67674115854856
46584,NJ,2021,2022,117.94135802469135,133.8125569537603,-15.871198929068939,15.871198929068939,-13.456856182498983
46806,NJ,2021,2022,54.636436950146624,56.61752561345118,-1.9810886633045541,1.9810886633045541,-3.625947762867867
46818,NJ,2021,2022,76.9689497716895,87.6281693654292,-10.659219593739707,10.659219593739707,-13.848726824723222
46926,NJ,2021,2022,119.8507658643326,129.92052652491765,-10.069760660585047,10.069760660585047,-8.401915989409453
46932,NJ,2021,2022,107.60192307692309,113.9337035025875,-6.3317804256644195,6.3317804256644195,-5.884449129350522
46938,NJ,2021,2022,74.40321715817694,85.59049859001931,-11.187281431842365,11.187281431842365,-15.036018413100136
46950,NJ,2021,2022,102.5798715203426,139.56511283676483,-36.98524131642222,36.98524131642222,-36.05506691348086
46956,NJ,2021,2022,96.10779661016949,113.09003296801555,-16.982236357846062,16.982236357846062,-17.669988239069788
46962,NJ,2021,2022,70.58955223880596,75.0101674693302,-4.420615230524234,4.420615230524234,-6.262421407022385
46968,NJ,2021,2022,90.09194444444444,90.33422657711255,-0.24228213266810883,0.24228213266810883,-0.26892763183451224
46980,NJ,2021,2022,196.78246153846155,295.3899117065772,-98.60745016811566,98.60745016811566,-50.10987737280775
46992,NJ,2021,2022,87.15263157894736,100.367743442137,-13.215111863189634,13.215111863189634,-15.163181677673956
47004,NJ,2021,2022,160.45628997867803,177.3191971371931,-16.86290715851507,16.86290715851507,-10.509346290354756
47016,NJ,2021,2022,130.86666666666667,139.38717223273207,-8.520505566065395,8.520505566065395,-6.510829520681657
47028,NJ,2021,2022,96.88058823529413,101.51656798763302,-4.635979752338898,4.635979752338898,-4.785251449010077
47040,NJ,2021,2022,92.1346081504702,99.05633411359464,-6.9217259631244445,6.9217259631244445,-7.512623217347585
47058,NJ,2021,2022,86.1984399375975,84.00577373815096,2.192666199446535,2.192666199446535,2.543742324146346
47082,NJ,2021,2022,79.46631578947368,79.80803725634493,-0.34172146687124894,0.34172146687124894,-0.4300205231315308
47088,NJ,2021,2022,104.02339449541284,107.42628721795883,-3.4028927225459853,3.4028927225459853,-3.271276369178708
47094,NJ,2021,2022,112.0076062639821,111.57645372024157,0.4311525437405237,0.4311525437405237,0.38493148646027975
47100,NJ,2021,2022,87.66209912536443,96.55361740910685,-8.891518283742414,8.891518283742414,-10.14294475315583
47106,NJ,2021,2022,99.755,109.0009216030792,-9.24592160307921,9.24592160307921,-9.268629745956805
47112,NJ,2021,2022,107.71121076233185,110.68190038786233,-2.9706896255304827,2.9706896255304827,-2.758013399445859
47118,NJ,2021,2022,165.99695512820512,189.04804293828644,-23.051087810081327,23.051087810081327,-13.886452189606842
47136,NJ,2021,2022,106.19114391143911,132.46857864866953,-26.277434737230422,26.277434737230422,-24.74541074644151
47142,NJ,2021,2022,68.37947368421052,70.6852353009173,-2.305761616706775,2.305761616706775,-3.372008429540161
47160,NJ,2021,2022,94.08207771609834,99.34697367861972,-5.264895962521379,5.264895962521379,-5.596066849638149
47178,NJ,2021,2022,82.69095238095238,80.81562190081493,1.8753304801374497,1.8753304801374497,2.26787868096852
47190,NJ,2021,2022,104.33537414965988,112.28462336637345,-7.949249216713568,7.949249216713568,-7.618939675541942
47196,NJ,2021,2022,108.14955175224124,116.54564240667696,-8.396090654435724,8.396090654435724,-7.763407724213456
47214,NJ,2021,2022,163.5549689440994,180.01595633975904,-16.460987395659657,16.460987395659657,-10.06449849975868
47226,NJ,2021,2022,157.82045454545454,168.80710764962407,-10.986653104169534,10.986653104169534,-6.96148869664117
47244,NJ,2021,2022,87.7916488222698,89.84351969001143,-2.051870867741627,2.051870867741627,-2.3372050704908687
47256,NJ,2021,2022,120.95380333951762,124.82294296457512,-3.8691396250574996,3.8691396250574996,-3.1988573473765145
47292,NJ,2021,2022,85.81622691292876,88.01774571228594,-2.2015187993571885,2.2015187993571885,-2.5653875479644466
47310,NJ,2021,2022,77.90520393811533,84.28340537885256,-6.378201440737229,6.378201440737229,-8.187131434510855
47406,NJ,2021,2022,453.19104744852285,600.011833727159,-146.82078627863615,146.82078627863615,-32.397106497412274
47520,NJ,2021,2022,256.23012490815574,312.1134522628116,-55.883327354655876,55.883327354655876,-21.809819346841806
47526,NJ,2021,2022,153.5693304535637,182.00343597459886,-28.43410552103515,28.43410552103515,-18.51548446363322
47532,NJ,2021,2022,210.31265625,248.34485863232112,-38.03220238232112,38.03220238232112,-18.083648916074736
47544,NJ,2021,2022,339.32331606217616,423.0276837554146,-83.70436769323845,83.70436769323845,-24.66802713843007
47562,NJ,2021,2022,133.47556561085972,144.85708203408623,-11.381516423226515,11.381516423226515,-8.527041163780243
47568,NJ,2021,2022,363.6299892125135,448.8033275848897,-85.17333837237618,85.17333837237618,-23.42307865113924
47580,NJ,2021,2022,243.87857142857143,321.4401249734284,-77.56155354485696,77.56155354485696,-31.803349138271315
47586,NJ,2021,2022,760.1114457831326,918.2167567194655,-158.1053109363329,158.1053109363329,-20.800280250146624
47592,NJ,2021,2022,244.07222222222225,405.8028618138515,-161.73063959162926,161.73063959162926,-66.26343551884293
47598,NJ,2021,2022,163.35,187.65927063324966,-24.309270633249668,24.309270633249668,-14.881708376645037
47604,NJ,2021,2022,436.52972972972975,484.1058808921173,-47.57615116238753,47.57615116238753,-10.898719588203884
47610,NJ,2021,2022,349.1322580645161,431.28647482957115,-82.15421676505503,82.15421676505503,-23.530972824021823
47616,NJ,2021,2022,156.38137583892615,176.0767962057598,-19.695420366833645,19.695420366833645,-12.594479528764383
47640,NJ,2021,2022,263.0250663129973,318.33199306452684,-55.306926751529545,55.306926751529545,-21.027245625979553
47670,NJ,2021,2022,365.4632608695652,480.34520733974125,-114.88194647017605,114.88194647017605,-31.434608829580196
47676,NJ,2021,2022,183.428025477707,216.01035335974188,-32.58232788203489,32.58232788203489,-17.763004206788892
47700,NJ,2021,2022,151.15705128205127,184.58917588559453,-33.43212460354326,33.43212460354326,-22.117476042292356
47760,NJ,2021,2022,207.142899408284,240.14756480492738,-33.00466539664339,33.00466539664339,-15.933283492180122
47844,NJ,2021,2022,213.36229773462784,282.455872205377,-69.09357447074913,69.09357447074913,-32.383216343444694
47856,NJ,2021,2022,662.3931034482758,1178.7020275422435,-516.3089240939677,516.3089240939677,-77.94599934784566
47880,NJ,2021,2022,133.744,154.03593498715767,-20.291934987157674,20.291934987157674,-15.172220800303322
47886,NJ,2021,2022,142.1586744639376,162.97332010735425,-20.814645643416668,20.814645643416668,-14.641839987539324
48012,NJ,2021,2022,91.66806722689076,96.54996642349668,-4.881899196605929,4.881899196605929,-5.325626845085076
48018,NJ,2021,2022,158.91420079260237,174.66094421188907,-15.746743419286702,15.746743419286702,-9.908959262764471
48024,NJ,2021,2022,73.12145214521452,75.39826236564933,-2.276810220434811,2.276810220434811,-3.1137376975408144
48030,NJ,2021,2022,82.63721413721414,92.24752525381429,-9.610311116600144,9.610311116600144,-11.629519722969846
48042,NJ,2021,2022,75.53582089552239,76.77134977700304,-1.235528881480647,1.235528881480647,-1.6356860451540902
48048,NJ,2021,2022,176.1592841163311,208.77072326308192,-32.611439146750826,32.611439146750826,-18.512472567278976
48054,NJ,2021,2022,83.65836627140975,85.32248457354035,-1.6641183021306034,1.6641183021306034,-1.9891833612095244
48060,NJ,2021,2022,59.51292639138241,64.5976281319813,-5.084701740598888,5.084701740598888,-8.543861054923966
48072,NJ,2021,2022,75.42947421638019,76.45409275497337,-1.024618538593188,1.024618538593188,-1.3583795316588365
48084,NJ,2021,2022,64.48,65.88797593057596,-1.407975930575958,1.407975930575958,-2.183585500272888
48090,NJ,2021,2022,56.99021406727829,57.76810403467402,-0.7778899673957298,0.7778899673957298,-1.3649535804119148
48096,NJ,2021,2022,76.5298364354202,79.92634306374013,-3.3965066283199405,3.3965066283199405,-4.438146984916251
48114,NJ,2021,2022,81.63125,81.93609688402596,-0.30484688402596305,0.30484688402596305,-0.3734438514980024
48120,NJ,2021,2022,111.75506329113924,127.80463348617201,-16.04957019503277,16.04957019503277,-14.361380793298965
48126,NJ,2021,2022,55.24261945392492,55.602605368750275,-0.3599859148253586,0.3599859148253586,-0.6516452666144926
48132,NJ,2021,2022,115.9657894736842,126.09470492483071,-10.128915451146511,10.128915451146511,-8.734399599327558
48156,NJ,2021,2022,89.36896551724138,97.95454633398796,-8.585580816746585,8.585580816746585,-9.60689291529309
48162,NJ,2021,2022,74.58677042801557,75.19117238481118,-0.6044019567956127,0.6044019567956127,-0.8103339953282024
48168,NJ,2021,2022,73.47364253393665,76.70264410691314,-3.229001572976486,3.229001572976486,-4.394775407364683
48174,NJ,2021,2022,67.76032388663968,70.60037314375616,-2.840049257116476,2.840049257116476,-4.191315941564514
48180,NJ,2021,2022,53.81700468018721,55.35687944081104,-1.5398747606238317,1.5398747606238317,-2.861316362318355
48186,NJ,2021,2022,61.27893864013267,61.94477857594192,-0.6658399358092453,0.6658399358092453,-1.0865722393128636
48198,NJ,2021,2022,297.2137761377614,246.74719186122695,50.466584276534434,50.466584276534434,16.979894045403434
48204,NJ,2021,2022,115.57067745197168,124.19729724038743,-8.626619788415752,8.626619788415752,-7.464367241423122
48210,NJ,2021,2022,117.65274151436032,125.54589470524635,-7.893153190886039,7.893153190886039,-6.7088561552325805
48216,NJ,2021,2022,118.0466463414634,127.44071742044858,-9.394071078985178,9.394071078985178,-7.9579313518249
48222,NJ,2021,2022,80.86917355371901,87.58633558053916,-6.717162026820148,6.717162026820148,-8.306208325918076
48246,NJ,2021,2022,104.5625,112.53128183626598,-7.9687818362659755,7.9687818362659755,-7.621070494934585
48258,NJ,2021,2022,139.44787752261655,162.2087876771759,-22.760910154559355,22.760910154559355,-16.32216320457645
48270,NJ,2021,2022,54.29210526315789,54.709433594692776,-0.4173283315348826,0.4173283315348826,-0.768672221333214
48276,NJ,2021,2022,57.229342027267336,57.0940304718241,0.1353115554432378,0.1353115554432378,0.23643737748857505
48288,NJ,2021,2022,106.81863354037267,109.78556714651289,-2.9669336061402163,2.9669336061402163,-2.7775431194023352
48294,NJ,2021,2022,65.7057761732852,63.64382948279665,2.061946690488554,2.061946690488554,3.138151332465204
48300,NJ,2021,2022,88.80652472527473,95.61781917099384,-6.811294445719113,6.811294445719113,-7.66981307599867
48306,NJ,2021,2022,79.59982269503546,80.16421557045274,-0.5643928754172833,0.5643928754172833,-0.7090378549957296
48312,NJ,2021,2022,61.55530227948464,63.03395452194806,-1.4786522424634185,1.4786522424634185,-2.4021525160412196
48318,NJ,2021,2022,111.74269617706236,126.09527625961279,-14.352580082550432,14.352580082550432,-12.8443115958183
48324,NJ,2021,2022,112.86936082474227,125.90941239767992,-13.040051572937642,13.040051572937642,-11.55322531965567
48330,NJ,2021,2022,156.92668918918918,182.36747311249133,-25.44078392330215,25.44078392330215,-16.211891077770083
48336,NJ,2021,2022,163.19828326180257,181.47829574102488,-18.280012479222307,18.280012479222307,-11.201105865738505
48342,NJ,2021,2022,245.8165242165242,314.9427683673651,-69.1262441508409,69.1262441508409,-28.121072971462237
48354,NJ,2021,2022,71.49633333333334,68.10221594433933,3.3941173889940046,3.3941173889940046,4.747260776534933
48360,NJ,2021,2022,77.27341678939617,77.5138118427598,-0.24039505336362765,0.24039505336362765,-0.31109670485881225
48366,NJ,2021,2022,107.11616766467066,109.65380562780085,-2.5376379631301944,2.5376379631301944,-2.3690522340888087
48372,NJ,2021,2022,169.3467418546366,183.3485615165244,-14.001819661887794,14.001819661887794,-8.268136433298869
48378,NJ,2021,2022,61.26118421052632,62.69489169999346,-1.433707489467146,1.433707489467146,-2.3403195807318338
48390,NJ,2021,2022,69.39590792838875,76.51485970265577,-7.118951774267018,7.118951774267018,-10.25846045794693
48396,NJ,2021,2022,49.89845360824742,50.35547940211778,-0.4570257938703577,0.4570257938703577,-0.9159117383846511
48402,NJ,2021,2022,88.72696629213483,88.14883945548145,0.5781268366533823,0.5781268366533823,0.6515796277198199
48408,NJ,2021,2022,60.87852760736196,63.271371887961514,-2.3928442805995545,2.3928442805995545,-3.9305225908751953
48414,NJ,2021,2022,52.8089552238806,53.65348099367148,-0.8445257697908772,0.8445257697908772,-1.5992093882762075
48420,NJ,2021,2022,67.30567484662576,70.56734363759527,-3.261668790969509,3.261668790969509,-4.846053172191061
48426,NJ,2021,2022,86.66507276507276,94.27461426786945,-7.609541502796688,7.609541502796688,-8.780401677414202
48450,NJ,2021,2022,76.58551587301588,81.17622764623897,-4.5907117732230915,4.5907117732230915,-5.994229745523699
48462,NJ,2021,2022,110.73402985074628,116.353004191131,-5.6189743403847245,5.6189743403847245,-5.07429770952823
48468,NJ,2021,2022,63.16125907990315,63.20964060178333,-0.048381521880180856,0.048381521880180856,-0.07659999592309433
48474,NJ,2021,2022,61.04094827586207,63.19872843208184,-2.157780156219772,2.157780156219772,-3.534971551339809
48480,NJ,2021,2022,110.1549059481444,114.110710466265,-3.955804518120601,3.955804518120601,-3.591128769137893
48486,NJ,2021,2022,75.63221789883268,74.40554627767989,1.2266716211527893,1.2266716211527893,1.621890320330963
48498,NJ,2021,2022,72.0973282442748,71.92250535049004,0.17482289378476423,0.17482289378476423,0.24248179237993717
48504,NJ,2021,2022,74.14602272727272,75.58040907720756,-1.4343863499348402,1.4343863499348402,-1.934542538054759
48510,NJ,2021,2022,113.3560418648906,111.32335007561836,2.032691789272235,2.032691789272235,1.7931922779158134
48516,NJ,2021,2022,84.14072398190045,88.34413465725332,-4.20341067535287,4.20341067535287,-4.995691118912963
48522,NJ,2021,2022,73.70581570996978,85.71877519593647,-12.01295948596669,12.01295948596669,-16.298523217268677
48528,NJ,2021,2022,101.2180790960452,111.17995759897356,-9.961878502928357,9.961878502928357,-9.841995216561651
48534,NJ,2021,2022,73.10804020100502,78.02042838350185,-4.9123881824968265,4.9123881824968265,-6.7193542173892045
48540,NJ,2021,2022,86.69684684684685,88.66471630558324,-1.9678694587363879,1.9678694587363879,-2.2698281775030424
48546,NJ,2021,2022,78.16078431372549,89.90516312704266,-11.74437881331717,11.74437881331717,-15.025922419326065
48552,NJ,2021,2022,92.98177083333331,105.7254358323887,-12.743664999055383,12.743664999055383,-13.705552050517486
48558,NJ,2021,2022,57.84122448979592,57.79209794053447,0.04912654926145166,0.04912654926145166,0.0849334530774298
48564,NJ,2021,2022,77.23180722891566,79.69828526839729,-2.466478039481629,2.466478039481629,-3.193603941146903
48576,NJ,2021,2022,74.49619358346928,79.17520636147748,-4.6790127780082,4.6790127780082,-6.280874972176396
48582,NJ,2021,2022,83.44294117647058,84.26890565738691,-0.8259644809163262,0.8259644809163262,-0.9898554260803472
48588,NJ,2021,2022,95.63181818181818,122.22567570896607,-26.59385752714789,26.59385752714789,-27.80858717606605
48612,NJ,2021,2022,35.03581560283688,34.56608136659867,0.4697342362382102,0.4697342362382102,1.3407258491227345
48618,NJ,2021,2022,35.44288659793814,34.32783394991087,1.115052648027273,1.115052648027273,3.1460548365497414
48624,NJ,2021,2022,30.434563758389263,30.430312755352308,0.004251003036955581,0.004251003036955581,0.013967681845887458
48630,NJ,2021,2022,32.29267461669506,33.12517711622169,-0.8325024995266332,0.8325024995266332,-2.577991787327012
48636,NJ,2021,2022,83.34850894632207,84.75480051461449,-1.406291568292417,1.406291568292417,-1.6872426226581856
48642,NJ,2021,2022,68.79623493975903,71.97403983998694,-3.177804900227912,3.177804900227912,-4.619155253206133
48648,NJ,2021,2022,106.53076109936576,111.66545355381368,-5.134692454447915,5.134692454447915,-4.819915300951027
48654,NJ,2021,2022,67.21950171821305,67.6601225425309,-0.4406208243178469,0.4406208243178469,-0.6554955229584232
48660,NJ,2021,2022,46.65014272121789,48.03848012036741,-1.3883373991495205,1.3883373991495205,-2.9760624901969757
49206,NJ,2021,2022,68.57118055555556,69.85882283616786,-1.2876422806123031,1.2876422806123031,-1.8778184511043536
49212,NJ,2021,2022,257.4746835443038,293.3446988872046,-35.870015342900786,35.870015342900786,-13.93147273709674
49218,NJ,2021,2022,113.89027431421448,126.24210550458682,-12.351831190372337,12.351831190372337,-10.84537838261289
49224,NJ,2021,2022,90.87847533632286,105.6073084788749,-14.728833142552034,14.728833142552034,-16.20717456806312
49230,NJ,2021,2022,70.87350369872226,72.92815710327635,-2.054653404554088,2.054653404554088,-2.89904308003208
49260,NJ,2021,2022,80.38112359550561,85.89089434002841,-5.509770744522797,5.509770744522797,-6.854558008232255
49290,NJ,2021,2022,70.03145400593472,72.4114987178966,-2.3800447119618866,2.3800447119618866,-3.3985367657227177
49326,NJ,2021,2022,134.72063492063492,170.267554753453,-35.54691983281808,35.54691983281808,-26.38565343294223
49338,NJ,2021,2022,99.9467248908297,111.53479947310545,-11.588074582275752,11.588074582275752,-11.594251432383833
49350,NJ,2021,2022,86.31940928270042,95.60880782302503,-9.289398540324612,9.289398540324612,-10.761656755436501
49356,NJ,2021,2022,141.42924836601307,177.36521393367934,-35.93596556766627,35.93596556766627,-25.409146964187684
49380,NJ,2021,2022,96.0037617554859,110.00213539619023,-13.99837364070433,13.99837364070433,-14.581067850608914
49392,NJ,2021,2022,37.08900778210117,37.6129754504663,-0.5239676683651311,0.5239676683651311,-1.4127303470706307
49404,NJ,2021,2022,72.2852127220157,76.94894157584818,-4.663728853832481,4.663728853832481,-6.451843576593726
49446,NJ,2021,2022,99.48166666666668,102.07107779062318,-2.589411123956495,2.589411123956495,-2.602902836994918
49452,NJ,2021,2022,52.76681818181818,55.52376690584813,-2.7569487240299466,2.7569487240299466,-5.2247772729641415
49458,NJ,2021,2022,146.76363636363635,164.59727072309363,-17.833634359457278,17.833634359457278,-12.151262261770942
49464,NJ,2021,2022,68.16936936936936,74.8489480308117,-6.679578661442335,6.679578661442335,-9.798504406355384
49482,NJ,2021,2022,203.1877551020408,310.00664576204866,-106.81889066000787,106.81889066000787,-52.571519679600506
49506,NJ,2021,2022,54.74740124740125,56.741163838393234,-1.9937625909919845,1.9937625909919845,-3.641748367164048
49560,NJ,2021,2022,72.1866935483871,79.72095241865765,-7.534258870270548,7.534258870270548,-10.437185165186015
49620,NJ,2021,2022,71.93516483516484,74.37149255432861,-2.4363277191637707,2.4363277191637707,-3.3868383074487576
49812,NJ,2021,2022,56.87845659163988,57.302341172504796,-0.42388458086491454,0.42388458086491454,-0.7452462782318499
49860,NJ,2021,2022,68.12555555555555,67.52243953704964,0.603116018505915,0.603116018505915,0.8853006974953493
49866,NJ,2021,2022,56.66494845360825,55.41593016149314,1.2490182921151103,1.2490182921151103,2.2042167622153315
49872,NJ,2021,2022,65.46699507389162,66.68665432603417,-1.2196592521425487,1.2196592521425487,-1.8630139519401148
49884,NJ,2021,2022,57.42727272727273,55.612270455243895,1.8150022720288348,1.8150022720288348,3.1605231901721043
49902,NJ,2021,2022,74.35762711864406,76.46948717440804,-2.1118600557639837,2.1118600557639837,-2.840139119009711
49908,NJ,2021,2022,84.4641541038526,89.68330260242062,-5.219148498568032,5.219148498568032,-6.179128357990595
49914,NJ,2021,2022,81.86,82.98382572236032,-1.1238257223603227,1.1238257223603227,-1.3728630861963387
49932,NJ,2021,2022,96.14891944990175,89.59225202432229,6.556667425579462,6.556667425579462,6.819283527149573
49938,NJ,2021,2022,81.26756756756757,85.23461850005428,-3.967050932486714,3.967050932486714,-4.881468771891597
49944,NJ,2021,2022,52.31428571428572,53.890429108923136,-1.5761433946374197,1.5761433946374197,-3.01283554409119
49956,NJ,2021,2022,56.857317073170734,55.14781773666546,1.7094993365052744,1.7094993365052744,3.0066479118339124
49962,NJ,2021,2022,56.05,55.53190733363846,0.5180926663615395,0.5180926663615395,0.9243401719206771
49968,NJ,2021,2022,68.69090909090909,75.67450960381089,-6.983600512901802,6.983600512901802,-10.166702705389072
49980,NJ,2021,2022,69.1724404378622,72.26949185380369,-3.097051415941479,3.097051415941479,-4.477290950466854
49992,NJ,2021,2022,60.02359686179843,63.0414486891069,-3.017851827308469,3.017851827308469,-5.027775716701774
50040,NJ,2021,2022,85.0093023255814,85.42483095093564,-0.4155286253542414,0.4155286253542414,-0.48880371204881484
50046,NJ,2021,2022,56.23170731707317,57.98964877079834,-1.7579414537251665,1.7579414537251665,-3.126245916405631
50058,NJ,2021,2022,99.6406113537118,105.54734428618018,-5.906732932468373,5.906732932468373,-5.928037626646232
50064,NJ,2021,2022,80.94867549668874,82.61701314614848,-1.668337649459744,1.668337649459744,-2.060982022526099
50070,NJ,2021,2022,60.142857142857146,58.94883545485869,1.1940216879984575,1.1940216879984575,1.9853092199499291
50076,NJ,2021,2022,53.16052631578948,54.93662003449208,-1.7760937187025974,1.7760937187025974,-3.341001005430359
50088,NJ,2021,2022,61.81428571428572,76.66387776183002,-14.849592047544306,14.849592047544306,-24.022912949574796
50094,NJ,2021,2022,52.57125,53.44505293733135,-0.8738029373313481,0.8738029373313481,-1.662130798357178
50100,NJ,2021,2022,73.22972972972973,67.42480698884854,5.804922740881182,5.804922740881182,7.927002820173601
50118,NJ,2021,2022,64.26153846153846,65.30647856193231,-1.0449401003938448,1.0449401003938448,-1.6260738933588679
50160,NJ,2021,2022,52.42383521333987,53.37387422651054,-0.9500390131706666,0.9500390131706666,-1.8122272231790433
50166,NJ,2021,2022,90.0412834224599,99.9442989154554,-9.903015492995507,9.903015492995507,-10.998305573380243
50406,NJ,2021,2022,38.72208513263418,43.31781951413262,-4.5957343814984455,4.5957343814984455,-11.868509574721365
50412,NJ,2021,2022,177.2541095890411,196.6389366155757,-19.384827026534595,19.384827026534595,-10.936179178851084
50418,NJ,2021,2022,202.0960784313725,288.01302245066245,-85.91694401928996,85.91694401928996,-42.51291993697222
50436,NJ,2021,2022,89.84034334763949,115.50490723942279,-25.664563891783303,25.664563891783303,-28.566858646647887
51006,NJ,2021,2022,148.81863905325443,173.02410920713982,-24.205470153885386,24.205470153885386,-16.265079635101024
51012,NJ,2021,2022,236.2121100917431,296.1527417893453,-59.940631697602214,59.940631697602214,-25.375765736279014
51030,NJ,2021,2022,94.16246215943492,96.48453084866138,-2.3220686892264553,2.3220686892264553,-2.4660237593349588
51060,NJ,2021,2022,180.8837301587301,190.39418865103255,-9.510458492302462,9.510458492302462,-5.257774418935739
51066,NJ,2021,2022,83.15510204081633,77.99340099700355,5.1617010438127835,5.1617010438127835,6.207317310823796
51072,NJ,2021,2022,157.50590163934427,189.8666900085543,-32.36078836921001,32.36078836921001,-20.545762433276614
51084,NJ,2021,2022,126.87991452991452,141.13810149446033,-14.258186964545814,14.258186964545814,-11.237544584871356
51090,NJ,2021,2022,151.48219178082192,153.909095206445,-2.426903425623067,2.426903425623067,-1.6021047735660765
51108,NJ,2021,2022,77.32236842105263,79.97724983945912,-2.6548814184064895,2.6548814184064895,-3.4335231481135575
51120,NJ,2021,2022,92.29391361256543,103.68310881448589,-11.389195201920458,11.389195201920458,-12.340136804394723
51150,NJ,2021,2022,164.0,233.18058271560196,-69.18058271560196,69.18058271560196,-42.18328214365973
51162,NJ,2021,2022,103.51193809874724,97.60228058523104,5.909657513516194,5.909657513516194,5.7091555061780035
51168,NJ,2021,2022,117.20434782608696,143.95091288410356,-26.7465650580166,26.7465650580166,-22.820454662402412
51180,NJ,2021,2022,145.79481865284973,174.6780313718322,-28.883212718982463,28.883212718982463,-19.810863641015892
51198,NJ,2021,2022,92.5875,95.1928933765092,-2.6053933765091983,2.6053933765091983,-2.8139796155087873
51204,NJ,2021,2022,231.4798751950078,255.45785888599715,-23.97798369098936,23.97798369098936,-10.358560834193193
51210,NJ,2021,2022,177.1583969465649,182.4292873956148,-5.270890449049915,5.270890449049915,-2.97524167067268
51216,NJ,2021,2022,153.75216473072862,162.34027603510683,-8.588111304378202,8.588111304378202,-5.585684806076618
51240,NJ,2021,2022,271.7008996851102,382.32495622348375,-110.62405653837357,110.62405653837357,-40.71538101882701
51252,NJ,2021,2022,150.78011363636364,294.16234060190703,-143.3822269655434,143.3822269655434,-95.09359258830264
51300,NJ,2021,2022,249.23812038014785,292.23232185495146,-42.99420147480362,42.99420147480362,-17.250251048767
51306,NJ,2021,2022,166.9303886925795,181.50193511769396,-14.571546425114462,14.571546425114462,-8.729115494932174
51318,NJ,2021,2022,153.35897435897436,209.4673764756254,-56.108402116651035,56.108402116651035,-36.586318049647055
51324,NJ,2021,2022,66.94564102564102,67.28901414670243,-0.34337312106140416,0.34337312106140416,-0.5129133365529922
51348,NJ,2021,2022,300.8201612903226,398.6291798258418,-97.80901853551921,97.80901853551921,-32.51411677860361
51354,NJ,2021,2022,162.77439024390245,177.31745704749764,-14.543066803595195,14.543066803595195,-8.934493185201768
51360,NJ,2021,2022,171.8659217877095,203.29285410955217,-31.426932321842656,31.426932321842656,-18.285726451728756
51372,NJ,2021,2022,72.192578125,79.79063332987639,-7.598055204876388,7.598055204876388,-10.524704065451864
51648,NJ,2021,2022,33.59318181818182,38.45087162543063,-4.857689807248811,4.857689807248811,-14.460344463767516
51654,NJ,2021,2022,35.282459016393446,35.528378395179274,-0.24591937878582826,0.24591937878582826,-0.6970018123497732
51660,NJ,2021,2022,57.63360655737705,59.89855767835099,-2.26495112097394,2.26495112097394,-3.9299139100709786
51666,NJ,2021,2022,34.767379182156134,35.528337722855774,-0.7609585406996402,0.7609585406996402,-2.188714129738578
51708,NJ,2021,2022,50.42987341772152,51.069015111421514,-0.6391416936999974,0.6391416936999974,-1.2673870671969547
51714,NJ,2021,2022,83.12957969865187,86.24786119380447,-3.1182814951526012,3.1182814951526012,-3.7511094203248705
51720,NJ,2021,2022,97.23178170144462,98.8440700682321,-1.6122883667874817,1.6122883667874817,-1.6581907053170117
51768,NJ,2021,2022,87.54495726495726,91.95239590845632,-4.407438643499063,4.407438643499063,-5.034486030028922
51774,NJ,2021,2022,41.97920489296636,43.13261993524676,-1.1534150422804004,1.1534150422804004,-2.747586680646388
51828,NJ,2021,2022,55.64616048317515,59.08644023427105,-3.4402797510959005,3.4402797510959005,-6.18242071191252
51840,NJ,2021,2022,61.3468085106383,62.50881149403461,-1.162002983396313,1.162002983396313,-1.894153928471776
51846,NJ,2021,2022,59.17453416149068,59.02088834519441,0.15364581629627594,0.15364581629627594,0.25964854387694497
51888,NJ,2021,2022,109.5962915601023,117.66192879622757,-8.06563723612527,8.06563723612527,-7.359407076015977
52140,NJ,2021,2022,100.42889305816136,111.75429866494233,-11.325405606780961,11.325405606780961,-11.27703916862061
52146,NJ,2021,2022,162.39735894357744,169.42025942359808,-7.022900480020638,7.022900480020638,-4.324516436539243
52206,NJ,2021,2022,92.35784716516024,103.81556794499275,-11.457720779832513,11.457720779832513,-12.405790229543875
52326,NJ,2021,2022,83.60509383378016,88.2499835146591,-4.644889680878947,4.644889680878947,-5.555749617497835
52332,NJ,2021,2022,72.02090592334494,72.01123936747025,0.009666555874687788,0.009666555874687788,0.01342187487196611
52338,NJ,2021,2022,83.05800344234079,86.53350777047878,-3.475504328137987,3.475504328137987,-4.184430378886601
52344,NJ,2021,2022,88.68872246696036,92.36753323900398,-3.6788107720436187,3.6788107720436187,-4.148002891138841
52380,NJ,2021,2022,206.17849462365592,236.13030844075448,-29.951813817098554,29.951813817098554,-14.527127997403678
52386,NJ,2021,2022,87.19023539668702,91.93022452544241,-4.739989128755397,4.739989128755397,-5.436376111602405
52398,NJ,2021,2022,53.50510948905109,55.50740325746376,-2.0022937684126703,2.0022937684126703,-3.7422477732195008
52404,NJ,2021,2022,92.07289002557545,98.80123627725445,-6.728346251679,6.728346251679,-7.307630128488462
52410,NJ,2021,2022,154.99481865284974,201.07724553631448,-46.082426883464734,46.082426883464734,-29.731591858356264
52416,NJ,2021,2022,170.5875901875902,202.83804518749017,-32.25045499989997,32.25045499989997,-18.905510632065962
52428,NJ,2021,2022,487.1898305084746,434.00536628953637,53.18446421893822,53.18446421893822,10.916579306146474
52446,NJ,2021,2022,103.94013605442176,109.96782599060974,-6.027689936187983,6.027689936187983,-5.799193810013833
52452,NJ,2021,2022,127.2146501457726,160.5561696655821,-33.34151951980951,33.34151951980951,-26.208867832127954
52500,NJ,2021,2022,278.0627358490566,365.0159461582097,-86.95321030915312,86.95321030915312,-31.271076307166435
52506,NJ,2021,2022,85.36952380952381,102.92905329240052,-17.559529482876712,17.559529482876712,-20.568850216448993
52512,NJ,2021,2022,130.3984496124031,180.17297814695027,-49.77452853454716,49.77452853454716,-38.171104551087204
52518,NJ,2021,2022,88.9474835230677,96.48065189982255,-7.533168376754844,7.533168376754844,-8.469231594170044
52530,NJ,2021,2022,89.35065034429992,92.67288099502511,-3.3222306507251886,3.3222306507251886,-3.7181941462355885
52542,NJ,2021,2022,59.33890625,64.98629756483757,-5.64739131483757,5.64739131483757,-9.517181343121859
52548,NJ,2021,2022,88.66430155210644,103.4912862203279,-14.826984668221456,14.826984668221456,-16.7226092222786
52554,NJ,2021,2022,63.26598746081505,72.43613255466141,-9.170145093846365,9.170145093846365,-14.494589370830674
52806,NJ,2021,2022,175.1529715762274,190.07858591710442,-14.925614340877019,14.925614340877019,-8.521473661884931
52812,NJ,2021,2022,129.62110552763818,149.05188359141897,-19.430778063780792,19.430778063780792,-14.990443095424538
52824,NJ,2021,2022,125.71548387096774,116.38943641870841,9.326047452259331,9.326047452259331,7.418376134026124
52830,NJ,2021,2022,66.6885593220339,72.13916595151933,-5.450606629485435,5.450606629485435,-8.173225939947027
52842,NJ,2021,2022,147.91009174311927,166.80548851225493,-18.895396769135658,18.895396769135658,-12.77492059294505
52854,NJ,2021,2022,140.2512027491409,137.3535091221401,2.897693627000791,2.897693627000791,2.0660739945194804
52860,NJ,2021,2022,155.82139303482586,185.30205910453395,-29.480666069708093,29.480666069708093,-18.91952413948655
52872,NJ,2021,2022,111.55883134130146,121.85023681909455,-10.291405477793091,10.291405477793091,-9.225092584833302
52896,NJ,2021,2022,130.12177519701368,150.91232224641675,-20.790547049403074,20.790547049403074,-15.97776161439905
52902,NJ,2021,2022,87.53911894273128,90.5900117676382,-3.0508928249069243,3.0508928249069243,-3.4851765265113537
52920,NJ,2021,2022,166.48959694989108,181.44091114336103,-14.951314193469955,14.951314193469955,-8.980329382363692
52932,NJ,2021,2022,139.44954954954954,153.47612045787852,-14.026570908328978,14.026570908328978,-10.058527226253265
52938,NJ,2021,2022,101.42495088408644,107.39260342252531,-5.96765253843887,5.96765253843887,-5.88381111986833
52944,NJ,2021,2022,138.71297709923664,148.40479173098623,-9.691814631749594,9.691814631749594,-6.986955967945215
52950,NJ,2021,2022,108.63430962343097,114.28840711229206,-5.6540974888610975,5.6540974888610975,-5.204706973754804
52956,NJ,2021,2022,123.430223880597,126.05005810073786,-2.6198342201408593,2.6198342201408593,-2.1225224566352683
52962,NJ,2021,2022,125.84405286343612,141.56985816612604,-15.72580530268992,15.72580530268992,-12.496264181633839
52968,NJ,2021,2022,83.01549295774647,93.02595202540897,-10.010459067662495,10.010459067662495,-12.058543183930324
52974,NJ,2021,2022,105.8745945945946,108.46812122432245,-2.5935266297278474,2.5935266297278474,-2.44962130873676
52980,NJ,2021,2022,101.44898580121703,109.64485170896987,-8.195865907752832,8.195865907752832,-8.078805167961088
52986,NJ,2021,2022,132.87194839563347,153.9438466526448,-21.071898257011327,21.071898257011327,-15.858801283073385
52992,NJ,2021,2022,47.229447852760735,48.06131347029435,-0.8318656175336159,0.8318656175336159,-1.7613282715626546
52998,NJ,2021,2022,198.5401301518438,240.45940615756157,-41.91927600571776,41.91927600571776,-21.113754671993934
53010,NJ,2021,2022,60.73717277486911,63.035819624935286,-2.298646850066177,2.298646850066177,-3.7845799286483675
53016,NJ,2021,2022,236.8298969072165,249.72321653519586,-12.893319627979366,12.893319627979366,-5.444126690233969
53022,NJ,2021,2022,108.27992916174736,143.1143806413153,-34.834451479567946,34.834451479567946,-32.170737226409365
53040,NJ,2021,2022,141.25794701986754,150.2481653857825,-8.990218365914956,8.990218365914956,-6.364398290915629
53064,NJ,2021,2022,146.28439944776807,154.38102189071958,-8.096622442951514,8.096622442951514,-5.534850246175753
53076,NJ,2021,2022,82.43168187744459,84.2535931417258,-1.821911264281212,1.821911264281212,-2.210207559503567
53088,NJ,2021,2022,112.41595238095238,126.0911063917096,-13.675154010757225,13.675154010757225,-12.164780639330623
53100,NJ,2021,2022,119.60963302752292,123.15979331049024,-3.550160282967326,3.550160282967326,-2.9681223770249443
53112,NJ,2021,2022,132.92433011789925,150.35094491768533,-17.42661479978608,17.42661479978608,-13.110176883591802
53118,NJ,2021,2022,180.69216417910448,175.5666135662059,5.125550612898593,5.125550612898593,2.836620301817891
53124,NJ,2021,2022,91.75167535368578,91.71028580714736,0.04138954653842575,0.04138954653842575,0.045110398669971616
53142,NJ,2021,2022,98.2198029094322,102.5215529944891,-4.301750085056895,4.301750085056895,-4.379717691984689
53154,NJ,2021,2022,81.40770478507704,82.59680203893717,-1.189097253860126,1.189097253860126,-1.4606691799006488
53166,NJ,2021,2022,43.700399334442594,44.14752132924211,-0.44712199479951664,0.44712199479951664,-1.0231531098323765
53178,NJ,2021,2022,81.97216494845361,80.10561543122849,1.866549517225124,1.866549517225124,2.2770528488528545
53190,NJ,2021,2022,68.33975195822454,69.02133702597627,-0.6815850677517261,0.6815850677517261,-0.9973478805840161
53202,NJ,2021,2022,178.169921875,214.9676680152769,-36.7977461402769,36.7977461402769,-20.65317521219624
53214,NJ,2021,2022,87.0752808988764,94.86286855970995,-7.787587660833552,7.787587660833552,-8.94351138513989
53232,NJ,2021,2022,86.22028708133972,83.85349324823112,2.366793833108602,2.366793833108602,2.7450544567031914
53238,NJ,2021,2022,96.91386738471896,102.37771180483233,-5.463844420113375,5.463844420113375,-5.6378355002835185
53256,NJ,2021,2022,113.2563137254902,119.89097925023266,-6.634665524742459,6.634665524742459,-5.858097713495701
53274,NJ,2021,2022,79.75098199672668,79.89990294181867,-0.14892094509198728,0.14892094509198728,-0.18673242806978807
53280,NJ,2021,2022,68.80118577075099,70.88492696232183,-2.0837411915708373,2.0837411915708373,-3.028641393643952
53292,NJ,2021,2022,70.66441717791412,74.30458247062397,-3.6401652927098525,3.6401652927098525,-5.15134128049891
53304,NJ,2021,2022,83.52404761904762,89.76069240768993,-6.236644788642309,6.236644788642309,-7.466885246136042
53316,NJ,2021,2022,107.21209439528025,110.49294015631227,-3.280845761032026,3.280845761032026,-3.0601452005366827
53322,NJ,2021,2022,88.735,93.17317157963997,-4.43817157963997,4.43817157963997,-5.001602050645146
53334,NJ,2021,2022,168.27486338797814,247.50142444233177,-79.22656105435362,79.22656105435362,-47.08163742298644
53406,NJ,2021,2022,47.27346524606799,48.594304940180535,-1.3208396941125429,1.3208396941125429,-2.7940403506222866
53412,NJ,2021,2022,89.21839389860924,91.90565251633429,-2.6872586177250497,2.6872586177250497,-3.0120006652203806
53424,NJ,2021,2022,106.58446215139442,112.32398021698555,-5.7395180655911275,5.7395180655911275,-5.384948190139212
60006,NY,2021,2022,264.14298349056605,296.7770843316987,-32.634100841132636,32.634100841132636,-12.35471047153451
60012,NY,2021,2022,80.70661282180717,87.2641001613399,-6.557487339532727,6.557487339532727,-8.125092988366468
60018,NY,2021,2022,305.01235059760955,425.1139747057491,-120.10162410813956,120.10162410813956,-39.375987192920185
60024,NY,2021,2022,412.298755186722,604.5625239242352,-192.26376873751315,192.26376873751315,-46.632148731674114
60030,NY,2021,2022,386.4944532488114,592.1594991313633,-205.6650458825519,205.6650458825519,-53.21293595645784
60036,NY,2021,2022,330.1596,366.42272506061994,-36.26312506061993,36.26312506061993,-10.983513749295772
60042,NY,2021,2022,894.9903614457832,1070.8252958111468,-175.83493436536367,175.83493436536367,-19.64657296211736
60054,NY,2021,2022,103.29012903225806,111.22736965793882,-7.937240625680758,7.937240625680758,-7.684413505962332
60060,NY,2021,2022,281.31965248651886,388.37563403263863,-107.05598154611977,107.05598154611977,-38.054924567081216
60066,NY,2021,2022,356.0007319623562,492.8746098674187,-136.8738779050625,136.8738779050625,-38.447639461464824
60072,NY,2021,2022,346.32444821731747,506.70088874941297,-160.3764405320955,160.3764405320955,-46.30814871939384
60078,NY,2021,2022,581.055785123967,874.9455502660968,-293.8897651421298,293.8897651421298,-50.57858000319695
60084,NY,2021,2022,426.81586695747,728.1351906546088,-301.31932369713877,301.31932369713877,-70.59702954463117
60096,NY,2021,2022,229.5003717472119,279.84898546135713,-50.348613714145245,50.348613714145245,-21.93835823917654
60102,NY,2021,2022,410.6870651204282,786.1577786485623,-375.47071352813407,375.47071352813407,-91.42501564251423
60108,NY,2021,2022,399.12718023255815,606.665160109223,-207.5379798766649,207.5379798766649,-51.997957081183856
60114,NY,2021,2022,328.01895979343414,574.0802348209065,-246.0612750274724,246.0612750274724,-75.014345262977
60126,NY,2021,2022,571.4375946547884,853.5654263736538,-282.1278317188654,282.1278317188654,-49.37159094149237
60132,NY,2021,2022,789.0632212744606,873.539145018409,-84.47592374394844,84.47592374394844,-10.70584985668279
60138,NY,2021,2022,419.6650835532102,604.7927309612753,-185.12764740806512,185.12764740806512,-44.11318803094859
60144,NY,2021,2022,425.6443454420836,624.1302576581311,-198.4859122160475,198.4859122160475,-46.63186868132728
60150,NY,2021,2022,192.60387505871304,273.23369190597316,-80.62981684726012,80.62981684726012,-41.86302940305902
60156,NY,2021,2022,90.46883720930232,98.3311669376083,-7.86232972830598,7.86232972830598,-8.690649698653967
60162,NY,2021,2022,85.23674471299094,90.53114809570539,-5.294403382714449,5.294403382714449,-6.211409645619102
60168,NY,2021,2022,454.2012581168832,626.2317983722646,-172.03054025538142,172.03054025538142,-37.875399325977085
60174,NY,2021,2022,65.82916786639792,71.9399946295556,-6.110826763157675,6.110826763157675,-9.282855854352835
60180,NY,2021,2022,56.23197172034564,59.65553989880384,-3.423568178458197,3.423568178458197,-6.088294743574667
60186,NY,2021,2022,53.98319882611886,53.52098884837742,0.4622099777414377,0.4622099777414377,0.8562107985305332
60192,NY,2021,2022,49.34698795180723,52.3133941270412,-2.9664061752339705,2.9664061752339705,-6.0113216598569155
60198,NY,2021,2022,57.263665212217376,64.86150904566026,-7.59784383344288,7.59784383344288,-13.268175910999593
60204,NY,2021,2022,55.55692883895131,62.86269062561265,-7.305761786661343,7.305761786661343,-13.150046158669642
60210,NY,2021,2022,62.27703703703704,61.173205636901095,1.1038314001359453,1.1038314001359453,1.772453303260849
60216,NY,2021,2022,225.68810572687224,426.66434972221725,-200.97624399534502,200.97624399534502,-89.0504368176879
60222,NY,2021,2022,60.76771159874608,64.64772952073609,-3.88001792199001,3.88001792199001,-6.384999237111429
60228,NY,2021,2022,201.85963302752293,228.0393054003971,-26.179672372874165,26.179672372874165,-12.96924599546094
60234,NY,2021,2022,51.94221146085553,52.04636336713811,-0.10415190628258131,0.10415190628258131,-0.2005149633666865
60240,NY,2021,2022,54.20418535127055,55.873462819417234,-1.6692774681466815,1.6692774681466815,-3.079609918180522
60264,NY,2021,2022,119.4158762886598,134.77044968391874,-15.354573395258939,15.354573395258939,-12.858067011243019
60390,NY,2021,2022,570.8974042829332,802.0569597702628,-231.1595554873296,231.1595554873296,-40.49055990676188
60414,NY,2021,2022,555.3134730538923,794.0784211940259,-238.76494814013358,238.76494814013358,-42.99642629361558
60450,NY,2021,2022,496.5614830813535,794.5763701167924,-298.0148870354389,298.0148870354389,-60.01570745804584
60768,NY,2021,2022,435.3812264150943,634.9551524174391,-199.57392600234476,199.57392600234476,-45.838891043976744
60972,NY,2021,2022,332.12432432432433,341.00999898734585,-8.885674663021518,8.885674663021518,-2.675406169391112
61680,NY,2021,2022,272.32524038461537,341.25146138899026,-68.9262210043749,68.9262210043749,-25.31025802346773
61692,NY,2021,2022,821.3107476635514,1099.4094189084265,-278.09867124487505,278.09867124487505,-33.86034726027933
61806,NY,2021,2022,81.67483407079646,89.4813558083132,-7.806521737516732,7.806521737516732,-9.558050317861644
61812,NY,2021,2022,59.035300794551645,61.61861808546248,-2.583317290910834,2.583317290910834,-4.375885709299626
61818,NY,2021,2022,53.81913385826772,53.8602565691356,-0.04112271086788155,0.04112271086788155,-0.07640909081922036
61824,NY,2021,2022,83.89377128953771,83.4484165050188,0.4453547845189121,0.4453547845189121,0.5308556018800071
61830,NY,2021,2022,67.77755491881567,72.60757571489981,-4.830020796084142,4.830020796084142,-7.126283622756188
61836,NY,2021,2022,82.30079612322604,89.96475865467318,-7.66396253144714,7.66396253144714,-9.31213656787981
61842,NY,2021,2022,118.93125925925926,123.36571108453954,-4.434451825280277,4.434451825280277,-3.7285839340299742
61848,NY,2021,2022,88.64932767162067,94.60530335040183,-5.955975678781158,5.955975678781158,-6.7185796386900805
61854,NY,2021,2022,106.57577092511012,110.76278786697542,-4.187016941865295,4.187016941865295,-3.928676194899379
61860,NY,2021,2022,73.7664418212479,78.22525980327636,-4.458817982028464,4.458817982028464,-6.044507328729706
61872,NY,2021,2022,96.2098582261787,102.02370152579104,-5.813843299612344,5.813843299612344,-6.042876901392624
61884,NY,2021,2022,82.95702147746047,89.67255004806182,-6.71552857060135,6.71552857060135,-8.095190076738673
62706,NY,2021,2022,41.20275415147833,42.81902851215934,-1.616274360681011,1.616274360681011,-3.922733792840448
62712,NY,2021,2022,34.47885254988913,35.8527729280655,-1.373920378176365,1.373920378176365,-3.9848204814483674
62718,NY,2021,2022,33.4773422818792,35.488591521953275,-2.011249240074072,2.011249240074072,-6.007792444033802
62724,NY,2021,2022,35.97790549169859,37.61931226269466,-1.6414067709960705,1.6414067709960705,-4.562263279541947
62730,NY,2021,2022,35.26408602150538,36.73202245287823,-1.4679364313728556,1.4679364313728556,-4.162695243193464
62736,NY,2021,2022,33.88908906368942,35.49612666888386,-1.6070376051944422,1.6070376051944422,-4.742050168932715
62742,NY,2021,2022,33.852939421068335,35.38533003691325,-1.5323906158449176,1.5323906158449176,-4.526610220710218
62748,NY,2021,2022,35.09868613138686,37.48329475105282,-2.384608619665954,2.384608619665954,-6.79401106565504
62754,NY,2021,2022,35.635280373831776,37.52454865816519,-1.8892682843334114,1.8892682843334114,-5.30167930352743
62760,NY,2021,2022,35.90718401844026,39.00615647607998,-3.098972457639718,3.098972457639718,-8.630508190361654
62766,NY,2021,2022,60.21664621676892,63.09999104277819,-2.883344826009271,2.883344826009271,-4.788285311722205
62772,NY,2021,2022,48.59921875,51.90744845870403,-3.308229708704033,3.308229708704033,-6.80716643969515
62778,NY,2021,2022,76.38260351504319,89.35363921222877,-12.971035697185584,12.971035697185584,-16.981662185200328
62784,NY,2021,2022,106.0646511627907,110.2048373232028,-4.1401861604120995,4.1401861604120995,-3.903455218136378
62790,NY,2021,2022,70.84360672440143,73.69610898636093,-2.8525022619595006,2.8525022619595006,-4.026478032176448
62796,NY,2021,2022,48.06665609137056,49.23150445429262,-1.1648483629220578,1.1648483629220578,-2.4234021203966876
62802,NY,2021,2022,41.50151717983043,43.55285113001909,-2.0513339501886634,2.0513339501886634,-4.942792672614878
62808,NY,2021,2022,36.94689635535308,40.21018513193589,-3.2632887765828045,3.2632887765828045,-8.83237591920221
62814,NY,2021,2022,54.51955430006277,54.167093060624694,0.35246123943807817,0.35246123943807817,0.6464859149401967
62820,NY,2021,2022,61.62496697490092,65.49715298406949,-3.8721860091685656,3.8721860091685656,-6.283469507976627
62826,NY,2021,2022,153.43114919354838,237.7908437845685,-84.35969459102012,84.35969459102012,-54.98211740863853
62832,NY,2021,2022,36.956947368421055,41.07077819703091,-4.113830828609856,4.113830828609856,-11.13141404131511
62838,NY,2021,2022,46.66425470332851,48.21362967665599,-1.549374973327481,1.549374973327481,-3.3202608360033787
62844,NY,2021,2022,34.3318,34.56288282621722,-0.23108282621721798,0.23108282621721798,-0.6730868355787287
62850,NY,2021,2022,56.10531962449709,58.17803978319079,-2.0727201586936985,2.0727201586936985,-3.694338028133598
63006,NY,2021,2022,179.84571428571428,186.88579707980907,-7.040082794094786,7.040082794094786,-3.9145124041768744
63012,NY,2021,2022,236.70736842105265,245.50065913889335,-8.793290717840705,8.793290717840705,-3.714836076500707
63024,NY,2021,2022,546.0884318766067,957.3358685502999,-411.2474366736932,411.2474366736932,-75.30784625128591
63030,NY,2021,2022,154.726582278481,185.48817798491854,-30.761595706437532,30.761595706437532,-19.881261030552587
63036,NY,2021,2022,498.2910394265233,772.3856305760384,-274.09459114951505,274.09459114951505,-55.00692757087644
63042,NY,2021,2022,362.086231884058,590.9853874815432,-228.89915559748516,228.89915559748516,-63.21675209975394
63054,NY,2021,2022,104.79406614785992,116.88930988034441,-12.09524373248449,12.09524373248449,-11.541916615220009
63060,NY,2021,2022,317.0618,415.1893761578735,-98.12757615787348,98.12757615787348,-30.949037745282933
63066,NY,2021,2022,96.68925619834712,105.83247846113034,-9.143222262783212,9.143222262783212,-9.456295996348262
63072,NY,2021,2022,103.53924528301889,113.88453561100046,-10.345290327981573,10.345290327981573,-9.99166093948559
63084,NY,2021,2022,561.0383763837639,1021.0697700303688,-460.0313936466049,460.0313936466049,-81.9964218155252
63096,NY,2021,2022,213.77773722627737,185.62224697746535,28.155490248812015,28.155490248812015,13.170450119887962
63108,NY,2021,2022,224.3057142857143,276.00390129108416,-51.698187005369874,51.698187005369874,-23.04809182860058
63120,NY,2021,2022,179.5456386292835,206.41573820920547,-26.87009957992197,26.87009957992197,-14.9656097385924
63132,NY,2021,2022,194.2395833333333,271.48776353274656,-77.24818019941327,77.24818019941327,-39.76953557753888
63138,NY,2021,2022,85.11647509578545,90.40311366855562,-5.286638572770173,5.286638572770173,-6.211063800305261
63144,NY,2021,2022,191.9308056872038,246.3187036146197,-54.38789792741591,54.38789792741591,-28.33724254565665
63156,NY,2021,2022,233.21515151515152,237.79925569846992,-4.584104183318402,4.584104183318402,-1.9656116481010806
63162,NY,2021,2022,202.89777777777772,235.95700429615331,-33.059226518375596,33.059226518375596,-16.293537997534635
63168,NY,2021,2022,294.36765676567654,400.26130735361915,-105.8936505879426,105.8936505879426,-35.97326273933566
63180,NY,2021,2022,152.50631868131867,176.6173863089539,-24.111067627635236,24.111067627635236,-15.80988108303786
63192,NY,2021,2022,123.88403041825094,142.19184095629066,-18.307810538039718,18.307810538039718,-14.778184465124214
63198,NY,2021,2022,355.98713136729225,484.3636292771111,-128.37649790981885,128.37649790981885,-36.062117587437584
63210,NY,2021,2022,79.27428571428571,88.04950529673044,-8.775219582444734,8.775219582444734,-11.06944011337006
63216,NY,2021,2022,341.3284615384615,488.21777626874814,-146.88931473028663,146.88931473028663,-43.0345931506022
63222,NY,2021,2022,78.90731707317073,80.14098648963225,-1.2336694164615238,1.2336694164615238,-1.5634410878747056
63228,NY,2021,2022,568.4071428571428,849.4854128022761,-281.07826994513323,281.07826994513323,-49.45016498777115
63246,NY,2021,2022,110.25388679245285,121.37590771025113,-11.122020917798281,11.122020917798281,-10.087645199062143
63258,NY,2021,2022,220.50010131712256,302.6493919631786,-82.14929064605602,82.14929064605602,-37.25589700655473
63276,NY,2021,2022,250.3442857142857,422.057953977411,-171.7136682631253,171.7136682631253,-68.59100768894706
63282,NY,2021,2022,103.53910761154856,109.8376790158713,-6.298571404322743,6.298571404322743,-6.083277661570469
63288,NY,2021,2022,99.84464285714286,107.12894263544311,-7.284299778300252,7.284299778300252,-7.295634066939962
63294,NY,2021,2022,229.35901442307693,329.5739029537609,-100.214888530684,100.214888530684,-43.693459698003
63300,NY,2021,2022,49.35596043727225,50.164592406536,-0.8086319692637502,0.8086319692637502,-1.638367407096578
63312,NY,2021,2022,93.09936936936936,97.73196362738192,-4.63259425801256,4.63259425801256,-4.975967387741222
63318,NY,2021,2022,62.90850340136054,62.04336071903706,0.86514268232348,0.86514268232348,1.375239650518803
63360,NY,2021,2022,237.20318181818183,303.89355964989,-66.69037783170816,66.69037783170816,-28.115296481489395
63372,NY,2021,2022,103.5537627934979,113.24060716293056,-9.686844369432663,9.686844369432663,-9.354410798910049
63396,NY,2021,2022,67.23705972434915,72.37878012689492,-5.141720402545772,5.141720402545772,-7.647152364522203
63402,NY,2021,2022,133.72102713178293,145.5506639219072,-11.829636790124255,11.829636790124255,-8.846504580364964
63420,NY,2021,2022,226.80486223662885,247.95082890041078,-21.145966663781934,21.145966663781934,-9.3234185789721
63438,NY,2021,2022,121.70056065239552,146.16642371596953,-24.465863063574005,24.465863063574005,-20.103328146083136
63456,NY,2021,2022,344.41167315175096,504.50499635533566,-160.0933232035847,160.0933232035847,-46.48312925591407
63462,NY,2021,2022,990.167549668874,1130.809779241986,-140.642229573112,140.642229573112,-14.20388192080671
63468,NY,2021,2022,112.25909090909092,130.53448850774961,-18.2753975986587,18.2753975986587,-16.279659358241542
63474,NY,2021,2022,127.52334801762116,134.6113754533705,-7.088027435749339,7.088027435749339,-5.558219373890588
63480,NY,2021,2022,793.0115613825983,1042.9883607273725,-249.97679934477424,249.97679934477424,-31.522465940968775
63498,NY,2021,2022,660.420725933719,798.6981111428115,-138.27738520909247,138.27738520909247,-20.93777190496142
63528,NY,2021,2022,106.13969465648854,113.13229765353766,-6.992602997049119,6.992602997049119,-6.58811297665783
63534,NY,2021,2022,153.59254658385092,181.81997975878141,-28.227433174930496,28.227433174930496,-18.37812693568452
63540,NY,2021,2022,242.2118181818182,266.79928745941027,-24.587469277592078,24.587469277592078,-10.151226088867102
63546,NY,2021,2022,171.05679806918744,215.85462083383132,-44.79782276464388,44.79782276464388,-26.188858478763578
63564,NY,2021,2022,147.80555555555554,161.77646513391576,-13.97090957836022,13.97090957836022,-9.452222229298403
63570,NY,2021,2022,151.34777448071216,175.54402251063658,-24.19624802992442,24.19624802992442,-15.98718455751591
63582,NY,2021,2022,492.5270833333333,667.9346545534539,-175.40757122012064,175.40757122012064,-35.61379204428602
63588,NY,2021,2022,138.79410582719356,160.90787135740675,-22.113765530213186,22.113765530213186,-15.932784319923543
63606,NY,2021,2022,217.51532385466035,233.643935910289,-16.12861205562865,16.12861205562865,-7.414931403364246
63618,NY,2021,2022,98.12758274824472,102.6612421867478,-4.533659438503079,4.533659438503079,-4.62016826617914
63624,NY,2021,2022,181.3565916398714,214.78550190345447,-33.42891026358308,33.42891026358308,-18.43269657932505
63630,NY,2021,2022,185.1209257473481,234.03640225808027,-48.91547651073216,48.91547651073216,-26.42352630490391
63636,NY,2021,2022,98.52077185017026,110.82120703820378,-12.300435188033518,12.300435188033518,-12.485118576557579
63642,NY,2021,2022,123.82398081534772,126.21337959614662,-2.3893987807988992,2.3893987807988992,-1.9296736908839054
64206,NY,2021,2022,60.46300559026636,62.183606720974836,-1.7206011307084736,1.7206011307084736,-2.845708899038695
64218,NY,2021,2022,64.70637119113573,67.76126492597719,-3.054893734841457,3.054893734841457,-4.721163741075244
64224,NY,2021,2022,76.60410724472334,80.19359675538486,-3.5894895106615223,3.5894895106615223,-4.685766390037493
64230,NY,2021,2022,59.244866310160425,60.738594059915684,-1.4937277497552586,1.4937277497552586,-2.5212779482617993
64236,NY,2021,2022,242.63963963963965,294.7197671327299,-52.08012749309023,52.08012749309023,-21.463981553235865
64242,NY,2021,2022,147.59418386491558,166.93819622003903,-19.344012355123454,19.344012355123454,-13.106215874216229
64248,NY,2021,2022,381.25584872471416,524.3829433871515,-143.12709466243734,143.12709466243734,-37.540957113495274
64254,NY,2021,2022,174.42224409448818,203.65559811915963,-29.233354024671456,29.233354024671456,-16.760106588718774
64260,NY,2021,2022,93.71257817929116,99.81590612158726,-6.103327942296104,6.103327942296104,-6.512816167130948
64806,NY,2021,2022,84.82283236994219,96.22946347322826,-11.406631103286074,11.406631103286074,-13.44759516345522
64818,NY,2021,2022,320.05626043405675,438.2895259750652,-118.23326554100845,118.23326554100845,-36.94140067145126
64824,NY,2021,2022,316.48615384615385,383.8882956718535,-67.40214182569963,67.40214182569963,-21.297027059978202
64830,NY,2021,2022,98.7748140276302,99.11952317989402,-0.3447091522638175,0.3447091522638175,-0.34898486588635064
65406,NY,2021,2022,151.4964539007092,192.20003646072047,-40.703582560011256,40.703582560011256,-26.867680075659322
65478,NY,2021,2022,153.984496124031,182.44835423854067,-28.463858114509662,28.463858114509662,-18.48488570666405
65496,NY,2021,2022,116.17787234042554,132.74612378083089,-16.568251440405348,16.568251440405348,-14.261107650393953
65502,NY,2021,2022,106.17363636363636,106.67353462410335,-0.49989826046699193,0.49989826046699193,-0.47083087439416665
65508,NY,2021,2022,103.23433835845896,101.61472568516535,1.6196126732936023,1.6196126732936023,1.5688701056714742
65514,NY,2021,2022,88.46724137931035,84.68818769557876,3.77905368373159,3.77905368373159,4.271698342586038
65520,NY,2021,2022,111.68406113537118,116.18684218342143,-4.502781048050252,4.502781048050252,-4.031713211603646
65526,NY,2021,2022,93.17973568281938,96.0578457304896,-2.8781100476702193,2.8781100476702193,-3.0887724960577336
65538,NY,2021,2022,74.04016064257029,77.38433957643306,-3.3441789338627785,3.3441789338627785,-4.516709451789064
65544,NY,2021,2022,126.47155688622756,132.68961855786617,-6.218061671638608,6.218061671638608,-4.9165692466586055
65550,NY,2021,2022,90.16285714285716,97.82155600879867,-7.658698865941503,7.658698865941503,-8.494294777955842
65556,NY,2021,2022,81.9375,82.84943966199386,-0.9119396619938556,0.9119396619938556,-1.1129698391992136
65562,NY,2021,2022,52.90743670886076,53.6334431084053,-0.7260063995445449,0.7260063995445449,-1.372219946204568
65568,NY,2021,2022,66.4191111111111,70.54136012583524,-4.122249014724133,4.122249014724133,-6.206420028458543
65580,NY,2021,2022,109.09976958525344,116.91932841653743,-7.8195588312839845,7.8195588312839845,-7.167346788183246
65640,NY,2021,2022,65.54590225563909,66.10963840038266,-0.5637361447435723,0.5637361447435723,-0.8600631394849286
65646,NY,2021,2022,74.58488372093024,75.67829618329166,-1.093412462361428,1.093412462361428,-1.4659974083389116
65700,NY,2021,2022,91.87700258397932,92.05938354768797,-0.18238096370865264,0.18238096370865264,-0.19850556567945177
65712,NY,2021,2022,126.33664302600472,155.39134193694449,-29.054698910939763,29.054698910939763,-22.997839910119534
65724,NY,2021,2022,100.58071428571428,107.61653705215583,-7.035822766441555,7.035822766441555,-6.995200637027958
65736,NY,2021,2022,141.5391171060699,160.68547783660847,-19.14636073053856,19.14636073053856,-13.52725742678627
65748,NY,2021,2022,95.13780487804878,97.16765449021973,-2.029849612170949,2.029849612170949,-2.1335888659328295
65760,NY,2021,2022,134.5836627140975,198.64339667924622,-64.05973396514872,64.05973396514872,-47.598447443976816
65772,NY,2021,2022,133.43082706766918,189.5087520958665,-56.07792502819731,56.07792502819731,-42.027712981017125
65778,NY,2021,2022,82.37209302325581,81.83937031203122,0.5327227112245936,0.5327227112245936,0.6467271762466834
65784,NY,2021,2022,318.61066666666665,351.70494307686363,-33.09427641019698,33.09427641019698,-10.387058523944685
65790,NY,2021,2022,120.94184049079756,128.43195843839325,-7.490117947595692,7.490117947595692,-6.193156906823833
65808,NY,2021,2022,163.93225806451613,206.496070360918,-42.56381229640186,42.56381229640186,-25.964268899200256
65814,NY,2021,2022,92.95970149253732,90.95686548981365,2.0028360027236687,2.0028360027236687,2.1545206907580847
65820,NY,2021,2022,98.4682745825603,105.46661349393274,-6.998338911372443,6.998338911372443,-7.107201726688849
65838,NY,2021,2022,97.34867256637168,101.59809435937419,-4.2494217930025115,4.2494217930025115,-4.365156381670519
65844,NY,2021,2022,104.03559322033898,112.28786246943575,-8.25226924909677,8.25226924909677,-7.932159555835021
65850,NY,2021,2022,73.90666666666667,72.58464071556155,1.3220259511051182,1.3220259511051182,1.7887776715295665
65856,NY,2021,2022,99.92409638554216,110.76404324391244,-10.839946858370283,10.839946858370283,-10.848181019867292
65862,NY,2021,2022,71.94477491961415,73.37545424801284,-1.4306793283986963,1.4306793283986963,-1.9885798933935555
65880,NY,2021,2022,104.22534435261709,108.04740983943947,-3.822065486822382,3.822065486822382,-3.6671171590390723
65898,NY,2021,2022,128.66258064516128,139.95761564144794,-11.29503499628666,11.29503499628666,-8.778803393845529
65904,NY,2021,2022,95.57,98.34031822496661,-2.7703182249666156,2.7703182249666156,-2.8987320550032605
65910,NY,2021,2022,95.02,87.55718944186559,7.462810558134407,7.462810558134407,7.85393660085709
65916,NY,2021,2022,103.20927835051546,113.57455899660604,-10.365280646090582,10.365280646090582,-10.042973666464759
65922,NY,2021,2022,200.92146341463413,237.63159295581352,-36.710129541179384,36.710129541179384,-18.270885010140532
65934,NY,2021,2022,113.0476861167002,124.6468711120404,-11.599184995340195,11.599184995340195,-10.26043556819575
65940,NY,2021,2022,124.71376884422112,142.34034315601266,-17.626574311791543,17.626574311791543,-14.133623316130189
65952,NY,2021,2022,92.0478787878788,94.21879457651303,-2.1709157886342325,2.1709157886342325,-2.3584636791435836
65958,NY,2021,2022,57.45970149253731,57.63909561452965,-0.17939412199233828,0.17939412199233828,-0.312208586770395
65964,NY,2021,2022,152.16321243523316,174.05455855137865,-21.891346116145485,21.891346116145485,-14.386753385259482
65976,NY,2021,2022,83.75615384615385,90.38508291047869,-6.628929064324836,6.628929064324836,-7.914557629402466
65988,NY,2021,2022,98.2699421965318,100.60003646380679,-2.330094267274987,2.330094267274987,-2.3711159436880407
66006,NY,2021,2022,107.96731167933656,117.11329165080498,-9.145979971468421,9.145979971468421,-8.471063907409333
66018,NY,2021,2022,66.04425963488843,66.29892359660984,-0.2546639617214055,0.2546639617214055,-0.38559590663785276
66024,NY,2021,2022,81.24177777777778,87.91364467899906,-6.671866901221279,6.671866901221279,-8.21235955652148
66030,NY,2021,2022,179.09246575342465,207.23943542765565,-28.146969674231002,28.146969674231002,-15.716445443876953
66060,NY,2021,2022,92.78452107279692,99.67711005775867,-6.892588984961748,6.892588984961748,-7.428597901102445
66120,NY,2021,2022,220.69485530546623,271.5087466332455,-50.81389132777926,50.81389132777926,-23.024501979190763
66126,NY,2021,2022,221.96979936642023,297.4695844706141,-75.49978510419388,75.49978510419388,-34.01353937323761
66138,NY,2021,2022,231.17961165048544,306.5182339803257,-75.33862232984026,75.33862232984026,-32.58878315088737
66144,NY,2021,2022,335.7307692307692,693.8554634665958,-358.12469423582655,358.12469423582655,-106.67020334667762
66180,NY,2021,2022,470.90984162895927,629.6753357466947,-158.76549411773544,158.76549411773544,-33.71462647043814
66240,NY,2021,2022,131.57989252127183,155.29226516090515,-23.712372639633315,23.712372639633315,-18.0212737563985
66252,NY,2021,2022,809.5375,1086.2488141028696,-276.71131410286955,276.71131410286955,-34.18140779184034
66300,NY,2021,2022,272.1957755775577,369.9571114886705,-97.76133591111278,97.76133591111278,-35.915816732893155
66576,NY,2021,2022,53.093556085918856,55.048210209989676,-1.9546541240708208,1.9546541240708208,-3.6815279822426925
66606,NY,2021,2022,135.12062228654125,136.6918528428884,-1.5712305563471602,1.5712305563471602,-1.1628354945073869
66612,NY,2021,2022,77.69717804002052,85.12877383616255,-7.431595796142034,7.431595796142034,-9.564820735592408
66618,NY,2021,2022,72.05630585898709,75.11006116716473,-3.0537553081776423,3.0537553081776423,-4.238012581652169
66624,NY,2021,2022,78.21929945054946,82.42561385745343,-4.206314406903971,4.206314406903971,-5.377591510600551
66630,NY,2021,2022,80.97522216414009,89.23763779687708,-8.262415632736989,8.262415632736989,-10.203634410522188
66636,NY,2021,2022,76.45499541704858,78.05569929954109,-1.6007038824925104,1.6007038824925104,-2.0936550630353867
66654,NY,2021,2022,217.63882352941167,241.12982328480052,-23.490999755388856,23.490999755388856,-10.793570455141836
67206,NY,2021,2022,278.00287434984944,378.7987638474336,-100.79588949758414,100.79588949758414,-36.25713933113467
67218,NY,2021,2022,52.26577979054628,53.31736682204544,-1.0515870314991602,1.0515870314991602,-2.0119991239265294
67224,NY,2021,2022,70.00948604992658,82.91984103312767,-12.910354983201088,12.910354983201088,-18.440865247881117
67230,NY,2021,2022,107.58668110449378,110.98818313253405,-3.4015020280402695,3.4015020280402695,-3.161638590502252
67236,NY,2021,2022,60.61196146641692,60.56218748690126,0.049773979515663314,0.049773979515663314,0.08211907074355518
67242,NY,2021,2022,44.02139303482587,45.27308318685077,-1.2516901520248993,1.2516901520248993,-2.843367884870594
67248,NY,2021,2022,39.61501706484642,41.230682425432505,-1.6156653605860853,1.6156653605860853,-4.078416419564778
67254,NY,2021,2022,92.8616238317757,103.14752552416996,-10.285901692394262,10.285901692394262,-11.076590380357528
67260,NY,2021,2022,91.3714135021097,94.3160004183021,-2.9445869161923923,2.9445869161923923,-3.222656631140333
67266,NY,2021,2022,121.0506679092886,125.77152885488049,-4.72086094559188,4.72086094559188,-3.8999049134776675
67272,NY,2021,2022,39.97805676855895,40.46956235630225,-0.49150558774329767,0.49150558774329767,-1.2294384156506726
67278,NY,2021,2022,57.08991892844554,56.117282041020005,0.9726368874255371,0.9726368874255371,1.7036928860323053
67284,NY,2021,2022,51.85709531732826,53.955875409229456,-2.0987800919011974,2.0987800919011974,-4.0472380472877765
67290,NY,2021,2022,205.4932808716707,245.8538836796164,-40.360602807945696,40.360602807945696,-19.640838200033727
67296,NY,2021,2022,82.42273351648352,83.31201537320852,-0.889281856725006,0.889281856725006,-1.078927886500101
67302,NY,2021,2022,194.6638099673964,226.30506743826484,-31.641257470868453,31.641257470868453,-16.25430914773935
67308,NY,2021,2022,80.87241379310345,89.58318166770152,-8.710767874598076,8.710767874598076,-10.771000228684784
67314,NY,2021,2022,55.8072335400059,64.3598580738216,-8.552624533815695,8.552624533815695,-15.325297441387542
67320,NY,2021,2022,37.59145217057242,40.367867188839675,-2.776415018267258,2.776415018267258,-7.385761544058436
67326,NY,2021,2022,62.74830836152731,61.10656768727355,1.6417406742537608,1.6417406742537608,2.616390333257743
67332,NY,2021,2022,124.44672742336373,123.5184738776392,0.9282535457245302,0.9282535457245302,0.7459043439259289
67338,NY,2021,2022,94.44793165467624,101.18915346467281,-6.741221809996574,6.741221809996574,-7.137500728596217
67344,NY,2021,2022,51.391348477525376,55.14266486787275,-3.7513163903473767,3.7513163903473767,-7.299509550693954
67350,NY,2021,2022,71.37051630434783,70.90909542972771,0.46142087462011716,0.46142087462011716,0.6465146933398432
67356,NY,2021,2022,58.72328554823712,57.244825376519266,1.478460171717856,1.478460171717856,2.5176727731002093
67368,NY,2021,2022,69.8061669829222,77.0559130126197,-7.249746029697491,7.249746029697491,-10.385538044899544
67374,NY,2021,2022,73.36953166577968,85.97228548583072,-12.60275382005105,12.60275382005105,-17.17709454308689
67380,NY,2021,2022,92.973206401766,113.89679816218272,-20.923591760416713,20.923591760416713,-22.50496951777633
67386,NY,2021,2022,217.15727810650887,248.41183919788125,-31.25456109137238,31.25456109137238,-14.392592025418091
67392,NY,2021,2022,59.20427074939565,62.914796287971456,-3.7105255385758085,3.7105255385758085,-6.267327494467424
67398,NY,2021,2022,57.55009554140128,53.799456852945596,3.7506386884556804,3.7506386884556804,6.517171958050856
67404,NY,2021,2022,81.22227805695142,84.3755476287829,-3.1532695718314727,3.1532695718314727,-3.88227176984677
67410,NY,2021,2022,70.08761083743842,80.07554555972747,-9.987934722289054,9.987934722289054,-14.25064230746162
67416,NY,2021,2022,55.27598944591029,53.73611747102661,1.539871974883681,1.539871974883681,2.7857881700887615
67422,NY,2021,2022,54.02989949748744,53.9138543381995,0.11604515928794257,0.11604515928794257,0.21477952090830565
67428,NY,2021,2022,144.78206724782066,153.8120211539898,-9.02995390616914,9.02995390616914,-6.23692842478395
67434,NY,2021,2022,46.04237695078031,47.997078193915094,-1.9547012431347852,1.9547012431347852,-4.245439468132537
68124,NY,2021,2022,48.19775600505689,54.68308572021221,-6.4853297151553235,6.4853297151553235,-13.455667343672358
68130,NY,2021,2022,34.730457541682824,43.30318037960407,-8.572722837921248,8.572722837921248,-24.683587389058815
68136,NY,2021,2022,46.64369003690037,53.56746397798779,-6.9237739410874255,6.9237739410874255,-14.843966966614236
68142,NY,2021,2022,94.69400570884872,109.74004433381029,-15.046038624961568,15.046038624961568,-15.889114112695715
68148,NY,2021,2022,64.6389534883721,71.8672011109402,-7.228247622568105,7.228247622568105,-11.182494815403215
68160,NY,2021,2022,104.38960155490768,125.8320596633314,-21.442458108423722,21.442458108423722,-20.540798881338045
68166,NY,2021,2022,79.55700416088766,86.20586257770906,-6.6488584168213976,6.6488584168213976,-8.357351419839102
68172,NY,2021,2022,95.52372143634383,103.69943388710597,-8.175712450762134,8.175712450762134,-8.558829501015994
68178,NY,2021,2022,149.66532951289398,160.6317576405725,-10.966428127678512,10.966428127678512,-7.327300292840187
68184,NY,2021,2022,78.29742489270386,86.71680396628796,-8.419379073584096,8.419379073584096,-10.753072767235611
68190,NY,2021,2022,62.596,69.98246478039987,-7.386464780399869,7.386464780399869,-11.800218513003816
68196,NY,2021,2022,77.71139971139971,90.62529694382017,-12.913897232420467,12.913897232420467,-16.617764292471097
68202,NY,2021,2022,71.71414456578263,79.56610736455883,-7.851962798776199,7.851962798776199,-10.94897365968533
68208,NY,2021,2022,35.536155238286746,41.29483742404957,-5.758682185762822,5.758682185762822,-16.205135719236175
68214,NY,2021,2022,45.54983905579399,47.56680736848031,-2.0169683126863234,2.0169683126863234,-4.428047067775013
68220,NY,2021,2022,54.29906407487401,62.07008766320263,-7.771023588328617,7.771023588328617,-14.31152400272131
68232,NY,2021,2022,59.30894690525081,64.98657746821905,-5.677630562968247,5.677630562968247,-9.572974836391149
68238,NY,2021,2022,43.33881604319321,48.04341782669137,-4.7046017834981555,4.7046017834981555,-10.855399877120222
68244,NY,2021,2022,74.76463993100474,87.11860423838388,-12.353964307379144,12.353964307379144,-16.523806332485233
68250,NY,2021,2022,119.04432814710044,142.33420617711485,-23.289878030014407,23.289878030014407,-19.564038364965715
68262,NY,2021,2022,53.91291602380428,54.319992451077,-0.4070764272727203,0.4070764272727203,-0.7550629001276484
68268,NY,2021,2022,62.582323788546255,68.35722923584144,-5.77490544729519,5.77490544729519,-9.227694175766779
68274,NY,2021,2022,80.50247797356828,88.02694147219556,-7.524463498627284,7.524463498627284,-9.346871907592488
68310,NY,2021,2022,59.89247073072265,62.862892954731066,-2.9704222240084164,2.9704222240084164,-4.959592061852773
68466,NY,2021,2022,63.67741626794258,64.72282522816346,-1.0454089602208754,1.0454089602208754,-1.6417264102268083
68472,NY,2021,2022,54.96134020618557,55.18528973823615,-0.22394953205058243,0.22394953205058243,-0.40746737836166935
68478,NY,2021,2022,60.750376293508936,61.95899397167756,-1.208617678168622,1.208617678168622,-1.9894817973296415
68484,NY,2021,2022,83.09501116902457,90.32992606350932,-7.234914894484746,7.234914894484746,-8.706798149130899
68490,NY,2021,2022,82.52401280683031,84.28220353348604,-1.7581907266557266,1.7581907266557266,-2.130520156322555
68496,NY,2021,2022,43.27251370399374,46.31957242439776,-3.0470587204040243,3.0470587204040243,-7.041557006018818
68502,NY,2021,2022,53.40791180285344,54.85517908296042,-1.4472672801069777,1.4472672801069777,-2.709836859844526
68508,NY,2021,2022,52.20657748049052,55.02754656574045,-2.820969085249928,2.820969085249928,-5.403474468909818
68514,NY,2021,2022,42.32879156528792,46.1388340236871,-3.810042458399181,3.810042458399181,-9.00106598253005
68520,NY,2021,2022,50.34623344370861,54.02701150215391,-3.6807780584452985,3.6807780584452985,-7.31093034508872
68526,NY,2021,2022,48.19507959479016,51.83940803844959,-3.6443284436594325,3.6443284436594325,-7.561619306991208
68532,NY,2021,2022,61.25679398872887,61.55370096129147,-0.2969069725625957,0.2969069725625957,-0.48469231448388556
68538,NY,2021,2022,58.93440643863179,62.65487253458474,-3.7204660959529505,3.7204660959529505,-6.312893131157706
68556,NY,2021,2022,74.18563772775991,79.45489340329844,-5.269255675538531,5.269255675538531,-7.102797572321469
68562,NY,2021,2022,70.67390557939915,83.32588109309671,-12.651975513697565,12.651975513697565,-17.90190510906972
68568,NY,2021,2022,57.58716148445336,62.64540629548442,-5.058244811031059,5.058244811031059,-8.783632810928907
68574,NY,2021,2022,54.141761579347,53.9481630822669,0.1935984970800959,0.1935984970800959,0.3575770189826005
68592,NY,2021,2022,57.5906885479843,64.44582756612591,-6.855139018141614,6.855139018141614,-11.903207256204174
68598,NY,2021,2022,45.69578700994734,46.51668635108227,-0.8208993411349326,0.8208993411349326,-1.7964442563517597
68604,NY,2021,2022,53.14781538461538,53.93536838058299,-0.7875529959676157,0.7875529959676157,-1.4818163084753764
68610,NY,2021,2022,51.10850751741841,54.71118459333603,-3.6026770759176188,3.6026770759176188,-7.049075097115254
68616,NY,2021,2022,50.3461918892186,51.274175949173305,-0.9279840599547029,0.9279840599547029,-1.843206060145785
69006,NY,2021,2022,107.0117235345582,117.3288914529739,-10.317167918415706,10.317167918415706,-9.641156667366351
69042,NY,2021,2022,151.4811855670103,175.74766851860218,-24.266482951591883,24.266482951591883,-16.01946991684798
69054,NY,2021,2022,291.7487804878049,402.5563216559263,-110.80754116812142,110.80754116812142,-37.98046421405802
69060,NY,2021,2022,88.66752226296491,92.49842982063346,-3.830907557668553,3.830907557668553,-4.320530742143751
69084,NY,2021,2022,107.68924302788844,107.77821178793558,-0.08896876004713761,0.08896876004713761,-0.08261619967381258
69096,NY,2021,2022,181.31993769470404,222.88525735569485,-41.56531966099081,41.56531966099081,-22.92374472959288
69108,NY,2021,2022,131.23127147766323,153.5921259635681,-22.360854485904866,22.360854485904866,-17.039272906618823
69120,NY,2021,2022,63.52110091743119,67.87546407967176,-4.354363162240567,4.354363162240567,-6.8549869245821915
69180,NY,2021,2022,357.3915426251692,505.0531235378754,-147.6615809127062,147.6615809127062,-41.31647319577818
69252,NY,2021,2022,100.86882232811436,115.37044085644813,-14.501618528333765,14.501618528333765,-14.376710457827805
69270,NY,2021,2022,408.84016393442624,566.5628420524074,-157.72267811798116,157.72267811798116,-38.578078190791025
69288,NY,2021,2022,198.1428571428572,265.1096642274655,-66.96680708460829,66.96680708460829,-33.79723501025652
69300,NY,2021,2022,50.68796419098143,53.59111872275308,-2.903154531771648,2.903154531771648,-5.727502727931983
69312,NY,2021,2022,101.08856502242152,106.5519360699213,-5.463371047499777,5.463371047499777,-5.4045391249623504
69318,NY,2021,2022,54.73527106466362,53.42024114134255,1.3150299233210703,1.3150299233210703,2.402527470390179
69324,NY,2021,2022,99.76009852216748,110.18418369857076,-10.424085176403281,10.424085176403281,-10.449152848507829
69342,NY,2021,2022,220.297542997543,320.45557962768794,-100.15803663014495,100.15803663014495,-45.46489046918786
69348,NY,2021,2022,97.93391304347826,98.65596413833956,-0.7220510948612997,0.7220510948612997,-0.7372840239118613
69354,NY,2021,2022,392.6846361185984,639.7498737387784,-247.06523762018003,247.06523762018003,-62.916960557010825
69360,NY,2021,2022,370.2627976190476,785.2730885583155,-415.0102909392679,415.0102909392679,-112.0853333383657
69366,NY,2021,2022,131.49309449636553,155.04168211085764,-23.548587614492106,23.548587614492106,-17.908611630660946
69378,NY,2021,2022,106.3971551724138,113.4491452448885,-7.051990072474695,7.051990072474695,-6.627987431663121
69390,NY,2021,2022,142.2846638655462,151.14673227378864,-8.862068408242436,8.862068408242436,-6.228407312130818
69396,NY,2021,2022,161.01555676855895,163.05222224256468,-2.03666547400573,2.03666547400573,-1.2648873903117315
69408,NY,2021,2022,776.2605714285714,852.6601400242249,-76.39956859565348,76.39956859565348,-9.84200040651987
69420,NY,2021,2022,191.96438068579425,240.66091235316824,-48.69653166737399,48.69653166737399,-25.367483016070615
69432,NY,2021,2022,118.22747387830364,125.63017039790438,-7.402696519600738,7.402696519600738,-6.261401243521989
69450,NY,2021,2022,49.54467005076142,50.75042059428583,-1.2057505435244096,1.2057505435244096,-2.4336634844657303
69456,NY,2021,2022,370.66532507739936,465.2956766838028,-94.63035160640345,94.63035160640345,-25.529863519508737
69462,NY,2021,2022,225.24838187702267,278.92399551847177,-53.675613641449104,53.675613641449104,-23.82952241173214
69474,NY,2021,2022,204.4453125,234.1588433318737,-29.713530831873697,29.713530831873697,-14.53373054560676
69480,NY,2021,2022,79.47801539777588,82.19885135784016,-2.720835960064278,2.720835960064278,-3.423381857796638
69486,NY,2021,2022,109.11024734982333,121.72382785449669,-12.613580504673365,12.613580504673365,-11.560399514293456
69540,NY,2021,2022,88.02659778032913,97.34132886715528,-9.314731086826157,9.314731086826157,-10.581723390095254
69576,NY,2021,2022,152.8359430604982,174.39312749789727,-21.55718443739906,21.55718443739906,-14.104787136927547
69588,NY,2021,2022,261.602508361204,331.9835137948671,-70.38100543366312,70.38100543366312,-26.90379609681935
70146,NY,2021,2022,52.67601713062098,54.92580161141567,-2.2497844807946947,2.2497844807946947,-4.270984412538049
70152,NY,2021,2022,53.37196367763904,53.786742196415545,-0.41477851877650807,0.41477851877650807,-0.7771468205324541
70158,NY,2021,2022,64.74615384615385,67.69421059120674,-2.948056745052895,2.948056745052895,-4.553253853592448
70164,NY,2021,2022,110.41052631578948,118.96243884368589,-8.551912527896405,8.551912527896405,-7.745559063305925
70182,NY,2021,2022,125.93949579831931,145.67394391390272,-19.734448115583405,19.734448115583405,-15.669784915755367
70206,NY,2021,2022,72.75985732814527,76.09889831762217,-3.3390409894768993,3.3390409894768993,-4.589125256826579
70212,NY,2021,2022,147.18143405889884,157.61902199387038,-10.437587934971532,10.437587934971532,-7.091647123641039
70218,NY,2021,2022,80.78939237899073,81.63483970237247,-0.8454473233817481,0.8454473233817481,-1.0464830821052278
70224,NY,2021,2022,75.41408775981525,78.57636609661051,-3.162278336795268,3.162278336795268,-4.193219636716607
70230,NY,2021,2022,158.2115207373272,151.41469823926252,6.796822498064671,6.796822498064671,4.296035122087719
70236,NY,2021,2022,71.14168834923389,73.58780852402474,-2.446120174790849,2.446120174790849,-3.438378019344815
70254,NY,2021,2022,135.00328767123287,152.4564896820105,-17.45320201077763,17.45320201077763,-12.927982949037945
70260,NY,2021,2022,131.42362728785358,140.65221734941343,-9.228590061559856,9.228590061559856,-7.02201746520565
70278,NY,2021,2022,84.55034602076124,83.06897833643168,1.4813676843295553,1.4813676843295553,1.7520539584377424
70284,NY,2021,2022,95.12977883096366,100.12551568047722,-4.995736849513563,4.995736849513563,-5.251496335748347
70290,NY,2021,2022,131.70495867768594,137.3011897709567,-5.596231093270774,5.596231093270774,-4.2490663597307
70296,NY,2021,2022,100.35149384885764,105.01459161584313,-4.663097766985487,4.663097766985487,-4.646764674982036
70302,NY,2021,2022,47.1292463768116,48.050490411461595,-0.9212440346499946,0.9212440346499946,-1.9547183659258818
70308,NY,2021,2022,191.96647727272727,229.86769702519777,-37.901219752470496,37.901219752470496,-19.74366581651865
70314,NY,2021,2022,131.05,163.4099188425588,-32.359918842558784,32.359918842558784,-24.69280338997236
70320,NY,2021,2022,87.54586614173229,91.91388529498643,-4.368019153254139,4.368019153254139,-4.989406519986379
70326,NY,2021,2022,201.21407624633432,259.35060098987543,-58.136524743541116,58.136524743541116,-28.89287162612225
70332,NY,2021,2022,52.586251189343486,53.509342953427506,-0.9230917640840204,0.9230917640840204,-1.7553861384039546
70344,NY,2021,2022,511.8906832298137,670.1308639442193,-158.2401807144056,158.2401807144056,-30.912885484841606
70350,NY,2021,2022,132.45233022636484,145.7033381478898,-13.251007921524973,13.251007921524973,-10.004359982854677
70356,NY,2021,2022,58.76268146883006,59.17564420174659,-0.41296273291653307,0.41296273291653307,-0.7027635951834228
70362,NY,2021,2022,75.94881486226778,81.50581980995631,-5.557004947688526,5.557004947688526,-7.31677638125899
70374,NY,2021,2022,77.858177278402,79.9657822534335,-2.1076049750315065,2.1076049750315065,-2.706979598938235
70380,NY,2021,2022,122.41764705882352,132.92047945112424,-10.502832392300718,10.502832392300718,-8.579508465192072
70386,NY,2021,2022,117.6889650872818,127.59940583224443,-9.910440744962628,9.910440744962628,-8.420875090211505
70392,NY,2021,2022,217.4154255319149,272.40042822393065,-54.98500269201574,54.98500269201574,-25.29029509175482
70398,NY,2021,2022,360.8636363636364,551.1571495124301,-190.29351314879375,190.29351314879375,-52.732803744469855
70410,NY,2021,2022,96.05634517766498,103.22052677034564,-7.164181592680663,7.164181592680663,-7.458311660130161
70428,NY,2021,2022,84.55602755453502,86.65210359262632,-2.0960760380912973,2.0960760380912973,-2.4789197159710676
70440,NY,2021,2022,150.58987603305786,164.6172941762685,-14.027418143210639,14.027418143210639,-9.314980869053445
70446,NY,2021,2022,94.14143344709898,98.19338248345491,-4.051949036355936,4.051949036355936,-4.304108072279197
70452,NY,2021,2022,94.80329985652796,97.09223115170718,-2.288931295179225,2.288931295179225,-2.4144004466545095
70458,NY,2021,2022,200.1184710561202,256.8594651557074,-56.740994099587226,56.740994099587226,-28.35370158493519
70476,NY,2021,2022,125.21360697216755,141.53649361082566,-16.322886638658105,16.322886638658105,-13.036032611285092
70482,NY,2021,2022,243.05388692579504,301.2079360667749,-58.15404914097985,58.15404914097985,-23.926401620861316
70494,NY,2021,2022,75.25445026178011,82.2839004646849,-7.029450202904798,7.029450202904798,-9.340909645146771
70506,NY,2021,2022,111.418625,111.46856884255001,-0.04994384255000739,0.04994384255000739,-0.04482539840175499
70512,NY,2021,2022,85.80837988826816,89.55016868677454,-3.741788798506377,3.741788798506377,-4.360633312712107
70518,NY,2021,2022,228.4854294478528,322.92511343251266,-94.43968398465987,94.43968398465987,-41.33291309335496
70524,NY,2021,2022,113.26417759838549,125.12329557019659,-11.859117971811102,11.859117971811102,-10.470316584879479
70530,NY,2021,2022,110.8163779527559,109.36809259843189,1.448285354324014,1.448285354324014,1.3069235622747553
70536,NY,2021,2022,88.88481288076588,92.75232264495706,-3.8675097641911833,3.8675097641911833,-4.351148007004567
70542,NY,2021,2022,78.25181518151815,79.8841545058481,-1.6323393243299478,1.6323393243299478,-2.0860082549439447
70548,NY,2021,2022,129.62079752492266,138.63670752025138,-9.015909995328713,9.015909995328713,-6.955604476662158
70572,NY,2021,2022,128.73069727891158,139.08597596648625,-10.355278687574668,10.355278687574668,-8.044140913133273
70578,NY,2021,2022,76.7631679389313,79.6957637436892,-2.932595804757895,2.932595804757895,-3.820316283834081
70584,NY,2021,2022,127.48730886850151,142.86075025380126,-15.373441385299742,15.373441385299742,-12.058801398935232
70590,NY,2021,2022,1335.7096774193549,1099.1105363351548,236.59914108420003,236.59914108420003,17.713365792281984
70596,NY,2021,2022,146.20105580693817,165.25951654999216,-19.058460743053985,19.058460743053985,-13.035788721130109
70602,NY,2021,2022,118.90175913396482,132.86111127936567,-13.959352145400857,13.959352145400857,-11.740240217701965
70608,NY,2021,2022,190.61678445229683,265.2622285435637,-74.64544409126688,74.64544409126688,-39.159953466714484
70614,NY,2021,2022,115.86836935166994,128.46128100947567,-12.592911657805729,12.592911657805729,-10.868291086055777
70626,NY,2021,2022,330.9080459770115,397.2170888613377,-66.30904288432617,66.30904288432617,-20.038510302325115
70632,NY,2021,2022,79.95454545454545,84.1654519759074,-4.210906521361949,4.210906521361949,-5.266625552584586
70656,NY,2021,2022,83.30497322111707,85.72813196608166,-2.4231587449645957,2.4231587449645957,-2.9087804140249656
70662,NY,2021,2022,194.8617234468938,292.0228974801489,-97.16117403325512,97.16117403325512,-49.86160047985757
70668,NY,2021,2022,89.6203363914373,88.54317119924409,1.0771651921932204,1.0771651921932204,1.2019204965806591
70674,NY,2021,2022,88.49553483807655,87.93655284738271,0.5589819906938374,0.5589819906938374,0.6316499377246849
70680,NY,2021,2022,251.4965811965812,348.4056170424864,-96.90903584590524,96.90903584590524,-38.5329436228625
70692,NY,2021,2022,127.2780905752754,160.23137161697892,-32.95328104170352,32.95328104170352,-25.890772632399084
70698,NY,2021,2022,118.71952714535902,125.77536886868778,-7.055841723328754,7.055841723328754,-5.943286578870594
70704,NY,2021,2022,72.4540971168437,74.80433529408786,-2.350238177244165,2.350238177244165,-3.2437615963304793
70716,NY,2021,2022,126.58899082568809,132.63863941076943,-6.049648585081343,6.049648585081343,-4.778968965327842
70722,NY,2021,2022,138.66589147286822,156.3057604171942,-17.63986894432597,17.63986894432597,-12.721130450293494
70728,NY,2021,2022,125.52519596864502,145.58760012237292,-20.062404153727897,20.062404153727897,-15.982770629363758
70734,NY,2021,2022,86.18567774936061,87.930060114025,-1.7443823646643892,1.7443823646643892,-2.023981722041201
70740,NY,2021,2022,151.63276353276353,174.1104520870556,-22.477688554292058,22.477688554292058,-14.823767654564488
70746,NY,2021,2022,275.4399196787149,318.7678378075471,-43.32791812883221,43.32791812883221,-15.730442478843218
70752,NY,2021,2022,130.31013513513514,137.75953236493186,-7.449397229796716,7.449397229796716,-5.716667565474849
70758,NY,2021,2022,125.52142857142856,139.7682350338151,-14.246806462386544,14.246806462386544,-11.350099042474913
70770,NY,2021,2022,128.5012148823083,129.68728769774376,-1.186072815435466,1.186072815435466,-0.9230051377504613
70776,NY,2021,2022,107.10368421052632,112.63063591650698,-5.52695170598065,5.52695170598065,-5.160374964428584
70782,NY,2021,2022,499.170893970894,618.7517916416839,-119.58089767078991,119.58089767078991,-23.955903502210713
70788,NY,2021,2022,54.64711538461538,53.805411797092034,0.8417035875233481,0.8417035875233481,1.5402525487380254
70806,NY,2021,2022,79.84376590330788,85.22559660718547,-5.381830703877583,5.381830703877583,-6.740451985187007
70818,NY,2021,2022,166.92079790712884,209.77150743104133,-42.850709523912485,42.850709523912485,-25.671282465204666
70824,NY,2021,2022,164.318359375,192.72366531952636,-28.40530594452636,28.40530594452636,-17.286751189927017
71406,NY,2021,2022,66.71194331983806,76.87422012368125,-10.162276803843199,10.162276803843199,-15.233069669582319
71598,NY,2021,2022,91.0243455497382,103.20616702657883,-12.181821476840625,12.181821476840625,-13.383036596713726
71604,NY,2021,2022,108.45382882882885,113.33028277350877,-4.876453944679923,4.876453944679923,-4.496340975085686
71610,NY,2021,2022,186.23705583756345,241.92001048010428,-55.682954642540835,55.682954642540835,-29.898966342717365
71622,NY,2021,2022,315.5727182539683,383.8654972673142,-68.29277901334592,68.29277901334592,-21.640900833000686
71634,NY,2021,2022,247.4,173.24688874709366,74.15311125290634,74.15311125290634,29.972963319687285
71640,NY,2021,2022,136.7410344827586,142.98432187981732,-6.243287397058708,6.243287397058708,-4.565774583083114
71646,NY,2021,2022,134.43239436619717,144.83525575271736,-10.402861386520186,10.402861386520186,-7.738359073024122
71652,NY,2021,2022,156.5730627306273,170.0321790085891,-13.459116277961812,13.459116277961812,-8.596061189093078
71664,NY,2021,2022,108.76065573770492,132.0510922096001,-23.29043647189519,23.29043647189519,-21.414395043796073
71676,NY,2021,2022,93.37894736842104,110.77828874540619,-17.39934137698515,17.39934137698515,-18.633045099916462
71688,NY,2021,2022,127.31492537313432,152.6852365479332,-25.37031117479887,25.37031117479887,-19.927208927345806
71694,NY,2021,2022,103.16164736164735,108.09122595286648,-4.929578591219126,4.929578591219126,-4.778499294352881
71700,NY,2021,2022,59.37210401891253,59.38825024534441,-0.016146226431878574,0.016146226431878574,-0.027194970935736616
71706,NY,2021,2022,58.56426470588235,58.3053477469837,0.2589169588986522,0.2589169588986522,0.4421074185750784
71712,NY,2021,2022,168.23176470588234,206.54753597212522,-38.315771266242876,38.315771266242876,-22.77558660412907
71718,NY,2021,2022,73.23884992987378,77.46668660757081,-4.227836677697027,4.227836677697027,-5.772669398475239
71724,NY,2021,2022,199.97509293680292,258.8147002394252,-58.839607302622255,58.839607302622255,-29.423467912184957
71730,NY,2021,2022,84.3558282208589,93.38340404185317,-9.027575820994272,9.027575820994272,-10.70178079143321
71742,NY,2021,2022,256.92826086956524,351.35066514532116,-94.42240427575592,94.42240427575592,-36.75049368107129
71748,NY,2021,2022,149.1734693877551,163.88742343040445,-14.713954042649362,14.713954042649362,-9.863653438536408
71766,NY,2021,2022,80.78455284552845,89.23477795972498,-8.450225114196527,8.450225114196527,-10.460199155096593
71778,NY,2021,2022,298.22062350119904,425.6669982515159,-127.44637475031686,127.44637475031686,-42.73560066170422
71802,NY,2021,2022,67.67760342368045,68.15960890075253,-0.48200547707207875,0.48200547707207875,-0.7122082530827689
71808,NY,2021,2022,255.28285714285715,396.77040965578954,-141.48755251293238,141.48755251293238,-55.4238361699922
71826,NY,2021,2022,161.60093457943924,199.483786148121,-37.88285156868176,37.88285156868176,-23.442223070844577
71856,NY,2021,2022,698.5096774193548,1063.7752192446806,-365.2655418253257,365.2655418253257,-52.29212330669489
71862,NY,2021,2022,190.1109589041096,279.804646147671,-89.69368724356141,89.69368724356141,-47.17965116824337
71868,NY,2021,2022,232.3907407407408,297.5141697773623,-65.12342903662153,65.12342903662153,-28.023246033401293
71880,NY,2021,2022,95.23217665615142,98.20157516789128,-2.969398511739854,2.969398511739854,-3.118062209647131
72048,NY,2021,2022,98.2,92.98304634663786,5.21695365336214,5.21695365336214,5.312580095073462
72054,NY,2021,2022,104.10967741935484,115.60219171456903,-11.492514295214193,11.492514295214193,-11.038853044296957
72060,NY,2021,2022,63.75919117647059,64.33874595395598,-0.5795547774853915,0.5795547774853915,-0.9089744816262159
72090,NY,2021,2022,98.68685714285716,114.3843733261697,-15.69751618331253,15.69751618331253,-15.906389804864403
72102,NY,2021,2022,175.01176470588234,167.3225698166847,7.689194889197637,7.689194889197637,4.3935302875894005
72108,NY,2021,2022,94.88787128712872,99.05033273210626,-4.162461444977538,4.162461444977538,-4.386716013874962
72114,NY,2021,2022,110.26737089201876,123.5490529298014,-13.281682037782645,13.281682037782645,-12.044979335536132
72120,NY,2021,2022,88.96853994490358,94.18992958042418,-5.221389635520595,5.221389635520595,-5.868804454646661
72132,NY,2021,2022,66.79302325581395,71.9509440849351,-5.157920829121153,5.157920829121153,-7.722244895797833
72138,NY,2021,2022,75.04563106796117,77.82327341121139,-2.7776423432502213,2.7776423432502213,-3.7012712182202776
72150,NY,2021,2022,75.0360294117647,77.81063491558619,-2.7746055038214905,2.7746055038214905,-3.6976976601409395
72162,NY,2021,2022,109.6,118.34430511863728,-8.744305118637286,8.744305118637286,-7.978380582698254
72168,NY,2021,2022,66.12982456140351,75.51427226272817,-9.38444770132466,9.38444770132466,-14.190946011978184
72174,NY,2021,2022,133.45,175.3875119030272,-41.9375119030272,41.9375119030272,-31.425636495336985
72192,NY,2021,2022,73.66304347826087,77.97946313186326,-4.316419653602381,4.316419653602381,-5.859681394885923
72198,NY,2021,2022,94.05169082125605,98.93075323258546,-4.879062411329414,4.879062411329414,-5.18763923192195
72210,NY,2021,2022,57.94594594594594,60.487237559783246,-2.541291613837309,2.541291613837309,-4.385624520148342
72222,NY,2021,2022,90.55082872928176,111.82643563150036,-21.2756069022186,21.2756069022186,-23.495761663127247
72246,NY,2021,2022,76.85833333333333,80.9902955471745,-4.131962213841163,4.131962213841163,-5.376075741742812
72252,NY,2021,2022,68.52272727272727,71.39759788486333,-2.874870612136064,2.874870612136064,-4.195499400795583
72258,NY,2021,2022,68.75242424242424,70.64000675355281,-1.8875825111285707,1.8875825111285707,-2.7454777514067974
72276,NY,2021,2022,80.0,82.28919159491008,-2.289191594910079,2.289191594910079,-2.861489493637599
72282,NY,2021,2022,78.12142857142857,89.5089896110533,-11.387561039624728,11.387561039624728,-14.576744496182336
72306,NY,2021,2022,75.13142857142857,77.14744465116745,-2.0160160797388755,2.0160160797388755,-2.683319242122781
72312,NY,2021,2022,81.0575,81.12974774386299,-0.07224774386298805,0.07224774386298805,-0.08913147316779822
72318,NY,2021,2022,89.93348416289592,98.1060230473594,-8.172538884463478,8.172538884463478,-9.087314875581393
72324,NY,2021,2022,123.65361050328228,145.99863281544722,-22.345022312164943,22.345022312164943,-18.070659013690353
72336,NY,2021,2022,87.77094017094016,92.94904855199276,-5.178108381052596,5.178108381052596,-5.8995703714325725
72342,NY,2021,2022,65.41772151898734,67.16328815684699,-1.7455666378596533,1.7455666378596533,-2.668339094251405
72348,NY,2021,2022,68.30833333333334,71.8967146909961,-3.588381357662769,3.588381357662769,-5.2532116984205475
72354,NY,2021,2022,85.10625,95.73699095845991,-10.63074095845991,10.63074095845991,-12.49114014359687
72360,NY,2021,2022,123.86285714285714,140.6702374414128,-16.80738029855567,16.80738029855567,-13.569346522639059
72366,NY,2021,2022,103.4630738522954,108.8386921586934,-5.37561830639801,5.37561830639801,-5.195687800724228
72372,NY,2021,2022,82.8635294117647,79.28643580990315,3.5770936018615487,3.5770936018615487,4.316849194398042
72378,NY,2021,2022,103.35,124.0449790761299,-20.69497907612991,20.69497907612991,-20.024169401190044
72384,NY,2021,2022,46.96363636363636,52.12669186663184,-5.163055502995476,5.163055502995476,-10.99373026189513
72390,NY,2021,2022,104.5156652360515,107.14019531550002,-2.624530079448519,2.624530079448519,-2.511135602037212
72396,NY,2021,2022,69.59494949494949,73.02379982247399,-3.4288503275245006,3.4288503275245006,-4.9268666080048416
72402,NY,2021,2022,100.75526315789472,90.69601865894893,10.059244498945787,10.059244498945787,9.983840231930943
72408,NY,2021,2022,80.39172932330827,65.11548023988009,15.276249083428183,15.276249083428183,19.00226455135987
72420,NY,2021,2022,85.41692307692308,81.5431317412069,3.8737913357161773,3.8737913357161773,4.535156730274157
72426,NY,2021,2022,51.52857142857143,55.17634310891279,-3.647771680341357,3.647771680341357,-7.079124414302605
72432,NY,2021,2022,64.96875,66.37622523863566,-1.407475238635655,1.407475238635655,-2.166388053696054
72444,NY,2021,2022,83.05945945945946,85.3745318815415,-2.3150724220820393,2.3150724220820393,-2.7872471566131543
72450,NY,2021,2022,107.85477707006368,138.79531675368747,-30.940539683623797,30.940539683623797,-28.68722232259075
72456,NY,2021,2022,73.434375,72.24293208781816,1.1914429121818415,1.1914429121818415,1.6224593893280108
72462,NY,2021,2022,125.07118155619597,146.0494121052288,-20.978230549032844,20.978230549032844,-16.773032994500873
72468,NY,2021,2022,56.26233502538071,56.102277833679054,0.16005719170165378,0.16005719170165378,0.2844837343303469
72498,NY,2021,2022,73.56852791878173,76.215169850695,-2.6466419319132797,2.6466419319132797,-3.597519220222977
72504,NY,2021,2022,97.22190082644627,92.98776160072777,4.234139225718508,4.234139225718508,4.355129029288366
72510,NY,2021,2022,49.56315789473684,52.93698252266351,-3.3738246279266733,3.3738246279266733,-6.807122006011128
72516,NY,2021,2022,71.39894736842105,73.88944350558907,-2.490496137168023,2.490496137168023,-3.488141252723204
72522,NY,2021,2022,74.12622950819672,74.8353298599074,-0.7091003517106884,0.7091003517106884,-0.9566119259206051
72540,NY,2021,2022,64.41857142857143,64.5552248904117,-0.13665346184026816,0.13665346184026816,-0.21213364222426476
72552,NY,2021,2022,63.89821428571429,63.7722839566162,0.12593032909808954,0.12593032909808954,0.19707957492365127
72558,NY,2021,2022,65.2041095890411,66.45106543298158,-1.2469558439404835,1.2469558439404835,-1.9123884242873863
72564,NY,2021,2022,74.16347826086957,76.04169342197127,-1.878215161101707,1.878215161101707,-2.5325338092896574
72570,NY,2021,2022,62.25547445255474,63.007726564446656,-0.752252111891913,0.752252111891913,-1.2083308632804795
72636,NY,2021,2022,99.90629921259844,121.576631093192,-21.670331880593565,21.670331880593565,-21.69065619624201
72648,NY,2021,2022,67.65,77.22929852634053,-9.579298526340523,9.579298526340523,-14.160086513437578
72660,NY,2021,2022,96.49724011039558,101.93117348046879,-5.4339333700732055,5.4339333700732055,-5.631180087489167
72696,NY,2021,2022,64.00365853658536,66.55204909881374,-2.548390562228377,2.548390562228377,-3.981632644908388
72702,NY,2021,2022,80.25637583892617,79.2620744536629,0.9943013852632703,0.9943013852632703,1.2389064106991627
72708,NY,2021,2022,91.43252032520326,94.88986368320407,-3.457343358000813,3.457343358000813,-3.7813059792116444
72720,NY,2021,2022,77.65357142857142,76.87340659943463,0.780164829136794,0.780164829136794,1.0046734680508775
72726,NY,2021,2022,85.08,83.9576425684503,1.1223574315497018,1.1223574315497018,1.3191789275384365
72732,NY,2021,2022,65.26282722513089,67.9433362575191,-2.6805090323882155,2.6805090323882155,-4.1072523921489354
72738,NY,2021,2022,82.6212927756654,86.15740212099784,-3.5361093453324486,3.5361093453324486,-4.279900769567655
72750,NY,2021,2022,71.90675675675676,82.44969650185679,-10.542939745100028,10.542939745100028,-14.661959766540791
72780,NY,2021,2022,70.67551020408163,72.31351344640922,-1.638003242327585,1.638003242327585,-2.317639076955666
72804,NY,2021,2022,77.31968085106384,78.79288573883565,-1.4732048877718142,1.4732048877718142,-1.9053426909631954
72816,NY,2021,2022,148.34666666666666,166.20104795094485,-17.85438128427819,17.85438128427819,-12.03557969010304
72822,NY,2021,2022,76.64615384615385,82.0690935230637,-5.422939676909849,5.422939676909849,-7.07529263346327
72828,NY,2021,2022,70.35902777777778,76.92658446015099,-6.567556682373208,6.567556682373208,-9.334348256084784
72834,NY,2021,2022,88.86153846153846,91.50266987845052,-2.64113141691206,2.64113141691206,-2.9721873632147493
72840,NY,2021,2022,87.61444444444444,89.03630764208148,-1.4218631976370375,1.4218631976370375,-1.6228639086316738
72858,NY,2021,2022,71.06401673640167,70.06949527514807,0.9945214612535977,0.9945214612535977,1.3994726261288948
72864,NY,2021,2022,76.47316409791478,77.9200489037573,-1.4468848058425294,1.4468848058425294,-1.8920163993606514
72882,NY,2021,2022,76.59333333333333,93.8186665096315,-17.225333176298165,17.225333176298165,-22.489337422271085
72888,NY,2021,2022,142.77250996015937,171.28715610492912,-28.514646144769756,28.514646144769756,-19.97208436885137
72894,NY,2021,2022,59.52523364485981,59.70065883530131,-0.1754251904415014,0.1754251904415014,-0.29470726900145466
72900,NY,2021,2022,65.73958333333333,71.21331843852916,-5.4737351051958285,5.4737351051958285,-8.32639154014894
72906,NY,2021,2022,97.8622641509434,105.59502111806412,-7.7327569671207215,7.7327569671207215,-7.901673882379899
72918,NY,2021,2022,88.4,87.04577781796824,1.3542221820317621,1.3542221820317621,1.5319255452847986
72924,NY,2021,2022,82.72837837837838,85.70665653661946,-2.978278158241082,2.978278158241082,-3.6000683400552127
72930,NY,2021,2022,57.80125,57.06983013619961,0.7314198638003901,0.7314198638003901,1.2654049242886445
72936,NY,2021,2022,85.85777777777778,87.87790411520115,-2.0201263374233633,2.0201263374233633,-2.352875173000604
72942,NY,2021,2022,71.63384615384615,77.14326866840614,-5.509422514559986,5.509422514559986,-7.691088515235581
72948,NY,2021,2022,87.80835820895523,98.85395066723056,-11.045592458275337,11.045592458275337,-12.579203943194603
72954,NY,2021,2022,158.91909871244636,186.68624573033088,-27.767147017884525,27.767147017884525,-17.472504716457866
72960,NY,2021,2022,65.32765957446809,70.57872623021949,-5.251066655751401,5.251066655751401,-8.038044972000908
72984,NY,2021,2022,75.92068965517241,85.4484374011259,-9.52774774595349,9.52774774595349,-12.549606423793037
72990,NY,2021,2022,130.24347826086955,147.4975175985419,-17.25403933767234,17.25403933767234,-13.247526531127782
72996,NY,2021,2022,59.04090909090909,56.620875490589796,2.420033600319293,2.420033600319293,4.098909785743664
73002,NY,2021,2022,63.76018518518519,64.92022723269548,-1.160042047510288,1.160042047510288,-1.8193831215217768
73008,NY,2021,2022,76.38295454545455,74.47644090765876,1.906513637795797,1.906513637795797,2.4959935749294093
73014,NY,2021,2022,70.31,83.59112844207682,-13.28112844207682,13.28112844207682,-18.889387629180515
73020,NY,2021,2022,92.38300395256915,90.1372377649523,2.2457661876168515,2.2457661876168515,2.4309300320758807
73038,NY,2021,2022,84.85555555555555,79.52326066791515,5.332294887640401,5.332294887640401,6.283966739395523
73050,NY,2021,2022,69.12368421052632,73.66899596100369,-4.545311750477367,4.545311750477367,-6.575621369708758
73056,NY,2021,2022,74.4,85.1083760820037,-10.708376082003696,10.708376082003696,-14.392978604843677
73080,NY,2021,2022,68.12333894028596,70.36479028366098,-2.2414513433750187,2.2414513433750187,-3.2902840322312743
73092,NY,2021,2022,59.65741007194245,62.478176694396225,-2.8207666224537746,2.8207666224537746,-4.728275362695325
73098,NY,2021,2022,60.10261437908497,61.523299019509196,-1.420684640424227,1.420684640424227,-2.363765129189803
73104,NY,2021,2022,101.22434782608696,109.17098214770995,-7.946634321622994,7.946634321622994,-7.850516691177964
73110,NY,2021,2022,75.72828282828283,80.16720839384872,-4.438925565565896,4.438925565565896,-5.86164825053719
73116,NY,2021,2022,125.4997084548105,143.429342116543,-17.92963366173251,17.92963366173251,-14.286593875386211
73122,NY,2021,2022,68.22941176470589,71.59311149439624,-3.363699729690353,3.363699729690353,-4.929984947386499
73128,NY,2021,2022,84.03715277777778,86.24314744102641,-2.2059946632486316,2.2059946632486316,-2.6250230883976
73134,NY,2021,2022,68.80760749724367,71.71942848698362,-2.911820989739951,2.911820989739951,-4.231830019459105
73140,NY,2021,2022,66.46388888888889,64.36894440633642,2.0949444825524637,2.0949444825524637,3.152004069540214
73152,NY,2021,2022,70.60945945945946,75.21796329245402,-4.608503832994558,4.608503832994558,-6.52675132804343
73158,NY,2021,2022,84.36796116504854,102.55398140884076,-18.186020243792214,18.186020243792214,-21.555600008177286
73176,NY,2021,2022,101.4445945945946,106.22667307540546,-4.782078480810853,4.782078480810853,-4.713980572273549
73182,NY,2021,2022,65.094,70.72336868116142,-5.629368681161424,5.629368681161424,-8.648060775434638
73188,NY,2021,2022,91.00122249388752,95.5203392260287,-4.519116732141171,4.519116732141171,-4.965995629833123
73212,NY,2021,2022,38.363703703703706,39.03358457717134,-0.6698808734676334,0.6698808734676334,-1.7461319132306867
73218,NY,2021,2022,98.33316618911176,98.69101294827969,-0.3578467591679271,0.3578467591679271,-0.36391257704417407
73224,NY,2021,2022,84.12450495049505,95.88912405178428,-11.764619101289227,11.764619101289227,-13.984770677952138
73230,NY,2021,2022,71.30552188552188,73.84345604717372,-2.537934161651833,2.537934161651833,-3.5592393050939073
73236,NY,2021,2022,41.72743902439024,42.917849022879615,-1.190409998489372,1.190409998489372,-2.8528230495850977
73242,NY,2021,2022,56.11610169491525,56.1960197857256,-0.07991809081035228,0.07991809081035228,-0.1424156140510982
73248,NY,2021,2022,74.04866204162538,76.13715796922138,-2.088495927596,2.088495927596,-2.8204370882784926
73254,NY,2021,2022,56.13869731800767,57.362509580073805,-1.223812262066133,1.223812262066133,-2.1799798009804716
73260,NY,2021,2022,52.92390350877193,56.30425880755313,-3.380355298781204,3.380355298781204,-6.387199497143901
73266,NY,2021,2022,165.62831423895253,199.34897133110445,-33.720657092151924,33.720657092151924,-20.359234619452216
73812,NY,2021,2022,81.5,85.91211756836857,-4.412117568368572,4.412117568368572,-5.4136411881822974
73818,NY,2021,2022,76.86006578947368,81.12010088742637,-4.260035097952695,4.260035097952695,-5.542585807331075
73824,NY,2021,2022,54.49232981783317,54.0082026240579,0.48412719377527225,0.48412719377527225,0.8884318130527733
73830,NY,2021,2022,67.18689956331878,58.40021829611049,8.786681267208287,8.786681267208287,13.077968062698709
73836,NY,2021,2022,69.40892733564014,71.2518667537089,-1.8429394180687524,1.8429394180687524,-2.655190749681041
73842,NY,2021,2022,31.89144736842105,32.24602090449697,-0.3545735360759217,0.3545735360759217,-1.1118138727909253
73848,NY,2021,2022,52.31596899224806,53.96114932247146,-1.645180330223397,1.645180330223397,-3.1447001019271426
73854,NY,2021,2022,115.75063532401524,141.8226405814491,-26.072005257433858,26.072005257433858,-22.524286959161596
74406,NY,2021,2022,73.27617071724956,77.3486580593713,-4.072487342121747,4.072487342121747,-5.557724021682623
74424,NY,2021,2022,116.95730994152046,140.73547633402265,-23.778166392502186,23.778166392502186,-20.330637225147747
74430,NY,2021,2022,63.51875,66.34808518285483,-2.829335182854834,2.829335182854834,-4.454330702123127
74436,NY,2021,2022,62.60344827586207,72.97134263955255,-10.367894363690475,10.367894363690475,-16.56121930856644
74442,NY,2021,2022,65.93636363636364,62.107390363559055,3.828973272804582,3.828973272804582,5.807073762698249
74454,NY,2021,2022,156.95283018867926,190.46948702909233,-33.51665684041308,33.51665684041308,-21.354604947308925
74460,NY,2021,2022,117.87058823529412,145.36607916934082,-27.4954909340467,27.4954909340467,-23.3268462859963
74466,NY,2021,2022,76.95769230769231,71.81543248401823,5.142259823674081,5.142259823674081,6.681930901870463
74472,NY,2021,2022,97.1375,94.68364426051308,2.453855739486926,2.453855739486926,2.526167277814362
74478,NY,2021,2022,62.21756756756757,61.425139598378685,0.7924279691888856,0.7924279691888856,1.2736402276227174
74484,NY,2021,2022,70.44907597535935,77.76502659573158,-7.315950620372234,7.315950620372234,-10.384736093531021
74508,NY,2021,2022,77.66923076923077,74.2906695943256,3.3785611749051583,3.3785611749051583,4.349935156360014
74514,NY,2021,2022,92.37878787878788,98.47691591477358,-6.0981280359857095,6.0981280359857095,-6.601221098491994
74526,NY,2021,2022,99.42380952380952,146.6407849498677,-47.216975426058184,47.216975426058184,-47.490611808382674
74532,NY,2021,2022,71.76923076923077,79.95541290516536,-8.186182135934587,8.186182135934587,-11.406255923595888
74538,NY,2021,2022,62.725,63.31246585214484,-0.5874658521448382,0.5874658521448382,-0.9365736981185143
74544,NY,2021,2022,95.00833333333334,150.3630527131238,-55.35471937979047,55.35471937979047,-58.26301487215907
74562,NY,2021,2022,52.55,67.60472726969782,-15.054727269697821,15.054727269697821,-28.648386811984437
74568,NY,2021,2022,57.93345454545455,57.606427340065636,0.32702720538891583,0.32702720538891583,0.5644876659863783
74580,NY,2021,2022,73.07058823529412,77.41569100153895,-4.345102766244821,4.345102766244821,-5.9464455825279305
74586,NY,2021,2022,73.89878048780488,82.75752765706004,-8.858747169255153,8.858747169255153,-11.98767707772534
74598,NY,2021,2022,112.88695652173914,157.763636324528,-44.87667980278886,44.87667980278886,-39.75364487229023
74604,NY,2021,2022,54.12903225806452,51.59497689794866,2.5340553601158575,2.5340553601158575,4.681508710583527
74610,NY,2021,2022,64.45294117647059,73.47802160923965,-9.025080432769059,9.025080432769059,-14.002588971166743
74634,NY,2021,2022,82.17058823529412,83.83847223512105,-1.6678839998269268,1.6678839998269268,-2.029782231874705
74640,NY,2021,2022,103.85050505050503,136.639272373981,-32.78876732347595,32.78876732347595,-31.573045607751233
74652,NY,2021,2022,90.46818181818182,111.70553821617197,-21.237356397990155,21.237356397990155,-23.474945523578526
74658,NY,2021,2022,109.90940594059406,123.2111379588677,-13.30173201827364,13.30173201827364,-12.10245101812598
74664,NY,2021,2022,130.21875,151.60551397113284,-21.386763971132837,21.386763971132837,-16.423720832163447
74676,NY,2021,2022,81.50550847457627,100.15502424519802,-18.649515770621747,18.649515770621747,-22.881294920623706
74688,NY,2021,2022,106.65833333333332,110.52500487110893,-3.8666715377756162,3.8666715377756162,-3.625287792273412
74694,NY,2021,2022,67.59454545454545,67.92771187825161,-0.33316642370616023,0.33316642370616023,-0.4928895097463166
74706,NY,2021,2022,72.90602409638554,67.58388964940002,5.322134446985515,5.322134446985515,7.299992713838542
74724,NY,2021,2022,70.26153846153846,74.62879992840506,-4.367261466866594,4.367261466866594,-6.215721378286154
74730,NY,2021,2022,74.8126582278481,78.68043154908067,-3.867773321232562,3.867773321232562,-5.169945050546046
74736,NY,2021,2022,56.24864864864865,55.19830577566993,1.0503428729787174,1.0503428729787174,1.867321079195298
74742,NY,2021,2022,108.40555555555557,166.04446488800005,-57.638909332444484,57.638909332444484,-53.16970060902991
74748,NY,2021,2022,62.16132075471698,64.72549213535956,-2.564171380642577,2.564171380642577,-4.125027186537055
74760,NY,2021,2022,70.28461538461538,74.20352607943532,-3.9189106948199424,3.9189106948199424,-5.575773123854575
74766,NY,2021,2022,110.64883720930231,117.58414034174967,-6.935303132447359,6.935303132447359,-6.267849990441928
74778,NY,2021,2022,76.20779220779221,87.71685352227225,-11.509061314480036,11.509061314480036,-15.102210654651715
74784,NY,2021,2022,98.46136363636364,138.2841018465439,-39.82273821018026,39.82273821018026,-40.44504030764101
74790,NY,2021,2022,77.85833333333333,84.6293622050776,-6.771028871744264,6.771028871744264,-8.696601355124816
74796,NY,2021,2022,75.89177215189873,79.19879707759783,-3.3070249256990962,3.3070249256990962,-4.357553963926454
74808,NY,2021,2022,70.6859649122807,72.5220023116339,-1.8360373993532022,1.8360373993532022,-2.5974567958882266
74814,NY,2021,2022,70.253125,85.50869809316514,-15.25557309316514,15.25557309316514,-21.71515230555956
74820,NY,2021,2022,65.752,66.89452929646099,-1.1425292964609923,1.1425292964609923,-1.7376342871106467
74832,NY,2021,2022,74.6297619047619,78.01819435780106,-3.388432453039158,3.388432453039158,-4.540323279288061
74838,NY,2021,2022,69.17884615384615,78.799709048166,-9.620862894319842,9.620862894319842,-13.907232382749058
74844,NY,2021,2022,75.92,95.73269779731629,-19.81269779731629,19.81269779731629,-26.096809532819137
74862,NY,2021,2022,81.99855072463768,86.25403813246801,-4.25548740783033,4.25548740783033,-5.189710513446558
74880,NY,2021,2022,78.45925925925926,92.00807632922586,-13.548817069966603,13.548817069966603,-17.268601816894748
74886,NY,2021,2022,91.27941176470588,109.09317683858218,-17.813765073876297,17.813765073876297,-19.515644031312842
74892,NY,2021,2022,51.14545454545455,49.445510969678,1.699943575776551,1.699943575776551,3.323743216057956
74904,NY,2021,2022,133.99319727891157,137.25002595913054,-3.256828680218973,3.256828680218973,-2.430592557202564
74910,NY,2021,2022,77.48867924528302,89.10157758603867,-11.612898340755649,11.612898340755649,-14.986574108452832
74916,NY,2021,2022,80.38354430379746,85.08741502049693,-4.70387071669947,4.70387071669947,-5.851783169602352
74922,NY,2021,2022,82.00844155844156,87.34176832117684,-5.3333267627352825,5.3333267627352825,-6.503387531068496
74946,NY,2021,2022,90.391,112.88974831397341,-22.498748313973408,22.498748313973408,-24.89047395644855
74952,NY,2021,2022,106.23333333333332,149.2117095255276,-42.978376192194276,42.978376192194276,-40.45658254677843
74964,NY,2021,2022,122.846875,135.24824407740482,-12.401369077404823,12.401369077404823,-10.094981315076042
74970,NY,2021,2022,122.05,208.49324831174724,-86.44324831174724,86.44324831174724,-70.82609447910467
74976,NY,2021,2022,125.29027777777776,150.19257645333747,-24.902298675559706,24.902298675559706,-19.875683187268443
74988,NY,2021,2022,172.3638211382114,166.25265533068108,6.111165807530313,6.111165807530313,3.545503787961409
75006,NY,2021,2022,156.80550458715595,226.91610745494705,-70.1106028677911,70.1106028677911,-44.71182504235499
75012,NY,2021,2022,117.17592592592592,164.0956752747163,-46.91974934879039,46.91974934879039,-40.04214089031499
75018,NY,2021,2022,121.17647058823528,148.11472046693052,-26.938249878695245,26.938249878695245,-22.230594560088313
75048,NY,2021,2022,89.94873765093304,92.08973090975263,-2.1409932588195915,2.1409932588195915,-2.3802371380999396
75078,NY,2021,2022,97.45370370370372,117.1319774654994,-19.67827376179568,19.67827376179568,-20.19243293371908
75084,NY,2021,2022,128.03333333333333,180.52671106721903,-52.493377733885694,52.493377733885694,-40.999774330033084
75090,NY,2021,2022,70.84736842105264,70.96259323890075,-0.11522481784811589,0.11522481784811589,-0.16263810557270647
75096,NY,2021,2022,94.4890243902439,110.69991943943992,-16.210895049196026,16.210895049196026,-17.156378906236032
75102,NY,2021,2022,88.16842105263157,97.91131491913106,-9.742893866499486,9.742893866499486,-11.050321362433754
75108,NY,2021,2022,105.52574257425742,116.33099724963425,-10.80525467537683,10.80525467537683,-10.239449078288436
75120,NY,2021,2022,127.12634730538922,147.12294953563102,-19.996602230241805,19.996602230241805,-15.72970721970401
75126,NY,2021,2022,120.28219178082192,126.56021594367705,-6.278024162855132,6.278024162855132,-5.219412840676316
75132,NY,2021,2022,71.23598326359833,77.94206411632709,-6.7060808527287605,6.7060808527287605,-9.413895261210742
75138,NY,2021,2022,87.07391304347826,85.42988877184612,1.6440242716321336,1.6440242716321336,1.888079005719233
75144,NY,2021,2022,93.74933171324425,103.00715836827462,-9.257826655030371,9.257826655030371,-9.875085492180089
75150,NY,2021,2022,105.64652406417112,116.8595740938841,-11.213050029712988,11.213050029712988,-10.613742505055852
75156,NY,2021,2022,114.21808510638296,136.2739811157085,-22.055896009325537,22.055896009325537,-19.310336002203705
75168,NY,2021,2022,85.34859943977591,90.21924433657436,-4.870644896798453,4.870644896798453,-5.70676604978773
75174,NY,2021,2022,143.19147286821706,181.48466142621982,-38.293188558002754,38.293188558002754,-26.74264590688651
75186,NY,2021,2022,109.43855421686747,114.2125178551895,-4.77396363832203,4.77396363832203,-4.362232005424494
75198,NY,2021,2022,118.42289336316182,124.60461371535966,-6.181720352197843,6.181720352197843,-5.220038268479606
75204,NY,2021,2022,80.38341836734693,85.59528145077105,-5.21186308342412,5.21186308342412,-6.483753974739229
75228,NY,2021,2022,83.67885462555066,85.56874465533039,-1.8898900297797354,1.8898900297797354,-2.2585037023232304
75240,NY,2021,2022,131.4804568527919,148.14443302199425,-16.663976169202357,16.663976169202357,-12.674108812885912
75252,NY,2021,2022,91.98557692307692,96.81647753166564,-4.8309006085887205,4.8309006085887205,-5.251802260944201
75258,NY,2021,2022,64.15796178343949,64.12495299977049,0.03300878366900406,0.03300878366900406,0.051449239893908726
75270,NY,2021,2022,183.58264840182648,208.07590309172866,-24.493254689902187,24.493254689902187,-13.341813566329671
75276,NY,2021,2022,107.75878378378378,178.46221401981356,-70.70343023602977,70.70343023602977,-65.61268395335182
75282,NY,2021,2022,86.05403726708074,84.58146103635768,1.4725762307230639,1.4725762307230639,1.7112227124832242
75288,NY,2021,2022,77.19594594594595,78.71766137116342,-1.5217154252174652,1.5217154252174652,-1.971237487371421
75294,NY,2021,2022,97.02234848484848,107.08415889061871,-10.061810405770231,10.061810405770231,-10.370611063224816
75300,NY,2021,2022,69.61745213549337,71.96698231406606,-2.3495301785726923,2.3495301785726923,-3.3749154938906782
75318,NY,2021,2022,79.64863701578193,80.07474476720877,-0.42610775142684076,0.42610775142684076,-0.5349843605514679
75366,NY,2021,2022,105.9532279314888,134.2559869200303,-28.3027589885415,28.3027589885415,-26.712502810053657
75378,NY,2021,2022,86.46296296296296,97.05005962216993,-10.587096659206964,10.587096659206964,-12.244660946609038
75384,NY,2021,2022,110.99834710743802,148.0139383092215,-37.015591201783465,37.015591201783465,-33.347876041753274
75390,NY,2021,2022,61.01159420289855,65.5135980821873,-4.5020038792887505,4.5020038792887505,-7.378931722906641
75396,NY,2021,2022,79.89099099099099,87.85118753413961,-7.960196543148626,7.960196543148626,-9.963822509156593
75402,NY,2021,2022,112.79248120300753,178.54500809658643,-65.7525268935789,65.7525268935789,-58.29513296656308
75414,NY,2021,2022,104.84541910331384,113.21910000102885,-8.373680897715005,8.373680897715005,-7.986692188681745
75420,NY,2021,2022,109.89558011049724,123.31198126748332,-13.416401156986083,13.416401156986083,-12.20831733496127
75426,NY,2021,2022,115.14884696016772,118.9581167213559,-3.8092697611881903,3.8092697611881903,-3.3081267088205344
75432,NY,2021,2022,214.43471615720523,256.0034541769447,-41.56873801973944,41.56873801973944,-19.38526501896493
75450,NY,2021,2022,103.45801526717555,105.4741379605615,-2.0161226933859524,2.0161226933859524,-1.9487351349041528
75462,NY,2021,2022,100.75964912280702,105.22880161872138,-4.469152495914358,4.469152495914358,-4.435458573766274
75468,NY,2021,2022,117.93362068965516,128.674225409173,-10.740604719517847,10.740604719517847,-9.107330595557631
75480,NY,2021,2022,104.87315789473683,117.53448276443268,-12.661324869695846,12.661324869695846,-12.07298905064369
75486,NY,2021,2022,159.03366336633664,160.21996115603443,-1.1862977896977895,1.1862977896977895,-0.7459413086430219
75492,NY,2021,2022,106.93166666666669,112.4175116436449,-5.485844976978214,5.485844976978214,-5.130234240226512
75498,NY,2021,2022,105.9849557522124,115.85609734722104,-9.871141595008638,9.871141595008638,-9.313719598172858
75510,NY,2021,2022,116.6122448979592,135.87001910240258,-19.25777420444338,19.25777420444338,-16.51436709866513
75516,NY,2021,2022,75.99114114114114,76.8792361464251,-0.888095005283958,0.888095005283958,-1.1686822857870582
75534,NY,2021,2022,88.05151515151515,87.55270789528937,0.49880725622577415,0.49880725622577415,0.5664948017844426
75540,NY,2021,2022,88.60862337662337,94.49352197943394,-5.884898602810566,5.884898602810566,-6.641451337977916
75552,NY,2021,2022,73.98,79.5076565108642,-5.52765651086419,5.52765651086419,-7.471825508061896
75564,NY,2021,2022,74.15943396226415,77.35268071490982,-3.1932467526456776,3.1932467526456776,-4.305921151273288
75606,NY,2021,2022,63.07471143756558,64.12561672351453,-1.050905285948943,1.050905285948943,-1.6661277745030671
75618,NY,2021,2022,92.3954971020954,99.24472441041581,-6.849227308320408,6.849227308320408,-7.412944919547466
76206,NY,2021,2022,54.022,55.5863872192067,-1.5643872192067008,1.5643872192067008,-2.8958335848482117
76314,NY,2021,2022,95.63617021276596,117.04431370396671,-21.408143491200747,21.408143491200747,-22.384986186265213
76326,NY,2021,2022,75.93661538461538,74.67120202312044,1.2654133614949359,1.2654133614949359,1.6664073781609527
76338,NY,2021,2022,76.43291139240506,90.17317054484393,-13.740259152438867,13.740259152438867,-17.976888361476444
76350,NY,2021,2022,108.61176470588236,146.3507541822273,-37.738989476344926,37.738989476344926,-34.74668658458967
76356,NY,2021,2022,85.39607843137254,89.24109875959293,-3.845020328220386,3.845020328220386,-4.502572482072917
76374,NY,2021,2022,61.37407407407407,65.50157866977058,-4.127504595696507,4.127504595696507,-6.725159862639894
76392,NY,2021,2022,83.26153846153846,93.31371322582014,-10.052174764281673,10.052174764281673,-12.073011080530465
76398,NY,2021,2022,56.43703703703704,55.24010880840803,1.1969282286290053,1.1969282286290053,2.1208204602298952
76404,NY,2021,2022,56.779591836734696,56.98416288790123,-0.20457105116653196,0.20457105116653196,-0.3602897529710325
76422,NY,2021,2022,84.66516853932585,89.94203782978536,-5.276869290459516,5.276869290459516,-6.232633066818357
76428,NY,2021,2022,64.15,61.52198833865161,2.6280116613483955,2.6280116613483955,4.096666658376298
76440,NY,2021,2022,85.62934782608696,89.87012247758477,-4.240774651497816,4.240774651497816,-4.952478045390256
76446,NY,2021,2022,59.63846153846154,61.41755832707502,-1.7790967886134794,1.7790967886134794,-2.983136624787209
76452,NY,2021,2022,60.035714285714285,65.87209127635982,-5.83637699064554,5.83637699064554,-9.721508372282875
76458,NY,2021,2022,92.45625,87.64083819570087,4.815411804299131,4.815411804299131,5.208313990994802
76476,NY,2021,2022,57.53272727272727,63.62284997443647,-6.090122701709198,6.090122701709198,-10.58549279758575
76482,NY,2021,2022,67.46052631578948,69.51018909650219,-2.0496627807127084,2.0496627807127084,-3.0383142448637765
76488,NY,2021,2022,89.17765957446808,85.50149037491545,3.676169199552632,3.676169199552632,4.122298361601243
76506,NY,2021,2022,49.27777777777778,48.66503526452903,0.6127425132487474,0.6127425132487474,1.243445911891483
76512,NY,2021,2022,72.35,78.28202238204057,-5.9320223820405715,5.9320223820405715,-8.199063416780335
76524,NY,2021,2022,53.929568106312296,55.955161695346554,-2.0255935890342585,2.0255935890342585,-3.7559981660546042
76548,NY,2021,2022,90.6513812154696,91.17240761158018,-0.5210263961105852,0.5210263961105852,-0.5747583645440059
76554,NY,2021,2022,49.97391304347826,46.8107691094941,3.163143933984159,3.163143933984159,6.329590262888087
76560,NY,2021,2022,66.50434782608696,81.42177861333137,-14.917430787244413,14.917430787244413,-22.43076020571532
76572,NY,2021,2022,66.816,82.95983454341709,-16.143834543417086,16.143834543417086,-24.161629764453252
76578,NY,2021,2022,65.44047619047619,67.57916936367778,-2.138693173201588,2.138693173201588,-3.2681503829167435
76584,NY,2021,2022,93.70379746835442,115.7534167520623,-22.04961928370787,22.04961928370787,-23.531190708844484
76590,NY,2021,2022,77.05454545454545,80.83151229719448,-3.7769668426490313,3.7769668426490313,-4.901679479605869
76596,NY,2021,2022,79.15294117647059,87.9149068974815,-8.76196572101091,8.76196572101091,-11.06966537285861
76608,NY,2021,2022,66.50833333333334,78.38598689868414,-11.877653565350798,11.877653565350798,-17.85889522418363
76626,NY,2021,2022,65.94427244582043,70.40692518605833,-4.4626527402379,4.4626527402379,-6.767309084961698
76650,NY,2021,2022,97.27279411764704,99.46925193714533,-2.196457819498292,2.196457819498292,-2.2580391973132548
76656,NY,2021,2022,81.69101123595506,90.84517269626784,-9.154161460312778,9.154161460312778,-11.205836874600609
76662,NY,2021,2022,113.64594594594594,169.17769475605292,-55.531748810106976,55.531748810106976,-48.86381854441147
76668,NY,2021,2022,74.57,89.68271636737784,-15.112716367377843,15.112716367377843,-20.266482992326466
76674,NY,2021,2022,63.316822429906544,62.98557919166549,0.3312432382410577,0.3312432382410577,0.523152024262988
76680,NY,2021,2022,72.92719298245613,77.3449679973277,-4.417775014871566,4.417775014871566,-6.0577883697434185
76698,NY,2021,2022,72.515625,77.85236837996511,-5.336743379965114,5.336743379965114,-7.359439265627392
76716,NY,2021,2022,91.771875,127.93922428850948,-36.167349288509484,36.167349288509484,-39.41005813437884
76722,NY,2021,2022,56.28181818181818,61.15733525064663,-4.875517068828451,4.875517068828451,-8.662685795043283
76728,NY,2021,2022,65.96930693069307,64.3283791311324,1.6409277995606715,1.6409277995606715,2.487411003551424
76734,NY,2021,2022,56.86506024096386,60.59887374068512,-3.733813499721265,3.733813499721265,-6.566094336134263
76740,NY,2021,2022,73.15659574468086,75.84129301909374,-2.6846972744128834,2.6846972744128834,-3.6697952482406
76746,NY,2021,2022,74.86875,82.02045957836197,-7.1517095783619595,7.1517095783619595,-9.552329347507417
76752,NY,2021,2022,92.265,108.4497487672334,-16.1847487672334,16.1847487672334,-17.541590816922344
76806,NY,2021,2022,60.574300932090544,59.90107296231615,0.6732279697743948,0.6732279697743948,1.1114085666942262
76818,NY,2021,2022,61.89034334763949,61.98663403378692,-0.09629068614743375,0.09629068614743375,-0.15558273058297115
76824,NY,2021,2022,86.54835318850736,96.91926736939202,-10.370914180884654,10.370914180884654,-11.982797822040817
76848,NY,2021,2022,97.51875,136.25596124445244,-38.73721124445244,38.73721124445244,-39.722834064682374
76854,NY,2021,2022,66.35157232704402,70.21102802925142,-3.8594557022073985,3.8594557022073985,-5.816675576555004
76860,NY,2021,2022,56.265517241379314,51.438963472220905,4.826553769158409,4.826553769158409,8.57817364133075
76884,NY,2021,2022,106.54756097560976,140.26189704255677,-33.71433606694701,33.71433606694701,-31.642522605153488
76890,NY,2021,2022,79.32075471698113,92.67101496651858,-13.350260249537456,13.350260249537456,-16.830727717066726
76896,NY,2021,2022,69.34150943396226,77.24753493459244,-7.906025500630179,7.906025500630179,-11.40157686956544
76902,NY,2021,2022,70.61140350877193,79.72241380061507,-9.111010291843144,9.111010291843144,-12.903029594520522
76914,NY,2021,2022,63.56666666666667,61.431631956807614,2.135034709859056,2.135034709859056,3.3587331565690444
76926,NY,2021,2022,58.23333333333333,56.37425249464383,1.8590808386895006,1.8590808386895006,3.192468526656269
76932,NY,2021,2022,60.749830508474574,61.798339320288534,-1.04850881181396,1.04850881181396,-1.7259452463290308
76938,NY,2021,2022,79.17857142857143,89.43462997914983,-10.256058550578402,10.256058550578402,-12.953073496445434
76944,NY,2021,2022,132.10697674418606,135.38456300861503,-3.277586264428976,3.277586264428976,-2.4810092132951795
76962,NY,2021,2022,64.80104712041884,65.42787965433577,-0.6268325339169252,0.6268325339169252,-0.9673185261221031
76968,NY,2021,2022,63.3975,62.27886149307394,1.118638506926061,1.118638506926061,1.7644836262093313
76986,NY,2021,2022,92.93318534961156,96.43156427526324,-3.4983789256516786,3.4983789256516786,-3.7644022557613765
76992,NY,2021,2022,62.130324909747294,62.610817066715654,-0.48049215696836,0.48049215696836,-0.7733617322399969
76998,NY,2021,2022,137.99356223175965,113.51250954057745,24.4810526911822,24.4810526911822,17.740720867881045
77004,NY,2021,2022,74.76666666666667,79.18372392278746,-4.417057256120799,4.417057256120799,-5.907789464272134
77010,NY,2021,2022,69.09923076923077,73.48312780769888,-4.383897038468106,4.383897038468106,-6.344349987207402
77016,NY,2021,2022,88.8923076923077,111.92298381943674,-23.03067612712904,23.03067612712904,-25.908514161706258
77022,NY,2021,2022,61.024324324324326,56.18931224071841,4.835012083605918,4.835012083605918,7.923089910687761
77028,NY,2021,2022,56.67,55.64664784604355,1.023352153956452,1.023352153956452,1.8058093417265786
77034,NY,2021,2022,54.75047318611988,54.44694977704912,0.30352340907076325,0.30352340907076325,0.5543758645499912
77052,NY,2021,2022,65.06271186440678,67.82968850423725,-2.7669766398304745,2.7669766398304745,-4.2527840610101855
77058,NY,2021,2022,65.225,73.25501558717873,-8.030015587178738,8.030015587178738,-12.311254254011098
77064,NY,2021,2022,160.75333333333333,176.14534701322273,-15.392013679889402,15.392013679889402,-9.574926603837806
77070,NY,2021,2022,99.50725190839697,104.338639836468,-4.831387928071038,4.831387928071038,-4.855312387200334
77076,NY,2021,2022,66.13821656050955,70.37160418945331,-4.23338762894376,4.23338762894376,-6.400819146779764
77082,NY,2021,2022,77.36,93.7604500622162,-16.400450062216194,16.400450062216194,-21.200168125925796
77094,NY,2021,2022,68.61428571428571,64.04433214425306,4.569953570032652,4.569953570032652,6.660352902400284
77100,NY,2021,2022,91.57291666666669,95.38283938176781,-3.8099227151011235,3.8099227151011235,-4.160534417582844
77106,NY,2021,2022,54.36,54.171515436015554,0.18848456398444569,0.18848456398444569,0.3467339293312099
77112,NY,2021,2022,68.775,69.98158333472693,-1.206583334726929,1.206583334726929,-1.754392344204913
77118,NY,2021,2022,63.050769230769234,63.740619997689464,-0.6898507669202303,0.6898507669202303,-1.0941195093042229
77130,NY,2021,2022,62.40833333333333,66.98521979384198,-4.576886460508646,4.576886460508646,-7.333774539471727
77142,NY,2021,2022,60.988,64.67861241431545,-3.690612414315453,3.690612414315453,-6.051374720134212
77154,NY,2021,2022,74.90961538461538,72.43132656009051,2.478288824524867,2.478288824524867,3.3083721119116136
77160,NY,2021,2022,52.0921052631579,53.96403446380859,-1.8719292006506905,1.8719292006506905,-3.5934988443913225
77166,NY,2021,2022,84.62333333333333,86.61420205720236,-1.9908687238690277,1.9908687238690277,-2.352623851422808
77178,NY,2021,2022,86.17948717948718,85.1216594169339,1.0578277625532877,1.0578277625532877,1.2274704772263678
77190,NY,2021,2022,65.1304347826087,67.19059602303193,-2.060161240423227,2.060161240423227,-3.163131410529654
77196,NY,2021,2022,204.7998011928429,330.9948713642375,-126.1950701713946,126.1950701713946,-61.618746422789364
77220,NY,2021,2022,67.10602409638554,78.28507305888374,-11.1790489624982,11.1790489624982,-16.65878602261034
77226,NY,2021,2022,77.929,79.20390422756218,-1.2749042275621747,1.2749042275621747,-1.6359817623249042
77238,NY,2021,2022,78.19189189189188,88.38592903148748,-10.194037139595594,10.194037139595594,-13.037204872456432
77268,NY,2021,2022,50.588235294117645,53.10224537588607,-2.5140100817684257,2.5140100817684257,-4.969554812798051
77298,NY,2021,2022,58.63584070796461,62.82112712004087,-4.185286412076259,4.185286412076259,-7.137761412718628
77310,NY,2021,2022,55.41220657276995,56.77009180924126,-1.3578852364713043,1.3578852364713043,-2.4505164483714696
77316,NY,2021,2022,67.61,73.14898773437231,-5.538987734372313,5.538987734372313,-8.192556921124556
77322,NY,2021,2022,57.86028037383178,57.60782164881555,0.25245872501622557,0.25245872501622557,0.43632475229139056
77406,NY,2021,2022,66.33254480286739,70.14299860337998,-3.8104538005125903,3.8104538005125903,-5.7444710011304645
77418,NY,2021,2022,74.63684210526316,78.7263663537394,-4.089524248476238,4.089524248476238,-5.479230006420458
77460,NY,2021,2022,57.78181818181818,56.744917599544905,1.036900582273276,1.036900582273276,1.7945101329461983
77472,NY,2021,2022,58.549,66.36016726189993,-7.811167261899932,7.811167261899932,-13.341247949409778
77478,NY,2021,2022,68.05882352941177,69.58119123877445,-1.5223677093626833,1.5223677093626833,-2.2368410595648758
77484,NY,2021,2022,54.51875,54.72299108491201,-0.2042410849120131,0.2042410849120131,-0.3746253993571259
77496,NY,2021,2022,56.42446808510638,55.864227724929044,0.5602403601773389,0.5602403601773389,0.9929032194549267
77502,NY,2021,2022,61.07,59.99668594812718,1.0733140518728206,1.0733140518728206,1.7575144127604727
77508,NY,2021,2022,68.40508474576271,68.12749496574405,0.2775897800186584,0.2775897800186584,0.40580284499370267
77514,NY,2021,2022,63.40653594771242,62.11784452920838,1.288691418504044,1.288691418504044,2.0324267825745137
77520,NY,2021,2022,64.75740740740741,67.30746630861086,-2.5500589012034425,2.5500589012034425,-3.93786441319414
77526,NY,2021,2022,77.95983606557377,72.04541608884209,5.914419976731679,5.914419976731679,7.586496169331254
77538,NY,2021,2022,56.508,54.05167456195782,2.4563254380421853,2.4563254380421853,4.346863166351995
77556,NY,2021,2022,54.38369565217391,54.074632493776456,0.309063158397457,0.309063158397457,0.5683011327037364
77568,NY,2021,2022,59.774226804123714,61.137606195359346,-1.3633793912356325,1.3633793912356325,-2.2808816845148643
77580,NY,2021,2022,55.126666666666665,57.32289696545734,-2.196230298790674,2.196230298790674,-3.9839707923400787
77592,NY,2021,2022,61.0030303030303,68.14095188852245,-7.137921585492151,7.137921585492151,-11.700929527655903
77604,NY,2021,2022,59.50232558139535,59.52626639374063,-0.02394081234528045,0.02394081234528045,-0.040235086799306624
77610,NY,2021,2022,59.32428571428572,60.26585565209283,-0.9415699378071096,0.9415699378071096,-1.5871576479518787
77616,NY,2021,2022,83.03636363636363,96.41639973181127,-13.380036095447636,13.380036095447636,-16.113465847375082
77622,NY,2021,2022,52.90357142857143,53.0315719062307,-0.12800047765927047,0.12800047765927047,-0.24195054171738156
77646,NY,2021,2022,73.71884057971015,89.4201092342483,-15.701268654538154,15.701268654538154,-21.298854581904074
77652,NY,2021,2022,121.28235294117648,142.50377256006476,-21.221419618888277,21.221419618888277,-17.49753290916193
77658,NY,2021,2022,90.01428571428572,85.31980631084006,4.694479403445655,4.694479403445655,5.215260406938515
77664,NY,2021,2022,57.75792349726776,60.47518714081411,-2.717263643546346,2.717263643546346,-4.704572946904655
77670,NY,2021,2022,71.44848484848485,74.98219011520636,-3.533705266721512,3.533705266721512,-4.945808541937819
77676,NY,2021,2022,96.98953068592058,106.50255680117918,-9.513026115258597,9.513026115258597,-9.808302038355516
77700,NY,2021,2022,52.746153846153845,56.208560886460816,-3.462407040306971,3.462407040306971,-6.5642834364868925
77712,NY,2021,2022,49.95,57.933807145315335,-7.983807145315332,7.983807145315332,-15.983597888519183
77718,NY,2021,2022,63.62647058823529,63.67879947555032,-0.05232888731502783,0.05232888731502783,-0.08224389445342514
77730,NY,2021,2022,61.4,59.047950045718565,2.3520499542814335,2.3520499542814335,3.830700251272693
77736,NY,2021,2022,56.85294117647059,54.45935946987831,2.393581706592279,2.393581706592279,4.210128195765002
77742,NY,2021,2022,50.71014492753624,50.34144682982301,0.3686980977132279,0.3686980977132279,0.7270696982627243
77748,NY,2021,2022,60.91648351648352,62.036341180066195,-1.1198576635826782,1.1198576635826782,-1.8383491609125033
77754,NY,2021,2022,62.31,62.06407325469819,0.24592674530181569,0.24592674530181569,0.39468262767102497
77760,NY,2021,2022,60.61698113207547,62.67044137687701,-2.053460244801535,2.053460244801535,-3.387598996933462
77772,NY,2021,2022,75.09473684210526,77.95969310169636,-2.8649562595910965,2.8649562595910965,-3.8151225772519504
77790,NY,2021,2022,58.1,59.15359668831475,-1.053596688314748,1.053596688314748,-1.8134194291131636
77796,NY,2021,2022,58.115,57.29870371407001,0.8162962859299938,0.8162962859299938,1.4046223624365375
77802,NY,2021,2022,55.38979591836735,57.57697256513887,-2.187176646771519,2.187176646771519,-3.9486995944071492
77814,NY,2021,2022,58.805,61.04701968023188,-2.242019680231877,2.242019680231877,-3.812634436241607
77820,NY,2021,2022,66.82941176470588,64.78814267625427,2.041269088451614,2.041269088451614,3.0544471880712467
77832,NY,2021,2022,74.59453376205788,77.97753547900832,-3.383001716950446,3.383001716950446,-4.535187159613553
77844,NY,2021,2022,55.44328358208955,55.831419687140816,-0.3881361050512666,0.3881361050512666,-0.7000597366795398
77868,NY,2021,2022,57.88125,56.16906931367599,1.712180686324011,1.712180686324011,2.9580921046522164
77874,NY,2021,2022,65.12307692307692,67.66173458425834,-2.538657661181418,2.538657661181418,-3.8982458770799
77880,NY,2021,2022,53.77454545454545,54.7244079888506,-0.9498625343051472,0.9498625343051472,-1.7663794761557716
77886,NY,2021,2022,68.33839285714286,69.95142966537281,-1.6130368082299498,1.6130368082299498,-2.3603669047381644
77898,NY,2021,2022,78.17101449275363,83.60770676440278,-5.43669227164915,5.43669227164915,-6.954869790199698
77910,NY,2021,2022,55.65714285714286,59.0627932147157,-3.4056503575728385,3.4056503575728385,-6.118981648616496
77916,NY,2021,2022,66.83571428571429,67.72073580436223,-0.885021518647946,0.885021518647946,-1.3241745496495931
77922,NY,2021,2022,66.98333333333333,74.57323082486322,-7.589897491529882,7.589897491529882,-11.331023873893828
77934,NY,2021,2022,72.34565217391304,79.3181186519901,-6.972466478077067,6.972466478077067,-9.637713212282373
77952,NY,2021,2022,61.97848101265823,62.654351861827834,-0.6758708491696055,0.6758708491696055,-1.0904927615627888
77958,NY,2021,2022,69.55555555555556,79.61948010872949,-10.063924553173933,10.063924553173933,-14.468901114786807
77976,NY,2021,2022,63.67083333333333,70.54332389614444,-6.872490562811116,6.872490562811116,-10.793781395685283
77982,NY,2021,2022,73.2813559322034,79.23736851057714,-5.956012578373745,5.956012578373745,-8.127596033954365
77988,NY,2021,2022,47.22727272727273,43.808253339035566,3.4190193882371602,3.4190193882371602,7.23950207326444
78126,NY,2021,2022,72.93563090605892,80.80132584221803,-7.865694936159116,7.865694936159116,-10.78443394325351
78156,NY,2021,2022,76.3453125,98.66634182815841,-22.321029328158403,22.321029328158403,-29.23693491746255
78162,NY,2021,2022,91.96306203756404,96.67266415638122,-4.709602118817173,4.709602118817173,-5.121188893094325
78168,NY,2021,2022,66.69833333333334,70.31883112863629,-3.6204977953029527,3.6204977953029527,-5.428168313005751
78174,NY,2021,2022,97.2947658402204,101.8197361951741,-4.524970354953695,4.524970354953695,-4.650784978900817
78180,NY,2021,2022,79.67020202020203,78.02423669873629,1.645965321465738,1.645965321465738,2.065973575727057
78186,NY,2021,2022,86.42797281993205,93.04976931100826,-6.621796491076211,6.621796491076211,-7.661635781823045
78192,NY,2021,2022,66.53813559322033,69.8095624817859,-3.2714268885655713,3.2714268885655713,-4.916619408402694
78198,NY,2021,2022,69.62329545454546,68.43539378692509,1.1879016676203662,1.1879016676203662,1.7061842015161497
78204,NY,2021,2022,82.06987951807228,78.46536570020093,3.60451381787135,3.60451381787135,4.392005738326464
78210,NY,2021,2022,158.631592039801,152.41348320788057,6.218108831920432,6.218108831920432,3.9198426693973385
78216,NY,2021,2022,70.64150943396227,67.9514141885602,2.690095245402077,2.690095245402077,3.808094230937769
78222,NY,2021,2022,78.5070953436807,80.83261690702538,-2.3255215633446795,2.3255215633446795,-2.9621801101725116
78234,NY,2021,2022,90.6038084874864,90.13675622423578,0.467052263250622,0.467052263250622,0.5154885551142457
78240,NY,2021,2022,58.83388429752066,56.82825843992435,2.005625857596314,2.005625857596314,3.40896386758002
78246,NY,2021,2022,88.20203735144312,89.35721353816541,-1.1551761867222865,1.1551761867222865,-1.309693314814781
78252,NY,2021,2022,66.85145631067961,67.81926881324239,-0.9678125025627793,0.9678125025627793,-1.4477059378707504
78264,NY,2021,2022,76.93739837398374,77.15437345523478,-0.21697508125103582,0.21697508125103582,-0.28201510037595134
78270,NY,2021,2022,68.54246208742194,68.2143950607794,0.32806702664254317,0.32806702664254317,0.4786332685629423
78312,NY,2021,2022,64.7132530120482,67.37151520184851,-2.658262189800311,2.658262189800311,-4.107755469046504
78318,NY,2021,2022,73.39134615384616,77.04583056926913,-3.6544844154229708,3.6544844154229708,-4.979448677453443
78324,NY,2021,2022,62.35217391304348,62.990556492563066,-0.6383825795195861,0.6383825795195861,-1.02383371654351
78342,NY,2021,2022,69.79119170984455,73.30094104229964,-3.509749332455087,3.509749332455087,-5.028928789533782
78360,NY,2021,2022,69.63237410071943,71.90928254917922,-2.2769084484597926,2.2769084484597926,-3.2698992068924273
78366,NY,2021,2022,86.02264150943397,104.54391256361859,-18.521271054184623,18.521271054184623,-21.530693232843152
78378,NY,2021,2022,91.08214285714286,89.68852834131731,1.393614515825547,1.393614515825547,1.53006338246933
78396,NY,2021,2022,149.01366366366366,202.52620657576637,-53.5125429121027,53.5125429121027,-35.91116518877423
78408,NY,2021,2022,72.58458498023715,73.09724232326069,-0.5126573430235339,0.5126573430235339,-0.7062895560581036
78414,NY,2021,2022,59.82695895522388,59.29449752040588,0.5324614348179963,0.5324614348179963,0.8900025074256322
78426,NY,2021,2022,63.79545454545455,66.2135573855749,-2.418102840120355,2.418102840120355,-3.7903998918879807
78432,NY,2021,2022,54.09090909090909,54.450177355926144,-0.3592682650170502,0.3592682650170502,-0.6641934311239583
78438,NY,2021,2022,69.39662162162162,68.61928081373634,0.777340807885281,0.777340807885281,1.1201421477311342
78444,NY,2021,2022,59.2962962962963,59.64030062926183,-0.34400433296553246,0.34400433296553246,-0.5801447214284433
78456,NY,2021,2022,83.7063063063063,71.91688817205733,11.789418134248976,11.789418134248976,14.084265158120804
78462,NY,2021,2022,68.8687306501548,71.24585772786413,-2.377127077709332,2.377127077709332,-3.4516783673346083
78468,NY,2021,2022,146.91166666666666,173.71741689644026,-26.805750229773594,26.805750229773594,-18.246168488847218
78480,NY,2021,2022,78.75647058823529,80.7131900248272,-1.9567194365919107,1.9567194365919107,-2.484518950604431
78486,NY,2021,2022,83.31153846153846,87.18503226594059,-3.8734938044021305,3.8734938044021305,-4.649408564445565
78492,NY,2021,2022,67.4612334801762,70.73581698193607,-3.2745835017598637,3.2745835017598637,-4.8540225739010765
78498,NY,2021,2022,64.92820512820512,62.47777662000709,2.45042850819803,2.45042850819803,3.7740585980460937
78504,NY,2021,2022,90.45486725663716,86.06630316227177,4.3885640943653925,4.3885640943653925,4.851661637968276
78528,NY,2021,2022,65.9874684608915,71.00959726700496,-5.022128806113457,5.022128806113457,-7.61073113312401
78540,NY,2021,2022,77.58773824650572,78.77069533249896,-1.1829570859932375,1.1829570859932375,-1.5246701511453244
78552,NY,2021,2022,65.3137614678899,67.30065185215996,-1.9868903842700547,1.9868903842700547,-3.0420700624429147
78606,NY,2021,2022,57.97264957264957,57.66380680875296,0.3088427638966138,0.3088427638966138,0.5327387417571476
78618,NY,2021,2022,41.38666666666666,39.05907198973779,2.327594676928875,2.327594676928875,5.6240206433526305
78624,NY,2021,2022,156.76924066924067,168.20575991918403,-11.436519249943359,11.436519249943359,-7.295129580982458
78648,NY,2021,2022,92.39871794871794,99.05000405426142,-6.651286105543477,6.651286105543477,-7.198461464838718
78660,NY,2021,2022,84.29243697478992,90.42503379341231,-6.132596818622389,6.132596818622389,-7.275382037485188
78666,NY,2021,2022,55.67297297297297,57.508022525115486,-1.8350495521425145,1.8350495521425145,-3.2961227937896522
78672,NY,2021,2022,80.24255319148936,84.26828315030289,-4.025729958813528,4.025729958813528,-5.016951478608363
78684,NY,2021,2022,67.03787375415283,69.43384944631065,-2.395975692157819,2.395975692157819,-3.5740627767290944
78696,NY,2021,2022,76.75674157303371,76.60710397748004,0.14963759555367062,0.14963759555367062,0.1949504271377793
78708,NY,2021,2022,65.75787234042554,67.60406221705725,-1.846189876631712,1.846189876631712,-2.8075571956982888
78720,NY,2021,2022,54.51379310344828,57.78801330581251,-3.2742202023642335,3.2742202023642335,-6.00622340872685
78732,NY,2021,2022,73.26481481481481,77.44342021280315,-4.178605397988335,4.178605397988335,-5.703427229769484
78756,NY,2021,2022,66.99965753424658,69.75689070395427,-2.757233169707689,2.757233169707689,-4.1152944226593124
78786,NY,2021,2022,63.47485714285714,63.515308739230186,-0.04045159637304607,0.04045159637304607,-0.06372853472045681
78792,NY,2021,2022,69.27119565217392,69.93881366540421,-0.667618013230296,0.667618013230296,-0.9637743465300564
78810,NY,2021,2022,75.49640522875816,72.48254981076981,3.0138554179883528,3.0138554179883528,3.9920515537875065
78816,NY,2021,2022,50.65263157894737,50.53821871504982,0.11441286389754879,0.11441286389754879,0.2258774328816944
78840,NY,2021,2022,56.01907216494845,57.2023426512005,-1.1832704862520558,1.1832704862520558,-2.112263628301286
78846,NY,2021,2022,58.79032258064516,61.18493331001273,-2.394610729367571,2.394610729367571,-4.0731375917912045
78852,NY,2021,2022,65.63535353535353,67.47002024687015,-1.8346667115166184,1.8346667115166184,-2.795241607906327
78858,NY,2021,2022,60.94957983193277,59.17605324645358,1.7735265854791962,1.7735265854791962,2.9098257779129235
78864,NY,2021,2022,55.19444444444444,53.65525763041912,1.5391868140253209,1.5391868140253209,2.7886625719633393
78870,NY,2021,2022,63.135714285714286,65.32233896170413,-2.1866246759898473,2.1866246759898473,-3.4633720402599684
78876,NY,2021,2022,58.16129032258065,54.50774671794801,3.653543604632638,3.653543604632638,6.281744411736649
78882,NY,2021,2022,78.29787234042553,77.13092864426447,1.1669436961610558,1.1669436961610558,1.4903900467274354
78888,NY,2021,2022,73.72530612244898,72.12785424690838,1.5974518755405995,1.5974518755405995,2.166761943161581
78912,NY,2021,2022,190.0188585607941,300.83353629086685,-110.81467773007276,110.81467773007276,-58.317726234851065
78930,NY,2021,2022,58.57037037037037,58.04837917242538,0.5219911979449918,0.5219911979449918,0.8912205858425939
78936,NY,2021,2022,69.7752808988764,71.9866855108641,-2.211404611987703,2.211404611987703,-3.1693238400467885
78948,NY,2021,2022,60.69193548387097,61.16260455735737,-0.4706690734863983,0.4706690734863983,-0.7755051305152061
78954,NY,2021,2022,89.56640926640927,97.6626031551663,-8.096193888757028,8.096193888757028,-9.039319489380716
78960,NY,2021,2022,70.62717391304348,71.40781499171376,-0.7806410786702855,0.7806410786702855,-1.1052984785026436
78984,NY,2021,2022,93.17086614173228,95.62316487823408,-2.4522987365018025,2.4522987365018025,-2.632044584378282
78990,NY,2021,2022,57.3239263803681,60.06862018254434,-2.7446938021762435,2.7446938021762435,-4.788042228587167
78996,NY,2021,2022,64.76535433070866,66.29779491474238,-1.532440584033722,1.532440584033722,-2.366142515346529
79002,NY,2021,2022,70.23841463414634,68.27777235315743,1.9606422809889068,1.9606422809889068,2.791410215053092
79212,NY,2021,2022,60.07669491525424,65.73351075949557,-5.656815844241336,5.656815844241336,-9.4159904306004
79218,NY,2021,2022,49.28842443729904,49.14648495870907,0.14193947858997547,0.14193947858997547,0.2879773095010168
79224,NY,2021,2022,42.88914431673052,42.51468029944061,0.37446401728990963,0.37446401728990963,0.8730974311927129
79230,NY,2021,2022,40.6645390070922,40.42124725306239,0.24329175402981207,0.24329175402981207,0.5982897137660411
79236,NY,2021,2022,49.12715151515152,49.47945457324896,-0.35230305809744067,0.35230305809744067,-0.7171249446220902
79242,NY,2021,2022,52.38193979933111,53.38129675253396,-0.9993569532028559,0.9993569532028559,-1.9078273103884122
79248,NY,2021,2022,39.01449735449735,39.83461025677511,-0.8201129022777565,0.8201129022777565,-2.102072198511149
79254,NY,2021,2022,63.00327380952381,66.56983158328667,-3.5665577737628595,3.5665577737628595,-5.660908645073814
79260,NY,2021,2022,54.79392971246006,55.475254360647185,-0.6813246481871218,0.6813246481871218,-1.2434308905429527
79266,NY,2021,2022,47.377672955974845,47.96599207447785,-0.5883191185030086,0.5883191185030086,-1.2417644890446546
79272,NY,2021,2022,61.51069063386944,64.15214065990197,-2.641450026032537,2.641450026032537,-4.294294209368028
79284,NY,2021,2022,81.59232804232805,91.82772374633586,-10.235395704007814,10.235395704007814,-12.544556516021885
79290,NY,2021,2022,104.87754532775452,116.1126459121559,-11.23510058440138,11.23510058440138,-10.712589190841934
79314,NY,2021,2022,73.25724550898204,76.75436686238295,-3.497121353400914,3.497121353400914,-4.773754908614649
79344,NY,2021,2022,84.77163461538461,96.97981137112012,-12.208176755735508,12.208176755735508,-14.401252035689696
79812,NY,2021,2022,52.15441176470589,53.32447550864488,-1.1700637439389894,1.1700637439389894,-2.243460724315558
79818,NY,2021,2022,82.62727272727273,77.40212854968603,5.225144177586699,5.225144177586699,6.323752442892914
79824,NY,2021,2022,98.2945054945055,105.54633663066117,-7.251831136155673,7.251831136155673,-7.377656665215166
79848,NY,2021,2022,61.40909090909091,63.45232209144752,-2.043231182356614,2.043231182356614,-3.327245448693228
79854,NY,2021,2022,62.07878787878788,64.14262111338846,-2.0638332346005797,2.0638332346005797,-3.3245385503182234
79860,NY,2021,2022,57.59310344827586,54.440768756009085,3.152334692266777,3.152334692266777,5.473458632243835
79884,NY,2021,2022,53.76111111111111,56.0678751108451,-2.306763999733988,2.306763999733988,-4.290766972740704
79890,NY,2021,2022,61.955,65.42696333657474,-3.4719633365747455,3.4719633365747455,-5.6040082908155044
79896,NY,2021,2022,62.89293286219081,61.88087985959658,1.0120530025942287,1.0120530025942287,1.609168083816047
79902,NY,2021,2022,61.12267441860465,62.072367238788026,-0.9496928201833725,0.9496928201833725,-1.5537487997977768
79908,NY,2021,2022,62.666101694915255,66.0983832946144,-3.432281599699138,3.432281599699138,-5.477094484684747
79914,NY,2021,2022,54.80487804878049,53.392438056103074,1.4124399926774132,1.4124399926774132,2.577215829985489
79920,NY,2021,2022,59.69892473118279,69.8831753884391,-10.184250657256307,10.184250657256307,-17.059353586542443
79932,NY,2021,2022,70.23928571428571,71.86742380309512,-1.6281380888094077,1.6281380888094077,-2.317987821562181
79938,NY,2021,2022,90.79958592132505,102.07799659714223,-11.278410675817184,11.278410675817184,-12.421213776888331
79944,NY,2021,2022,62.88829787234042,61.72669297980538,1.1616048925350384,1.1616048925350384,1.8470922760431976
79950,NY,2021,2022,62.5225,59.49407589037357,3.028424109626428,3.028424109626428,4.843734830863174
79956,NY,2021,2022,110.13372549019608,129.3981245621723,-19.26439907197623,19.26439907197623,-17.491825493264653
79962,NY,2021,2022,58.43,60.947986455491645,-2.517986455491645,2.517986455491645,-4.309406906540553
79968,NY,2021,2022,81.34444444444445,81.52683199509168,-0.18238755064723478,0.18238755064723478,-0.2242163578507189
79974,NY,2021,2022,53.97375,55.973864829493124,-2.0001148294931212,2.0001148294931212,-3.7057177414819633
79986,NY,2021,2022,85.37142857142857,103.35152292250348,-17.98009435107491,17.98009435107491,-21.061020826225633
79992,NY,2021,2022,63.06140350877193,60.79288402030976,2.268519488462175,2.268519488462175,3.5973184265501175
80004,NY,2021,2022,59.35344827586207,64.1701059816472,-4.816657705785126,4.816657705785126,-8.11521123995751
80010,NY,2021,2022,66.71449275362319,67.75821227310215,-1.0437195194789552,1.0437195194789552,-1.564456951405468
80022,NY,2021,2022,103.24,117.63146892717043,-14.391468927170436,14.391468927170436,-13.93981879811162
80028,NY,2021,2022,61.58688524590164,64.04695363959725,-2.4600683936956074,2.4600683936956074,-3.994467951858817
80034,NY,2021,2022,54.38560885608856,54.7469863888205,-0.36137753273194306,0.36137753273194306,-0.6644727168324902
80040,NY,2021,2022,65.3495890410959,70.78959598248963,-5.440006941393733,5.440006941393733,-8.324470010014474
80058,NY,2021,2022,65.78441558441558,69.45694062067268,-3.672525036257099,3.672525036257099,-5.582667267970874
80076,NY,2021,2022,98.40855614973262,109.73430693266754,-11.325750782934918,11.325750782934918,-11.508908601100018
80088,NY,2021,2022,66.67777777777778,65.18068242773397,1.4970953500438071,1.4970953500438071,2.245268813596778
80100,NY,2021,2022,57.966062176165806,59.91912509942735,-1.953062923261541,1.953062923261541,-3.3693213751970057
80124,NY,2021,2022,78.06463414634146,84.87250962236459,-6.807875476023128,6.807875476023128,-8.720819037287683
80130,NY,2021,2022,64.0025,63.60841092326668,0.39408907673331584,0.39408907673331584,0.6157401300469761
80142,NY,2021,2022,58.32099567099567,57.97603041585843,0.3449652551372395,0.3449652551372395,0.591494111457357
80160,NY,2021,2022,72.93181818181819,74.5289505936121,-1.5971324117939076,1.5971324117939076,-2.189897978153067
80166,NY,2021,2022,55.729032258064514,57.1116975012492,-1.3826652431846895,1.3826652431846895,-2.481050158527748
80178,NY,2021,2022,71.5029702970297,71.34964096799153,0.1533293290381721,0.1533293290381721,0.2144377057361791
80190,NY,2021,2022,62.76864864864865,66.6576956949837,-3.889047046335051,3.889047046335051,-6.195843195707828
80202,NY,2021,2022,67.1755376344086,70.55097766054959,-3.3754400261409927,3.3754400261409927,-5.024805375598554
80208,NY,2021,2022,55.01698113207547,55.96754546208203,-0.9505643300065572,0.9505643300065572,-1.7277653379864717
80412,NY,2021,2022,60.74032258064516,62.21183941714022,-1.4715168364950557,1.4715168364950557,-2.4226358602908586
80418,NY,2021,2022,79.4980079681275,86.1366434488396,-6.638635480712111,6.638635480712111,-8.350694124780695
80436,NY,2021,2022,56.288,62.64838785010231,-6.360387850102313,6.360387850102313,-11.299722587589386
80442,NY,2021,2022,58.0068085106383,58.73389638300116,-0.7270878723628584,0.7270878723628584,-1.253452639494056
80448,NY,2021,2022,60.79464285714285,61.576204423962245,-0.7815615668193985,0.7815615668193985,-1.2855763766158415
80454,NY,2021,2022,60.2712962962963,58.262305490112105,2.008990806184194,2.008990806184194,3.3332463869831312
80466,NY,2021,2022,54.02928571428571,55.907254412242395,-1.8779686979566819,1.8779686979566819,-3.4758347683655093
80478,NY,2021,2022,110.9839378238342,123.84086142579027,-12.856923601956069,12.856923601956069,-11.584490381269386
80496,NY,2021,2022,68.32871287128712,66.79929853634995,1.5294143349371723,1.5294143349371723,2.23831866673411
80502,NY,2021,2022,55.02285714285714,55.83317010183098,-0.8103129589738387,0.8103129589738387,-1.4726842644139764
80520,NY,2021,2022,90.8129411764706,92.16621978438975,-1.353278607919151,1.353278607919151,-1.4901825559084325
80526,NY,2021,2022,71.72692307692307,67.16013441084856,4.566788666074515,4.566788666074515,6.3669100390335895
80544,NY,2021,2022,66.87410714285714,70.7932546708107,-3.9191475279535553,3.9191475279535553,-5.860485762570905
80550,NY,2021,2022,59.92386363636364,60.24693477334774,-0.3230711369840975,0.3230711369840975,-0.5391360259154719
80568,NY,2021,2022,61.915,66.20767385673491,-4.292673856734915,4.292673856734915,-6.9331726669384075
80586,NY,2021,2022,70.5,76.3705554185684,-5.870555418568401,5.870555418568401,-8.32702896250837
80598,NY,2021,2022,50.425,49.678200336596,0.7467996634039977,0.7467996634039977,1.4810107355557716
80622,NY,2021,2022,57.91111111111111,57.77772953074574,0.1333815803653735,0.1333815803653735,0.23032122472915612
80628,NY,2021,2022,73.46976744186047,74.8234566002772,-1.3536891584167279,1.3536891584167279,-1.8425118324866832
80634,NY,2021,2022,61.40057471264368,63.99220739327785,-2.59163268063417,2.59163268063417,-4.220860623476376
80640,NY,2021,2022,62.190402647545504,63.82994165257621,-1.6395390050307057,1.6395390050307057,-2.636321578946095
80646,NY,2021,2022,66.95625,73.37051109978015,-6.414261099780148,6.414261099780148,-9.579779482542927
80700,NY,2021,2022,56.63636363636363,62.0141123320762,-5.377748695712569,5.377748695712569,-9.495222416185916
80712,NY,2021,2022,55.25106382978724,55.73903346022638,-0.48796963043913877,0.48796963043913877,-0.8831859454189586
80724,NY,2021,2022,59.065714285714286,59.24198866090426,-0.17627437518997624,0.17627437518997624,-0.2984377270666651
80736,NY,2021,2022,79.9774358974359,82.7044493715681,-2.7270134741322067,2.7270134741322067,-3.4097285609773293
80754,NY,2021,2022,66.32842105263158,70.057733455758,-3.729312403126414,3.729312403126414,-5.622495370675575
80760,NY,2021,2022,60.209,58.244749028420394,1.9642509715796095,1.9642509715796095,3.2623876357016552
80766,NY,2021,2022,75.28354430379747,76.7837984410649,-1.500254137267433,1.500254137267433,-1.9928048700966337
80784,NY,2021,2022,52.702,51.08300834486109,1.618991655138906,1.618991655138906,3.0719738437609694
80808,NY,2021,2022,69.09583333333333,78.8021624057617,-9.706329072428375,9.706329072428375,-14.047632981865826
80814,NY,2021,2022,74.3475,74.39583732191618,-0.04833732191617912,0.04833732191617912,-0.0650153965044946
80820,NY,2021,2022,54.121428571428574,53.40738712905425,0.7140414423743238,0.7140414423743238,1.3193322150244862
80826,NY,2021,2022,56.45572519083969,56.27530056156673,0.180424629272963,0.180424629272963,0.31958606264123957
80838,NY,2021,2022,63.40571428571429,63.24505202047388,0.16066226524041127,0.16066226524041127,0.2533876749916364
80856,NY,2021,2022,69.87307692307692,70.77455604421573,-0.9014791211388058,0.9014791211388058,-1.2901666290311526
80862,NY,2021,2022,67.51896551724138,65.32735216334233,2.191613353899058,2.191613353899058,3.245922589467719
80868,NY,2021,2022,66.72913907284769,70.0909676968872,-3.361828624039518,3.361828624039518,-5.038021875824646
80880,NY,2021,2022,63.464516129032255,63.30265717373897,0.1618589552932832,0.1618589552932832,0.25503850839136827
80898,NY,2021,2022,52.98571428571429,56.22552917355889,-3.2398148878446023,3.2398148878446023,-6.114506393883045
80910,NY,2021,2022,59.68627450980392,58.75616577292847,0.9301087368754537,0.9301087368754537,1.5583293554746431
80916,NY,2021,2022,64.95384615384616,71.74530434093657,-6.791458187090413,6.791458187090413,-10.4558214628346
80928,NY,2021,2022,54.13333333333333,57.761223386437095,-3.627890053103762,3.627890053103762,-6.701767339477394
80934,NY,2021,2022,62.99666666666667,63.749765239513884,-0.7530985728472146,0.7530985728472146,-1.1954578118110184
80940,NY,2021,2022,68.65970149253731,69.24362810439749,-0.5839266118601785,0.5839266118601785,-0.8504648274994993
80946,NY,2021,2022,65.71104294478528,74.94478726561765,-9.233744320832372,9.233744320832372,-14.052043472496958
80952,NY,2021,2022,82.37246621621621,85.40142433978293,-3.0289581235667242,3.0289581235667242,-3.6771487642680656
80958,NY,2021,2022,54.70823529411765,53.69001035951526,1.0182249346023866,1.0182249346023866,1.861191334592122
80964,NY,2021,2022,63.43333333333333,62.34510721435257,1.0882261189807565,1.0882261189807565,1.7155430146832735
80970,NY,2021,2022,59.203,57.90793433087798,1.2950656691220246,1.2950656691220246,2.18750007452667
81006,NY,2021,2022,50.99779792746114,51.14268239436596,-0.14488446690481993,0.14488446690481993,-0.28409945682537596
81012,NY,2021,2022,54.31852367688023,54.31957953160043,-0.0010558547201995339,0.0010558547201995339,-0.0019438207239953773
81606,NY,2021,2022,60.33041561712847,62.43179237486292,-2.1013767577344495,2.1013767577344495,-3.483113345464581
81618,NY,2021,2022,51.42063953488372,54.04976294794262,-2.629123413058899,2.629123413058899,-5.112972994579937
81630,NY,2021,2022,69.2635,69.4194515739428,-0.1559515739428008,0.1559515739428008,-0.2251569353884814
81636,NY,2021,2022,65.7,67.54195042865892,-1.8419504286589188,1.8419504286589188,-2.8035775169846557
81642,NY,2021,2022,70.23052631578948,74.58224002329774,-4.351713707508267,4.351713707508267,-6.196327915785389
81648,NY,2021,2022,58.22857142857143,57.01925438158271,1.2093170469887156,1.2093170469887156,2.076844781383957
81672,NY,2021,2022,62.63333333333333,63.738371540891755,-1.1050382075584224,1.1050382075584224,-1.7642972978580453
81678,NY,2021,2022,60.461467889908256,59.61201560565201,0.8494522842562446,0.8494522842562446,1.4049481660004957
81684,NY,2021,2022,47.00833333333333,46.94217145314453,0.06616188018880109,0.06616188018880109,0.14074500306073623
81696,NY,2021,2022,47.73783783783784,48.9896054215585,-1.2517675837206639,1.2517675837206639,-2.6221706730263583
81702,NY,2021,2022,73.31546666666667,78.03309932305756,-4.71763265639089,4.71763265639089,-6.434703168214015
81708,NY,2021,2022,71.75454545454545,78.6524415877389,-6.897896133193456,6.897896133193456,-9.613183512622324
81714,NY,2021,2022,60.62412993039443,59.723616710852504,0.9005132195419279,0.9005132195419279,1.4854039481900223
81720,NY,2021,2022,61.61521739130435,61.3437840226916,0.27143336861274747,0.27143336861274747,0.4405297588888397
81726,NY,2021,2022,61.416,60.275797057820384,1.140202942179613,1.140202942179613,1.8565242643278836
81732,NY,2021,2022,71.78691588785047,76.52533725873207,-4.738421370881596,4.738421370881596,-6.600675502321653
81744,NY,2021,2022,78.56507177033492,87.20040081675056,-8.635329046415634,8.635329046415634,-10.991308035279125
81750,NY,2021,2022,74.58478260869565,73.205328265467,1.3794543432286446,1.3794543432286446,1.8495117837453046
81756,NY,2021,2022,67.53333333333333,67.95881288650587,-0.4254795531725364,0.4254795531725364,-0.6300289533650588
81780,NY,2021,2022,57.39818181818182,60.12834969317155,-2.730167874989732,2.730167874989732,-4.75654069259195
81804,NY,2021,2022,70.09086021505377,71.71162791246671,-1.6207676974129441,1.6207676974129441,-2.3123809473019477
81810,NY,2021,2022,52.45111111111111,56.403632234382584,-3.952521123271474,3.952521123271474,-7.535628968657218
81816,NY,2021,2022,50.23571428571429,55.85391291440283,-5.618198628688539,5.618198628688539,-11.183674221760208
81822,NY,2021,2022,50.00327102803738,50.99322400642859,-0.9899529783912087,0.9899529783912087,-1.9797764386976429
81828,NY,2021,2022,46.694117647058825,48.07072438161042,-1.3766067345515935,1.3766067345515935,-2.9481373755829035
81840,NY,2021,2022,120.99565217391304,152.72128460738045,-31.72563243346741,31.72563243346741,-26.220473102509988
81852,NY,2021,2022,60.36342182890856,62.173322724468456,-1.809900895559899,1.809900895559899,-2.99834045308068
81876,NY,2021,2022,62.42258064516129,61.59818200344242,0.8243986417188722,0.8243986417188722,1.3206737581150865
81888,NY,2021,2022,63.52574257425743,64.77767323581911,-1.2519306615616799,1.2519306615616799,-1.9707454188327749
81900,NY,2021,2022,77.99508196721311,85.8505740039003,-7.855492036687195,7.855492036687195,-10.07177867957036
81912,NY,2021,2022,56.22682926829268,58.52442033588539,-2.2975910675927054,2.2975910675927054,-4.0862895836247315
81924,NY,2021,2022,62.58795180722892,63.633126777777434,-1.0451749705485156,1.0451749705485156,-1.6699299791238698
81930,NY,2021,2022,47.32201257861635,43.92298739347448,3.3990251851418734,3.3990251851418734,7.182757029817892
81936,NY,2021,2022,58.4775,61.14751659299195,-2.6700165929919493,2.6700165929919493,-4.565887038590824
81948,NY,2021,2022,63.90571428571429,64.93851103890394,-1.0327967531896505,1.0327967531896505,-1.6161258265139609
81954,NY,2021,2022,60.796,62.41955174452357,-1.6235517445235672,1.6235517445235672,-2.670491059483465
81960,NY,2021,2022,58.54337349397591,61.17530838081702,-2.6319348868411083,2.6319348868411083,-4.495700759560658
81966,NY,2021,2022,68.28507462686566,67.24461749557668,1.0404571312889885,1.0404571312889885,1.523696264483011
81972,NY,2021,2022,60.27136690647482,60.55298994273014,-0.2816230362553256,0.2816230362553256,-0.467258419229698
81984,NY,2021,2022,70.8695652173913,83.51547058787108,-12.645905370479781,12.645905370479781,-17.843915553437732
81990,NY,2021,2022,57.060526315789474,51.44277733963428,5.617748976155191,5.617748976155191,9.845245634547677
82002,NY,2021,2022,57.84347826086957,54.42811163896659,3.415366621902976,3.415366621902976,5.904497316879769
82008,NY,2021,2022,61.706896551724135,65.46730058048968,-3.7604040287655423,3.7604040287655423,-6.093976911662517
82014,NY,2021,2022,65.51252059308072,66.45237316924691,-0.9398525761661887,0.9398525761661887,-1.4346151966948646
82020,NY,2021,2022,48.06428571428572,47.69028547183754,0.37400024244817587,0.37400024244817587,0.7781250400170103
82032,NY,2021,2022,62.02857142857143,65.45820039837774,-3.429628969806309,3.429628969806309,-5.529111651000498
82038,NY,2021,2022,56.15102040816326,55.5201471566001,0.630873251563159,0.630873251563159,1.1235294514281744
82056,NY,2021,2022,70.74698795180723,73.14747980109505,-2.4004918492878176,2.4004918492878176,-3.393065795144565
82074,NY,2021,2022,63.62823529411765,68.68479619829081,-5.0565609041731605,5.0565609041731605,-7.947039362005744
82080,NY,2021,2022,58.388636363636365,56.93773160679058,1.4509047568457873,1.4509047568457873,2.4849094741821895
82086,NY,2021,2022,51.93157894736842,52.9561169014766,-1.024537954108176,1.024537954108176,-1.9728611663175581
82092,NY,2021,2022,66.08780487804879,68.34818871053365,-2.2603838324848624,2.2603838324848624,-3.4202737353070325
82104,NY,2021,2022,64.09777777777778,58.13007628645697,5.96770149132081,5.96770149132081,9.310309496236183
82110,NY,2021,2022,84.27394957983194,85.14227858528406,-0.8683290054521251,0.8683290054521251,-1.0303646735217566
82122,NY,2021,2022,64.25,63.15200670933116,1.097993290668839,1.097993290668839,1.7089389738036407
82140,NY,2021,2022,60.23030303030303,61.29989006342843,-1.0695870331254014,1.0695870331254014,-1.7758287428626607
82146,NY,2021,2022,62.68382352941177,64.00314750565013,-1.3193239762383655,1.3193239762383655,-2.104727985553287
82158,NY,2021,2022,76.08620689655173,90.10707745799138,-14.02087056143965,14.02087056143965,-18.427611433571258
82164,NY,2021,2022,73.60375,79.04799012785725,-5.444240127857242,5.444240127857242,-7.396688521790318
82182,NY,2021,2022,58.73367346938775,60.60951084791302,-1.8758373785252687,1.8758373785252687,-3.1938022393626775
82380,NY,2021,2022,57.83884297520661,59.39197301012811,-1.5531300349215016,1.5531300349215016,-2.6852716185682888
82386,NY,2021,2022,103.2375,114.45495062519268,-11.217450625192683,11.217450625192683,-10.865674415975477
82392,NY,2021,2022,83.34688346883469,91.0638156752458,-7.716932206411116,7.716932206411116,-9.258813149620229
82398,NY,2021,2022,60.25066666666667,65.90258648666426,-5.651919819997595,5.651919819997595,-9.380675986983704
82404,NY,2021,2022,58.87857142857143,58.560533488789694,0.318037939781739,0.318037939781739,0.5401590630770771
82416,NY,2021,2022,60.72727272727273,60.30941585876602,0.41785686850670345,0.41785686850670345,0.6880876577206194
82434,NY,2021,2022,65.91282051282052,62.03583285198361,3.876987660836903,3.876987660836903,5.8819932612090255
82440,NY,2021,2022,84.06428571428572,130.91636084549734,-46.85207513121162,46.85207513121162,-55.73362663242099
82458,NY,2021,2022,61.43035714285714,62.9731611353051,-1.5428039924479577,1.5428039924479577,-2.5114683752532088
82464,NY,2021,2022,65.006,65.5757640568108,-0.5697640568107971,0.5697640568107971,-0.8764791816306143
82476,NY,2021,2022,64.52661290322581,67.64167509227421,-3.115062189048402,3.115062189048402,-4.8275619142139625
82488,NY,2021,2022,67.62647058823529,67.48841619220867,0.13805439602661806,0.13805439602661806,0.20414254185643518
82500,NY,2021,2022,57.4531914893617,55.89288208152204,1.5603094078396609,1.5603094078396609,2.7157923996764826
82506,NY,2021,2022,52.654545454545456,50.17454750971696,2.4799979448284972,2.4799979448284972,4.709940848258541
82512,NY,2021,2022,76.72972972972973,76.52718400254135,0.2025457271883795,0.2025457271883795,0.2639729449091244
82518,NY,2021,2022,75.18923076923078,87.06797788709335,-11.878747117862574,11.878747117862574,-15.798468738589143
82524,NY,2021,2022,59.27301587301587,61.474961718109604,-2.201945845093732,2.201945845093732,-3.7149212211693303
82530,NY,2021,2022,57.56,59.54789641209533,-1.9878964120953242,1.9878964120953242,-3.4536073872399653
82536,NY,2021,2022,54.266666666666666,52.97899364467842,1.2876730219882475,1.2876730219882475,2.3728618341306773
82542,NY,2021,2022,76.46346153846154,77.41279725250818,-0.9493357140466401,0.9493357140466401,-1.2415547176988828
82560,NY,2021,2022,70.27891221374045,73.9700775361008,-3.691165322360348,3.691165322360348,-5.252166270209681
82650,NY,2021,2022,70.09220779220779,72.40403754096299,-2.3118297487552013,2.3118297487552013,-3.298269267831808
82656,NY,2021,2022,64.35666666666667,75.59165360306397,-11.234986936397306,11.234986936397306,-17.457378572119914
82662,NY,2021,2022,55.089473684210525,56.27266527648303,-1.1831915922725074,1.1831915922725074,-2.1477634712121563
82668,NY,2021,2022,66.03618677042802,70.14585828735356,-4.109671516925545,4.109671516925545,-6.223362852874352
82680,NY,2021,2022,65.175,67.51708921474078,-2.3420892147407812,2.3420892147407812,-3.5935392631235614
82692,NY,2021,2022,62.263636363636365,70.79134732394455,-8.527710960308184,8.527710960308184,-13.696133824410866
82698,NY,2021,2022,58.80654205607477,67.12634610012283,-8.319804044048063,8.319804044048063,-14.147752534258421
82716,NY,2021,2022,75.4,64.10323607726032,11.296763922739686,11.296763922739686,14.982445520874915
82722,NY,2021,2022,55.08707482993197,56.35521740624892,-1.2681425763169472,1.2681425763169472,-2.302069188157169
82728,NY,2021,2022,73.75952380952381,70.13032951184185,3.6291942976819627,3.6291942976819627,4.920306029976514
82740,NY,2021,2022,56.05774818401937,56.77189257220801,-0.7141443881886431,0.7141443881886431,-1.2739441224865815
82770,NY,2021,2022,61.0374269005848,62.15636245851498,-1.118935557930179,1.118935557930179,-1.8331958189401631
82776,NY,2021,2022,60.58518518518518,65.13545302743881,-4.550267842253632,4.550267842253632,-7.510528899672825
82782,NY,2021,2022,56.99891304347826,56.34423281739513,0.6546802260831299,0.6546802260831299,1.1485837029624506
82806,NY,2021,2022,54.3811320754717,51.841881417335514,2.539250658136183,2.539250658136183,4.669359686392953
82812,NY,2021,2022,65.5609756097561,64.70875646457677,0.8522191451793333,0.8522191451793333,1.2998878330488342
82818,NY,2021,2022,62.29945652173913,63.74577166835897,-1.4463151466198383,1.4463151466198383,-2.321553392869732
82824,NY,2021,2022,60.333333333333336,78.40881947618159,-18.075486142848256,18.075486142848256,-29.959369297538547
82842,NY,2021,2022,66.54333333333334,66.65369406845885,-0.1103607351255107,0.1103607351255107,-0.16584792134275014
82848,NY,2021,2022,64.06923076923077,64.46925287021827,-0.40002210098749913,0.40002210098749913,-0.6243591442955323
82854,NY,2021,2022,58.224657534246575,56.590810192581436,1.6338473416651382,1.6338473416651382,2.806108976603498
82860,NY,2021,2022,62.70740740740741,69.43417342590206,-6.726766018494651,6.726766018494651,-10.727227127715762
82866,NY,2021,2022,67.07225130890052,68.42077212043236,-1.3485208115318414,1.3485208115318414,-2.0105494973193068
82872,NY,2021,2022,59.94791666666666,60.29178801503895,-0.3438713483722893,0.3438713483722893,-0.573616845243089
82878,NY,2021,2022,60.38461538461539,56.0523205603432,4.332294824272189,4.332294824272189,7.174500982871142
82890,NY,2021,2022,62.98079584775086,63.074992065209344,-0.09419621745848161,0.09419621745848161,-0.14956339657280704
82920,NY,2021,2022,65.16731266149871,71.05561630142364,-5.888303639924928,5.888303639924928,-9.035670490988004
82950,NY,2021,2022,61.14901960784314,64.4745291512684,-3.3255095434252624,3.3255095434252624,-5.438369355309702
82962,NY,2021,2022,74.64564393939393,79.78810690840231,-5.142462969008378,5.142462969008378,-6.8891668657633
82980,NY,2021,2022,59.569,63.01670311588132,-3.4477031158813176,3.4477031158813176,-5.787747177023817
82992,NY,2021,2022,50.652,51.27848462124088,-0.626484621240877,0.626484621240877,-1.236840837954823
82998,NY,2021,2022,66.18172043010753,69.86007141671125,-3.678350986603718,3.678350986603718,-5.557956128517859
83010,NY,2021,2022,57.84032258064517,57.099354446022026,0.7409681346231451,0.7409681346231451,1.281058095051309
83028,NY,2021,2022,54.33777777777778,56.4500636111895,-2.1122858334117183,2.1122858334117183,-3.8873246566140733
83034,NY,2021,2022,60.596875,65.6018771321385,-5.0050021321385,5.0050021321385,-8.25950534930803
83046,NY,2021,2022,61.40526315789474,53.276252760027525,8.129010397867212,8.129010397867212,13.238295839502618
83052,NY,2021,2022,57.92857142857143,70.47492755641642,-12.546356127844987,12.546356127844987,-21.65832130577433
83058,NY,2021,2022,58.482278481012656,63.48091464187853,-4.998636160865871,4.998636160865871,-8.547266438137784
83064,NY,2021,2022,56.406451612903226,54.93858624854831,1.467865364354914,1.467865364354914,2.602300485817359
83076,NY,2021,2022,67.48666666666666,73.86639234511804,-6.379725678451379,6.379725678451379,-9.453312770598705
83094,NY,2021,2022,63.12660098522168,67.95843597368139,-4.831834988459711,4.831834988459711,-7.654197934070414
83100,NY,2021,2022,99.91340615690169,110.81713348759905,-10.903727330697365,10.903727330697365,-10.913177470473187
83136,NY,2021,2022,58.98996282527881,64.58722852389144,-5.597265698612631,5.597265698612631,-9.488505214338005
83166,NY,2021,2022,79.59666666666666,71.1892758151429,8.407390851523758,8.407390851523758,10.562491123820626
83172,NY,2021,2022,61.728729281767954,60.81028320965164,0.9184460721163177,0.9184460721163177,1.4878745809329135
83178,NY,2021,2022,48.60952380952381,49.891419442843336,-1.2818956333195288,1.2818956333195288,-2.6371285560060844
83184,NY,2021,2022,54.08627450980392,54.21546573441478,-0.12919122461085664,0.12919122461085664,-0.23886138541015403
83190,NY,2021,2022,63.21818181818182,65.72439031106912,-2.5062084928872963,2.5062084928872963,-3.964379266862275
83406,NY,2021,2022,64.82152199762187,71.83715230867246,-7.015630311050586,7.015630311050586,-10.822995349149577
83418,NY,2021,2022,75.84752116082225,77.9230823242982,-2.075561163475953,2.075561163475953,-2.7364917557095447
83424,NY,2021,2022,55.482968369829685,60.04738371787171,-4.564415348042026,4.564415348042026,-8.226696375754917
83430,NY,2021,2022,64.36187322611164,64.86544584288454,-0.5035726167728996,0.5035726167728996,-0.782408266775865
84006,NY,2021,2022,77.02331932773109,79.77725695585427,-2.7539376281231824,2.7539376281231824,-3.5754595519381476
84024,NY,2021,2022,75.32927272727272,77.84793603855842,-2.5186633112856924,2.5186633112856924,-3.3435386007302026
84030,NY,2021,2022,66.41,64.4418132073659,1.9681867926341,1.9681867926341,2.9636903969795214
84036,NY,2021,2022,68.78351409978308,69.87296327177033,-1.0894491719872548,1.0894491719872548,-1.5838812341091055
84048,NY,2021,2022,59.04683544303798,58.59450618168331,0.4523292613546701,0.4523292613546701,0.7660516570630252
84054,NY,2021,2022,67.05094339622642,64.61300819888213,2.437935197344288,2.437935197344288,3.635944662161895
84066,NY,2021,2022,66.46428571428571,70.03291445008739,-3.5686287358016813,3.5686287358016813,-5.369242590136866
84072,NY,2021,2022,60.263063063063065,63.60314211769421,-3.340079054631147,3.340079054631147,-5.542497982779066
84078,NY,2021,2022,61.05866666666667,57.061331078079235,3.9973355885874327,3.9973355885874327,6.546712869460136
84120,NY,2021,2022,62.73540433925049,63.04706661278688,-0.31166227353638476,0.31166227353638476,-0.4967884989646792
84144,NY,2021,2022,65.65342465753425,67.6363429131899,-1.9829182556556617,1.9829182556556617,-3.02028152529604
84150,NY,2021,2022,82.27283950617284,89.49091655387303,-7.218077047700191,7.218077047700191,-8.77334134937524
84156,NY,2021,2022,86.24888888888889,89.03371069372389,-2.784821804835005,2.784821804835005,-3.228820499267629
84168,NY,2021,2022,83.12307692307692,86.56565686401582,-3.4425799409388986,3.4425799409388986,-4.141545366667192
84180,NY,2021,2022,62.12533333333333,63.223846624817455,-1.0985132914841245,1.0985132914841245,-1.7682211628387634
84186,NY,2021,2022,156.86735849056603,199.5786751764346,-42.71131668586855,42.71131668586855,-27.227663611379803
84192,NY,2021,2022,143.9224358974359,163.1592567275745,-19.236820830138612,19.236820830138612,-13.366102866579771
84198,NY,2021,2022,90.2219512195122,92.57020696064767,-2.3482557411354605,2.3482557411354605,-2.6027543290679858
84204,NY,2021,2022,61.77386363636364,65.31035489345417,-3.536491257090532,3.536491257090532,-5.724898927980846
84216,NY,2021,2022,71.70970464135021,72.65445903195995,-0.9447543906097309,0.9447543906097309,-1.3174707598292823
84222,NY,2021,2022,80.7813559322034,90.17536633679123,-9.394010404587831,9.394010404587831,-11.628933800605989
84240,NY,2021,2022,74.22844036697248,71.69519142611063,2.533248940861853,2.533248940861853,3.412774036929661
84252,NY,2021,2022,55.23063583815029,53.50957152525826,1.7210643128920324,1.7210643128920324,3.1161406831083696
84258,NY,2021,2022,62.8852140077821,64.57137671429373,-1.686162706511631,1.686162706511631,-2.68133413095003
84282,NY,2021,2022,72.98157894736842,78.0697237296438,-5.0881447822753785,5.0881447822753785,-6.971820637019594
84288,NY,2021,2022,49.99513343799058,50.68256305750758,-0.6874296195169975,0.6874296195169975,-1.3749930688146332
84306,NY,2021,2022,132.80586046511627,155.93101235260218,-23.125151887485913,23.125151887485913,-17.41274956278012
84312,NY,2021,2022,114.13740458015268,162.7787902226849,-48.64138564253223,48.64138564253223,-42.616516313347525
84324,NY,2021,2022,66.41612903225807,67.98726932458611,-1.5711402923280389,1.5711402923280389,-2.365600517857555
84330,NY,2021,2022,73.99444444444444,80.42498439939408,-6.430539954949637,6.430539954949637,-8.690571303333092
84342,NY,2021,2022,82.08522167487685,86.51639222098852,-4.431170546111673,4.431170546111673,-5.398256172910946
84348,NY,2021,2022,73.62264150943396,70.43503294611986,3.1876085633141003,3.1876085633141003,4.329657966572202
84354,NY,2021,2022,110.15358565737051,127.14334254288005,-16.989756885509536,16.989756885509536,-15.423698451683338
84360,NY,2021,2022,50.18571428571428,53.55031897690021,-3.3646046911859244,3.3646046911859244,-6.704307668175767
84372,NY,2021,2022,64.85562913907285,65.12383442027881,-0.2682052812059652,0.2682052812059652,-0.41354202367051374
84378,NY,2021,2022,66.84203454894434,72.79656141269346,-5.954526863749123,5.954526863749123,-8.908356700885559
84390,NY,2021,2022,59.764102564102565,59.28976297022603,0.474339593876536,0.474339593876536,0.7936864665001246
84396,NY,2021,2022,59.5531914893617,65.12730624338697,-5.574114754025267,5.574114754025267,-9.359892584465436
84402,NY,2021,2022,67.3407114624506,69.94060823931953,-2.599896776868931,2.599896776868931,-3.8608097841654705
84408,NY,2021,2022,103.24230769230768,115.88123120722825,-12.638923514920577,12.638923514920577,-12.242000200720302
84414,NY,2021,2022,72.12093023255814,80.44998436059792,-8.329054128039786,8.329054128039786,-11.548733635551104
84420,NY,2021,2022,57.26491228070176,60.08419661194628,-2.819284331244525,2.819284331244525,-4.923231729448788
84432,NY,2021,2022,99.0920704845815,112.8879306811955,-13.795860196614,13.795860196614,-13.9222645456385
84450,NY,2021,2022,83.86773916773917,88.12387866273247,-4.256139494993292,4.256139494993292,-5.07482321239258
84480,NY,2021,2022,79.28018867924528,79.92691070260629,-0.6467220233610078,0.6467220233610078,-0.8157422858534553
84486,NY,2021,2022,64.34117647058824,69.87786195304189,-5.536685482453649,5.536685482453649,-8.605197769401356
84492,NY,2021,2022,68.324,65.93343190343519,2.390568096564806,2.390568096564806,3.4988702309068644
84510,NY,2021,2022,92.71576354679804,98.8374056137813,-6.121642066983256,6.121642066983256,-6.602590360908124
84516,NY,2021,2022,89.00862068965517,93.26655449056591,-4.257933800910735,4.257933800910735,-4.7837319216043115
84546,NY,2021,2022,60.49310344827586,56.62411811321057,3.8689853350652896,3.8689853350652896,6.395746150424294
84552,NY,2021,2022,91.87389830508477,108.55242429203699,-16.678525986952224,16.678525986952224,-18.153715358379596
84564,NY,2021,2022,66.98856132075471,69.67669659149863,-2.6881352707439135,2.6881352707439135,-4.012827291323038
84588,NY,2021,2022,59.040277777777774,62.685203027362334,-3.64492524958456,3.64492524958456,-6.173624831684781
84606,NY,2021,2022,58.505,60.717389155739696,-2.212389155739693,2.212389155739693,-3.781538596256205
84612,NY,2021,2022,84.58253968253969,92.57979755505266,-7.997257872512975,7.997257872512975,-9.454974871325415
84618,NY,2021,2022,59.37540983606557,60.11120615490576,-0.7357963188401868,0.7357963188401868,-1.2392273516455836
84630,NY,2021,2022,62.3125,66.5883649322982,-4.275864932298205,4.275864932298205,-6.86196980108037
84648,NY,2021,2022,66.97921146953405,70.62856046516909,-3.6493489956350373,3.6493489956350373,-5.448480081457765
84666,NY,2021,2022,74.63157894736842,72.37741598033818,2.25416296703024,2.25416296703024,3.0203876144975004
84678,NY,2021,2022,70.24054054054054,72.5754565000593,-2.334915959518767,2.334915959518767,-3.3241713995226596
84720,NY,2021,2022,71.30894736842106,76.64675078119045,-5.337803412769389,5.337803412769389,-7.485460955118822
84750,NY,2021,2022,66.28402366863905,61.87531372789286,4.408709940746192,4.408709940746192,6.651240671184667
84762,NY,2021,2022,122.79908536585366,152.12600420815687,-29.326918842303215,29.326918842303215,-23.882033612001198
84774,NY,2021,2022,61.959016393442624,61.287921077936154,0.6710953155064701,0.6710953155064701,1.0831277747293206
84786,NY,2021,2022,73.374609375,75.5131506529993,-2.1385412779992947,2.1385412779992947,-2.914552181218061
84792,NY,2021,2022,69.41879194630873,70.9075894198156,-1.4887974735068639,1.4887974735068639,-2.1446605908359215
84804,NY,2021,2022,59.81333333333333,62.34894198008324,-2.535608646749907,2.535608646749907,-4.239203042938988
84816,NY,2021,2022,61.660262008733625,62.11313847796802,-0.45287646923439695,0.45287646923439695,-0.7344705560450766
84828,NY,2021,2022,55.44320987654321,56.559114587442906,-1.1159047108996987,1.1159047108996987,-2.0126986034620145
84834,NY,2021,2022,96.49237288135592,92.06762042761244,4.42475245374348,4.42475245374348,4.5855981375688835
84846,NY,2021,2022,77.27798408488064,77.08583771481453,0.19214637006611213,0.19214637006611213,0.24864309329687256
84858,NY,2021,2022,73.81538461538462,70.1091764519035,3.706208163481122,3.706208163481122,5.020915602881887
84870,NY,2021,2022,71.12987012987013,72.22069002818247,-1.090819898312347,1.090819898312347,-1.533560930619878
84900,NY,2021,2022,62.20859665427509,64.82116915187764,-2.6125724976025495,2.6125724976025495,-4.1996968877500125
85002,NY,2021,2022,70.46575342465754,69.94211816223013,0.5236352624274048,0.5236352624274048,0.7431060294945674
85020,NY,2021,2022,106.87235772357724,98.19335752244591,8.67900020113133,8.67900020113133,8.120902716097415
85026,NY,2021,2022,63.86,65.27111976940019,-1.4111197694001874,1.4111197694001874,-2.2097083767619594
85032,NY,2021,2022,80.16282051282052,76.96151547566727,3.201305037153247,3.201305037153247,3.9935034928583377
85044,NY,2021,2022,102.42150170648463,109.42063004573959,-6.999128339254952,6.999128339254952,-6.8336513550765625
85206,NY,2021,2022,50.16523605150215,50.33274612669285,-0.16751007519069816,0.16751007519069816,-0.33391664900913437
85212,NY,2021,2022,235.52033898305083,243.4742822903588,-7.953943307307952,7.953943307307952,-3.3771789483881287
85218,NY,2021,2022,79.22897196261682,73.37511190079287,5.853860061823951,5.853860061823951,7.3885346695979095
85224,NY,2021,2022,42.98051575931232,40.53255035823534,2.447965401076978,2.447965401076978,5.695523559524975
85236,NY,2021,2022,43.41474703982777,43.65562928056872,-0.24088224074094455,0.24088224074094455,-0.5548396735329686
85242,NY,2021,2022,37.022532402791626,36.785188103530444,0.2373442992611814,0.2373442992611814,0.6410806713029842
85248,NY,2021,2022,36.26903553299493,34.382008165621,1.8870273673739248,1.8870273673739248,5.2028606210309745
85254,NY,2021,2022,86.16397694524495,97.1310318688815,-10.967054923636539,10.967054923636539,-12.72812062818993
85260,NY,2021,2022,43.9390243902439,43.33638341092359,0.6026409793203129,0.6026409793203129,1.3715392812729854
85266,NY,2021,2022,32.03782267115601,32.828731282191434,-0.7909086110354266,0.7909086110354266,-2.4686715422377628
85272,NY,2021,2022,35.2280777537797,35.560111237584515,-0.332033483804814,0.332033483804814,-0.9425251247754766
85278,NY,2021,2022,43.36531049250535,42.98840987458107,0.376900617924278,0.376900617924278,0.8691292963056639
85284,NY,2021,2022,70.52204515272244,74.12979850886047,-3.6077533561380335,3.6077533561380335,-5.115780956614471
85290,NY,2021,2022,38.514499066583696,39.44082984734849,-0.9263307807647934,0.9263307807647934,-2.405148199288161
85296,NY,2021,2022,83.01282287822879,84.4579626003778,-1.4451397221490083,1.4451397221490083,-1.7408632450300825
85302,NY,2021,2022,67.65623387790198,68.61325455469566,-0.9570206767936753,0.9570206767936753,-1.414534362821309
85308,NY,2021,2022,48.88970588235294,51.58844037822167,-2.6987344958687274,2.6987344958687274,-5.520046494783379
85314,NY,2021,2022,59.19239864864865,59.92326608473245,-0.7308674360837983,0.7308674360837983,-1.2347319128289522
85320,NY,2021,2022,57.59982378854625,57.03610123420494,0.5637225543413109,0.5637225543413109,0.9786879842042283
85326,NY,2021,2022,117.94556826304505,140.41035366668038,-22.464785403635332,22.464785403635332,-19.046739724492088
85332,NY,2021,2022,114.28602693602694,117.01980380577334,-2.733776869746393,2.733776869746393,-2.3920482171251427
85338,NY,2021,2022,68.98617818484597,71.73070590648712,-2.7445277216411483,2.7445277216411483,-3.978373340652798
85344,NY,2021,2022,72.48369315571888,75.27768674976913,-2.7939935940502494,2.7939935940502494,-3.8546512634887815
85350,NY,2021,2022,55.2181151241535,55.06324119718479,0.15487392696871183,0.15487392696871183,0.28047666353784484
85356,NY,2021,2022,97.1066985645933,103.65507057542528,-6.548372010831983,6.548372010831983,-6.743481250653523
85362,NY,2021,2022,59.72978003384095,62.59079908025911,-2.861019046418157,2.861019046418157,-4.789937355867034
85368,NY,2021,2022,84.59863813229572,85.18503398366282,-0.5863958513671008,0.5863958513671008,-0.693150462363345
85806,NY,2021,2022,36.87652173913043,38.60600209992566,-1.729480360795229,1.729480360795229,-4.689922691271726
85818,NY,2021,2022,37.63422222222222,39.71312613976382,-2.078903917541602,2.078903917541602,-5.523972051995943
85824,NY,2021,2022,59.31553004726536,61.86897802153699,-2.553447974271627,2.553447974271627,-4.304855696706953
85830,NY,2021,2022,50.55667613636364,50.918585843087676,-0.36190970672403466,0.36190970672403466,-0.7158494869161814
86466,NY,2021,2022,55.67581227436823,56.685129536590594,-1.0093172622223605,1.0093172622223605,-1.8128469455433978
86484,NY,2021,2022,73.00753623188406,77.26505080566089,-4.257514573776831,4.257514573776831,-5.8316097125292075
86496,NY,2021,2022,69.25572916666667,72.22831471850013,-2.972585551833461,2.972585551833461,-4.292187213392578
86508,NY,2021,2022,68.13571428571429,73.63003384372777,-5.494319558013487,5.494319558013487,-8.063788008406418
86520,NY,2021,2022,67.39176470588235,72.09795388460347,-4.706189178721118,4.706189178721118,-6.983329787044935
86532,NY,2021,2022,72.4688679245283,70.48298754282379,1.9858803817045043,1.9858803817045043,2.740322070123508
86538,NY,2021,2022,69.29480519480519,70.43725290025215,-1.1424477054469548,1.1424477054469548,-1.6486772741986153
86544,NY,2021,2022,85.99586545199719,102.13895101642812,-16.143085564430933,16.143085564430933,-18.77193220811527
86550,NY,2021,2022,75.61319648093841,75.6229958830956,-0.009799402157185,0.009799402157185,-0.012959909927436229
86562,NY,2021,2022,62.470652173913045,63.1249117640293,-0.6542595901162542,0.6542595901162542,-1.0473071231829796
86568,NY,2021,2022,81.47472766884532,82.3188060576306,-0.8440783887852774,0.8440783887852774,-1.0360002579156087
86592,NY,2021,2022,64.56,63.79948766965422,0.760512330345783,0.760512330345783,1.1779930767437778
86598,NY,2021,2022,60.69090909090909,60.46213488976646,0.22877420114262748,0.22877420114262748,0.3769497023021124
86610,NY,2021,2022,88.32462686567165,93.25544850915541,-4.9308216434837675,4.9308216434837675,-5.582612481321657
86622,NY,2021,2022,60.351025056947606,64.1893481427179,-3.8383230857702983,3.8383230857702983,-6.359996507347526
86646,NY,2021,2022,60.77857142857143,59.27556005597964,1.5030113725917928,1.5030113725917928,2.4729297468897755
86670,NY,2021,2022,59.0609375,57.12445041097917,1.9364870890208294,1.9364870890208294,3.2787950394807557
86700,NY,2021,2022,107.57187356848374,125.34320076089111,-17.77132719240737,17.77132719240737,-16.520421744903018
86724,NY,2021,2022,85.59299363057325,94.19172059000488,-8.59872695943163,8.59872695943163,-10.046064046485485
86736,NY,2021,2022,63.66209302325581,65.69690486986062,-2.0348118466048106,2.0348118466048106,-3.1962691610869474
86772,NY,2021,2022,66.56206896551724,71.7369800746252,-5.174911109107953,5.174911109107953,-7.774564687568287
86784,NY,2021,2022,61.52593659942363,61.97918070913959,-0.4532441097159605,0.4532441097159605,-0.7366716132529488
86796,NY,2021,2022,68.66547619047618,72.19660408294257,-3.5311278924663867,3.5311278924663867,-5.142508416705846
86802,NY,2021,2022,71.91348088531187,73.6117923191328,-1.6983114338209333,1.6983114338209333,-2.3616037117288378
86808,NY,2021,2022,93.01840490797548,96.82664400776925,-3.8082390997937665,3.8082390997937665,-4.09407052675362
86814,NY,2021,2022,79.23071672354949,83.59150101462161,-4.360784291072122,4.360784291072122,-5.503906150802218
86820,NY,2021,2022,59.92373333333333,59.97206950986648,-0.048336176533148034,0.048336176533148034,-0.08066282563583271
86826,NY,2021,2022,74.62635658914729,86.01026197858637,-11.383905389439079,11.383905389439079,-15.254537283808132
86832,NY,2021,2022,131.53452914798206,154.42855458180068,-22.894025433818626,22.894025433818626,-17.405334996152877
86850,NY,2021,2022,87.79,94.23630760420046,-6.446307604200456,6.446307604200456,-7.342872313703674
86856,NY,2021,2022,63.37222222222222,67.23947968196812,-3.8672574597459004,3.8672574597459004,-6.102448871344456
86862,NY,2021,2022,68.63378378378378,67.7506008716881,0.8831829120956769,0.8831829120956769,1.2868049281356218
86868,NY,2021,2022,149.3804347826087,147.0458577422689,2.3345770403397808,2.3345770403397808,1.5628399018501042
86880,NY,2021,2022,58.2,66.32256724183294,-8.12256724183294,8.12256724183294,-13.956301102805737
86886,NY,2021,2022,61.96136363636364,65.61806261172227,-3.6566989753586228,3.6566989753586228,-5.901579243508762
86892,NY,2021,2022,68.15256723716381,68.39331920595443,-0.24075196879061878,0.24075196879061878,-0.35325443860805283
86910,NY,2021,2022,74.83144329896908,75.78944009067827,-0.957996791709192,0.957996791709192,-1.2802062201069293
86916,NY,2021,2022,63.98823529411764,71.27306393951356,-7.284828645395919,7.284828645395919,-11.384637522681619
86922,NY,2021,2022,79.00366666666666,86.09968749984,-7.096020833173341,7.096020833173341,-8.981887971241852
86934,NY,2021,2022,54.9006309148265,56.03728117206018,-1.1366502572336827,1.1366502572336827,-2.070377404217987
87012,NY,2021,2022,78.14431818181818,83.22288560787551,-5.078567426057333,5.078567426057333,-6.498959289965322
87024,NY,2021,2022,51.2183908045977,52.969830436036474,-1.751439631438771,1.751439631438771,-3.419552242710347
87030,NY,2021,2022,66.1234126984127,67.13002895943872,-1.006616261026025,1.006616261026025,-1.5223295651983022
87036,NY,2021,2022,172.1421875,187.31546364447348,-15.173276144473476,15.173276144473476,-8.814385575571633
87042,NY,2021,2022,69.675,72.37403265459974,-2.6990326545997476,2.6990326545997476,-3.8737461852884794
87060,NY,2021,2022,55.36255707762557,54.54866643819836,0.813890639427207,0.813890639427207,1.4701102737831013
87072,NY,2021,2022,79.325,77.63202701078527,1.6929729892147378,1.6929729892147378,2.134223749404019
87078,NY,2021,2022,57.63885350318471,58.102849265154646,-0.4639957619699331,0.4639957619699331,-0.8050051896752178
87084,NY,2021,2022,72.15207100591716,72.42015843858488,-0.26808743266771273,0.26808743266771273,-0.37155888795725206
87096,NY,2021,2022,65.45576923076923,70.48419107164898,-5.028421840879744,5.028421840879744,-7.682167515519778
87102,NY,2021,2022,60.5384,65.64398777153038,-5.105587771530374,5.105587771530374,-8.433635133287918
87114,NY,2021,2022,82.27015873015873,89.90475328470073,-7.634594554542005,7.634594554542005,-9.27990740796189
87126,NY,2021,2022,61.14344262295082,64.03034003405173,-2.886897411100911,2.886897411100911,-4.72151597498909
87132,NY,2021,2022,65.11845102505694,64.35036382258704,0.7680872024698999,0.7680872024698999,1.1795231464801696
87150,NY,2021,2022,66.62248062015505,69.77332791745512,-3.150847297300075,3.150847297300075,-4.729405551955478
87156,NY,2021,2022,109.43917525773196,116.87244063532364,-7.433265377591681,7.433265377591681,-6.7921430877801825
87162,NY,2021,2022,69.37950963222417,76.07691642960317,-6.697406797379003,6.697406797379003,-9.65329220814831
87180,NY,2021,2022,65.22008196721312,62.91950737441314,2.3005745927999754,2.3005745927999754,3.5274021795257795
87192,NY,2021,2022,63.225116279069766,65.38719824684466,-2.1620819677748955,2.1620819677748955,-3.419656767781442
87198,NY,2021,2022,66.81818181818181,67.02176228816826,-0.20358046998644852,0.20358046998644852,-0.3046782544014876
87204,NY,2021,2022,184.66721113127647,233.52181583759545,-48.85460470631898,48.85460470631898,-26.455484114929938
87216,NY,2021,2022,49.18333333333333,50.3861326024414,-1.2027992691080698,1.2027992691080698,-2.4455423973732358
87246,NY,2021,2022,72.54814814814814,78.22292415486874,-5.674776006720592,5.674776006720592,-7.8220825087531125
87258,NY,2021,2022,104.14378698224851,110.93825091604198,-6.794463933793466,6.794463933793466,-6.524118366227256
87264,NY,2021,2022,83.97,91.60263196662831,-7.63263196662831,7.63263196662831,-9.089712952993105
87276,NY,2021,2022,76.36260162601626,81.17532799484925,-4.8127263688329975,4.8127263688329975,-6.302465167966896
87288,NY,2021,2022,64.26943005181347,66.64305898952131,-2.373628937707835,2.373628937707835,-3.6932472184586596
87300,NY,2021,2022,59.50657894736842,62.23271811935595,-2.7261391719875334,2.7261391719875334,-4.581239957347762
87306,NY,2021,2022,55.75338345864662,55.078814554587645,0.6745689040589724,0.6745689040589724,1.2099156359888248
87330,NY,2021,2022,78.26041666666667,126.7173125463094,-48.45689587964273,48.45689587964273,-61.91750305398246
87354,NY,2021,2022,84.95043103448276,91.94445381725615,-6.994022782773385,6.994022782773385,-8.23306332599348
87360,NY,2021,2022,68.825,71.80939500287919,-2.9843950028791824,2.9843950028791824,-4.336207777521514
87366,NY,2021,2022,69.13913043478261,67.56133638488001,1.5777940499026073,1.5777940499026073,2.2820565430612483
87384,NY,2021,2022,169.17990487514862,186.71351901372617,-17.533614138577548,17.533614138577548,-10.363886982627756
87408,NY,2021,2022,78.23548387096774,80.20810400247325,-1.9726201315055079,1.9726201315055079,-2.521388037631252
87414,NY,2021,2022,62.53460207612456,63.866607602904,-1.3320055267794402,1.3320055267794402,-2.130029587712039
87426,NY,2021,2022,66.8758064516129,66.97652893780818,-0.10072248619528068,0.10072248619528068,-0.15061124723506264
87432,NY,2021,2022,62.23214285714285,61.18264786341258,1.0494949937302636,1.0494949937302636,1.6864195021203663
87480,NY,2021,2022,100.09030345308685,110.94776475111323,-10.85746129802638,10.85746129802638,-10.847665481517259
87510,NY,2021,2022,50.73333333333333,46.31944275277848,4.413890580554849,4.413890580554849,8.700178542486563
87516,NY,2021,2022,78.53897763578274,83.38514130616888,-4.846163670386133,4.846163670386133,-6.170393117236348
87534,NY,2021,2022,66.8394472361809,69.8956515587215,-3.0562043225405944,3.0562043225405944,-4.5724560105072785
87540,NY,2021,2022,58.98086956521739,61.66522432891423,-2.684354763696838,2.684354763696838,-4.551229548639742
87546,NY,2021,2022,67.98518518518519,66.33719455835435,1.6479906268308326,1.6479906268308326,2.4240437417973677
87624,NY,2021,2022,82.13787878787879,96.26964963303098,-14.13177084515219,14.13177084515219,-17.20493766541928
87630,NY,2021,2022,30.36548463356974,29.471021140075287,0.8944634934944524,0.8944634934944524,2.945658547157197
87636,NY,2021,2022,49.37133027522936,48.71183856053293,0.6594917146964292,0.6594917146964292,1.335778701971314
87642,NY,2021,2022,70.34150702426564,72.8961267741215,-2.55461974985586,2.55461974985586,-3.6317387242991472
87648,NY,2021,2022,37.6,36.83355132525299,0.7664486747470107,0.7664486747470107,2.0384273264548156
87654,NY,2021,2022,52.43226299694189,53.45256146242799,-1.0202984654860998,1.0202984654860998,-1.9459363513369787
87660,NY,2021,2022,126.5276964047936,144.12369289298323,-17.595996488189627,17.595996488189627,-13.90683383019608
87666,NY,2021,2022,33.23015873015873,32.689026489565556,0.5411322405931713,0.5411322405931713,1.6284371223964553
87672,NY,2021,2022,71.22475083056479,75.44785858297777,-4.223107752412986,4.223107752412986,-5.92926995625335
87678,NY,2021,2022,35.65769230769231,34.34968015876639,1.3080121489259184,1.3080121489259184,3.6682467772704
87684,NY,2021,2022,125.83333333333331,125.28229227348469,0.5510410598486288,0.5510410598486288,0.43791342504526803
87690,NY,2021,2022,45.8520304568528,45.995073556992885,-0.14304310014008337,0.14304310014008337,-0.3119667738044628
87696,NY,2021,2022,54.19318801089919,54.048839158003005,0.14434885289618649,0.14434885289618649,0.26635977360688845
87702,NY,2021,2022,77.17112970711297,81.93758832002614,-4.766458612913169,4.766458612913169,-6.176478990269127
87708,NY,2021,2022,147.2095684803002,176.9734371811464,-29.763868700846217,29.763868700846217,-20.218705216046647
87714,NY,2021,2022,43.38095238095238,43.15836140746177,0.22259097349061108,0.22259097349061108,0.513107622755525
87720,NY,2021,2022,65.84990439770554,67.53404927915935,-1.684144881453804,1.684144881453804,-2.5575509894172086
87726,NY,2021,2022,33.256705298013244,33.32438948140755,-0.06768418339430582,0.06768418339430582,-0.20352041126079096
87732,NY,2021,2022,65.28926380368098,68.58597527981459,-3.296711476133609,3.296711476133609,-5.049392938548867
87738,NY,2021,2022,56.79200779727096,63.27844610742225,-6.486438310151286,6.486438310151286,-11.421392836305005
87744,NY,2021,2022,69.77331319234642,72.77062373035817,-2.997310538011746,2.997310538011746,-4.295783589563763
87750,NY,2021,2022,98.13780487804878,111.33517184532244,-13.197366967273652,13.197366967273652,-13.447791076714418
87756,NY,2021,2022,70.30749531542786,78.32922605903511,-8.02173074360725,8.02173074360725,-11.409495826324806
88206,NY,2021,2022,52.67005685407455,54.178639028276706,-1.5085821742021537,1.5085821742021537,-2.864212162105251
88236,NY,2021,2022,78.44079422382671,83.19157026248355,-4.750776038656838,4.750776038656838,-6.05651190259592
88254,NY,2021,2022,57.76521739130435,58.6156747061322,-0.8504573148278496,0.8504573148278496,-1.4722654102845507
88260,NY,2021,2022,67.50258064516129,72.87968680581345,-5.377106160652161,5.377106160652161,-7.965778655067764
88266,NY,2021,2022,55.47361111111111,54.86666843118106,0.6069426799300501,0.6069426799300501,1.0941106370637592
88272,NY,2021,2022,88.3887417218543,104.11950540706584,-15.730763685211542,15.730763685211542,-17.79724813224949
88284,NY,2021,2022,60.98235294117647,63.88437086229729,-2.902017921120816,2.902017921120816,-4.758783125210173
88290,NY,2021,2022,52.11,51.89457438058439,0.2154256194156119,0.2154256194156119,0.41340552564884264
88296,NY,2021,2022,50.47575757575758,50.967504975044704,-0.49174739928712796,0.49174739928712796,-0.9742249010311115
88302,NY,2021,2022,61.99310344827586,64.44447417324804,-2.451370724972179,2.451370724972179,-3.9542636013012125
88308,NY,2021,2022,59.31609195402299,65.13714941822064,-5.821057464197658,5.821057464197658,-9.813622699063972
88314,NY,2021,2022,56.537062937062935,57.7424100501434,-1.2053471130804638,1.2053471130804638,-2.131959197141628
88338,NY,2021,2022,61.366037735849055,60.09365960455376,1.272378131295298,1.272378131295298,2.0734239625707414
88344,NY,2021,2022,65.80849056603773,67.24977766114037,-1.4412870951026377,1.4412870951026377,-2.190123314948745
88356,NY,2021,2022,51.06578947368421,55.00686933994205,-3.9410798662578372,3.9410798662578372,-7.7176518896056585
88362,NY,2021,2022,67.70829694323145,66.72377114144092,0.9845258017905252,0.9845258017905252,1.4540696579859032
88368,NY,2021,2022,67.34347826086956,80.06118417934024,-12.717705918470685,12.717705918470685,-18.884836730894556
88374,NY,2021,2022,66.2,68.1206148551532,-1.9206148551532038,1.9206148551532038,-2.9012308990229663
88386,NY,2021,2022,125.57333333333334,137.61050440782424,-12.0371710744909,12.0371710744909,-9.585770127275616
88398,NY,2021,2022,52.71864406779661,54.583577595653615,-1.864933527857005,1.864933527857005,-3.537521802455096
88410,NY,2021,2022,53.81057692307692,55.87892113433268,-2.0683442112557557,2.0683442112557557,-3.843750298779526
88416,NY,2021,2022,68.0,80.90919978322461,-12.909199783224608,12.909199783224608,-18.984117328271484
88422,NY,2021,2022,55.96923076923077,58.87869150106981,-2.90946073183904,2.90946073183904,-5.198321813346278
88428,NY,2021,2022,63.180625,62.808714793003645,0.371910206996354,0.371910206996354,0.5886459765099729
88434,NY,2021,2022,49.25304347826087,49.18747808058963,0.06556539767124292,0.06556539767124292,0.13311948468764562
88440,NY,2021,2022,62.22037037037037,65.39242601489545,-3.1720556445250807,3.1720556445250807,-5.098098300674257
88446,NY,2021,2022,63.13604651162791,66.36589421539021,-3.229847703762303,3.229847703762303,-5.1156952045888
88458,NY,2021,2022,56.17341772151899,60.58883367536824,-4.415415953849255,4.415415953849255,-7.860329908603355
88464,NY,2021,2022,58.37234042553192,62.61873825213257,-4.246397826600656,4.246397826600656,-7.2746746072619235
88482,NY,2021,2022,54.52916666666667,55.877541013404816,-1.3483743467381473,1.3483743467381473,-2.4727580287090647
88488,NY,2021,2022,49.596296296296295,51.909179162143644,-2.3128828658473495,2.3128828658473495,-4.663418518249454
88500,NY,2021,2022,95.05151515151516,109.93883611758648,-14.887320966071314,14.887320966071314,-15.662371023060967
88518,NY,2021,2022,48.922916666666666,48.55259338362773,0.37032328303893536,0.37032328303893536,0.7569525863760549
88524,NY,2021,2022,56.47037037037037,54.15657965309302,2.3137907172773495,2.3137907172773495,4.0973535362030855
88530,NY,2021,2022,55.59327731092437,57.28217571681534,-1.688898405890967,1.688898405890967,-3.037954385105283
88542,NY,2021,2022,62.17253521126761,70.60618293183988,-8.433647720572274,8.433647720572274,-13.564908832998391
88560,NY,2021,2022,62.22197253433208,61.72858587135706,0.4933866629750199,0.4933866629750199,0.7929460331762787
88602,NY,2021,2022,53.88493150684931,57.57546437733069,-3.690532870481377,3.690532870481377,-6.848914468810772
88614,NY,2021,2022,53.4046511627907,58.5310961295685,-5.126444966777804,5.126444966777804,-9.599248108841907
88620,NY,2021,2022,57.06046511627907,60.4365651136069,-3.3760999973278345,3.3760999973278345,-5.916706059875159
88632,NY,2021,2022,59.94285714285714,61.874636385520056,-1.9317792426629126,1.9317792426629126,-3.222701310448138
88650,NY,2021,2022,51.14636363636364,51.74549328896513,-0.5991296526014906,0.5991296526014906,-1.1714022464258362
88662,NY,2021,2022,60.45925925925926,62.20782873601404,-1.7485694767547741,1.7485694767547741,-2.892145054666681
88674,NY,2021,2022,50.65191637630662,50.38119446831679,0.27072190798983087,0.27072190798983087,0.5344751538689385
88686,NY,2021,2022,57.58295454545455,55.969333931897424,1.6136206135571243,1.6136206135571243,2.8022539418038583
88692,NY,2021,2022,57.50744680851064,56.33109312463112,1.176353683879526,1.176353683879526,2.045567572833776
88704,NY,2021,2022,55.20512820512821,54.83383899651999,0.3712892086082249,0.3712892086082249,0.672562895295902
88722,NY,2021,2022,60.03108108108108,66.90320338295616,-6.8721223018750806,6.8721223018750806,-11.447607103049231
88806,NY,2021,2022,58.3294930875576,60.25078283322237,-1.9212897456647653,1.9212897456647653,-3.293856407736552
88812,NY,2021,2022,67.2,75.20130771507247,-8.001307715072471,8.001307715072471,-11.906707909334035
88818,NY,2021,2022,65.73333333333333,72.53039941644336,-6.797066083110025,6.797066083110025,-10.340364223798213
88824,NY,2021,2022,62.88196721311476,65.58083338549955,-2.6988661723847827,2.6988661723847827,-4.2919556941308645
88830,NY,2021,2022,62.53137254901961,67.85614401295896,-5.324771463939356,5.324771463939356,-8.515359965535955
88836,NY,2021,2022,59.68333333333333,64.71247302661655,-5.02913969328322,5.02913969328322,-8.42637200773508
88842,NY,2021,2022,65.08592592592592,68.45472563273889,-3.3687997068129647,3.3687997068129647,-5.175926529257622
88848,NY,2021,2022,48.88461538461539,48.219382976214035,0.6652324084013514,0.6652324084013514,1.3608216064858487
88854,NY,2021,2022,56.11923076923077,58.696587415038884,-2.5773566458081163,2.5773566458081163,-4.592644286958469
88860,NY,2021,2022,55.13151515151515,56.438798674637795,-1.307283523122642,1.307283523122642,-2.371209134249079
88872,NY,2021,2022,61.239285714285714,61.23452718087232,0.0047585334133941615,0.0047585334133941615,0.007770393396806235
88878,NY,2021,2022,57.27920792079208,56.98472728173891,0.29448063905316957,0.29448063905316957,0.5141143701923897
88884,NY,2021,2022,97.11666666666666,99.5778282738457,-2.4611616071790365,2.4611616071790365,-2.5342319620858453
88890,NY,2021,2022,60.614285714285714,64.75912099221244,-4.144835277926731,4.144835277926731,-6.838050187482233
88896,NY,2021,2022,61.75,60.799153319434915,0.9508466805650855,0.9508466805650855,1.5398326810770615
88902,NY,2021,2022,65.4108527131783,71.81727356664948,-6.406420853471175,6.406420853471175,-9.794125267809688
88908,NY,2021,2022,87.68505747126437,88.33540231798499,-0.6503448467206141,0.6503448467206141,-0.7416826372426583
88914,NY,2021,2022,48.59642857142857,49.40550428378066,-0.8090757123520902,0.8090757123520902,-1.6648871864377548
88920,NY,2021,2022,55.18666666666667,55.3833952334921,-0.19672856682543483,0.19672856682543483,-0.356478437108181
88926,NY,2021,2022,65.07152317880795,64.94816284367417,0.12336033513378197,0.12336033513378197,0.18957652919050944
88932,NY,2021,2022,52.30416666666667,55.218677846948864,-2.9145111802821972,2.9145111802821972,-5.57223518894071
88938,NY,2021,2022,57.39012345679012,60.89189949700014,-3.501776040210018,3.501776040210018,-6.1017050134881785
88944,NY,2021,2022,55.81875,60.464869052615065,-4.646119052615063,4.646119052615063,-8.323581328164932
88950,NY,2021,2022,59.208333333333336,56.48614318697589,2.7221901463574483,2.7221901463574483,4.597646974847203
88956,NY,2021,2022,60.47816091954023,63.44600672430479,-2.9678458047645577,2.9678458047645577,-4.907301676572079
88980,NY,2021,2022,91.37277599142551,97.70080295360148,-6.328026962175969,6.328026962175969,-6.925505867053657
89016,NY,2021,2022,69.6288888888889,69.00798047502911,0.6209084138597802,0.6209084138597802,0.8917396554332527
89022,NY,2021,2022,65.26774193548387,67.0544466343389,-1.7867046988550328,1.7867046988550328,-2.7375004035242436
89028,NY,2021,2022,61.9,63.144643111229115,-1.2446431112291165,1.2446431112291165,-2.0107320052166666
89034,NY,2021,2022,55.87241379310345,53.76691856394384,2.105495229159608,2.105495229159608,3.7683985462956633
89040,NY,2021,2022,89.85490196078432,104.5475283337706,-14.692626372986282,14.692626372986282,-16.351502313584
89046,NY,2021,2022,73.88372093023256,86.81150436786355,-12.927783437630993,12.927783437630993,-17.497472074854663
89052,NY,2021,2022,82.23125,78.45044432209532,3.780805677904681,3.780805677904681,4.597772352852085
89058,NY,2021,2022,57.76409335727109,59.54484755778366,-1.7807542005125683,1.7807542005125683,-3.0828047269756285
89070,NY,2021,2022,84.58885572139303,90.76652232568021,-6.177666604287182,6.177666604287182,-7.303168427569606
89076,NY,2021,2022,57.42580645161291,59.086548056075245,-1.6607416044623378,1.6607416044623378,-2.891977852956548
89082,NY,2021,2022,63.73513513513514,69.68748337252104,-5.952348237385905,5.952348237385905,-9.339194503573848
89100,NY,2021,2022,94.8841609589041,110.2687694466184,-15.384608487714303,15.384608487714303,-16.214095516297636
89118,NY,2021,2022,41.84736842105263,36.14372498115767,5.703643439894961,5.703643439894961,13.629634682178878
89130,NY,2021,2022,45.44210526315789,52.63195500136644,-7.189849738208551,7.189849738208551,-15.82199965554349
89148,NY,2021,2022,70.08970588235294,70.80485215076612,-0.7151462684131786,0.7151462684131786,-1.0203299605987315
89154,NY,2021,2022,57.52291666666667,57.23996980928551,0.2829468573811553,0.2829468573811553,0.49188544979520676
89160,NY,2021,2022,65.56041666666667,68.17850822359625,-2.618091556929585,2.618091556929585,-3.9934028641717267
89166,NY,2021,2022,57.47413793103448,56.29536699063732,1.1787709403971576,1.1787709403971576,2.050958888346637
89184,NY,2021,2022,56.60545454545454,54.42036710884375,2.185087436610793,2.185087436610793,3.8602065015769003
89190,NY,2021,2022,62.10869565217392,64.04745404174008,-1.9387583895661606,1.9387583895661606,-3.121557085055771
89202,NY,2021,2022,59.21165413533834,61.465207321162964,-2.2535531858246216,2.2535531858246216,-3.805928442184272
89214,NY,2021,2022,66.22321428571429,67.10658835565519,-0.8833740699408992,0.8833740699408992,-1.3339341490276486
89220,NY,2021,2022,98.0523595505618,103.10897790163523,-5.056618351073425,5.056618351073425,-5.157059324478492
89226,NY,2021,2022,75.52367149758454,86.30376911155535,-10.78009761397081,10.78009761397081,-14.273799724256767
89232,NY,2021,2022,52.17307692307692,54.473394437590514,-2.300317514513594,2.300317514513594,-4.409012560070288
89238,NY,2021,2022,55.6027027027027,55.6796716330563,-0.0769689303536012,0.0769689303536012,-0.1384265990902272
89262,NY,2021,2022,59.93,55.98808010256351,3.9419198974364917,3.9419198974364917,6.577540292735678
89268,NY,2021,2022,66.86764705882354,66.79605084289659,0.0715962159269452,0.0715962159269452,0.10707153470491035
89274,NY,2021,2022,57.86914893617021,57.101146534771516,0.7680024013986966,0.7680024013986966,1.3271361606610195
89280,NY,2021,2022,62.01940298507463,53.664758169558844,8.354644815515783,8.354644815515783,13.471017799907528
89286,NY,2021,2022,76.29230769230769,68.53245015078262,7.759857541525065,7.759857541525065,10.171218798127228
89292,NY,2021,2022,91.35684210526315,107.87346060091384,-16.51661849565069,16.51661849565069,-18.079235353406716
89298,NY,2021,2022,62.1434554973822,66.34868709296047,-4.205231595578276,4.205231595578276,-6.766974192085957
89304,NY,2021,2022,53.975,61.40394284061316,-7.428942840613161,7.428942840613161,-13.763673627815026
89310,NY,2021,2022,53.39310344827586,48.610799687496865,4.782303760778994,4.782303760778994,8.956781778777502
89316,NY,2021,2022,79.81913580246913,91.90946861803221,-12.090332815563073,12.090332815563073,-15.147160757895689
89334,NY,2021,2022,55.18529411764706,58.08988662118548,-2.9045925035384172,2.9045925035384172,-5.2633451537763785
89346,NY,2021,2022,60.47853658536585,62.09977794674854,-1.6212413613826868,1.6212413613826868,-2.680688807829029
89352,NY,2021,2022,59.22937853107344,61.927031475232155,-2.697652944158712,2.697652944158712,-4.554585935328436
89364,NY,2021,2022,55.89473684210526,57.11272334604659,-1.217986503941333,1.217986503941333,-2.179071899706716
89370,NY,2021,2022,58.25692307692308,64.19156897609169,-5.934645899168608,5.934645899168608,-10.18702256439537
89382,NY,2021,2022,55.85,57.24398975437095,-1.3939897543709492,1.3939897543709492,-2.495953006930974
89388,NY,2021,2022,57.05614035087719,55.682632988872555,1.3735073620046379,1.3735073620046379,2.407291053264386
89406,NY,2021,2022,47.55984095427436,48.09643816243404,-0.5365972081596837,0.5365972081596837,-1.1282569440793262
89418,NY,2021,2022,78.589111747851,80.88613008385016,-2.297018335999155,2.297018335999155,-2.9228200763599625
89424,NY,2021,2022,45.81903276131045,45.01516484433488,0.8038679169755696,0.8038679169755696,1.7544410445398027
89430,NY,2021,2022,82.5699530516432,87.07589825624386,-4.505945204600664,4.505945204600664,-5.457124581120241
90006,PA,2021,2022,69.3076923076923,75.93591799866589,-6.628225690973579,6.628225690973579,-9.563477689529027
90018,PA,2021,2022,52.80530035335689,53.59438791236511,-0.789087559008216,0.789087559008216,-1.494334003836516
90030,PA,2021,2022,109.22627450980391,113.47638055556814,-4.250106045764227,4.250106045764227,-3.89110226897169
90042,PA,2021,2022,70.49473684210527,76.78407370613812,-6.2893368640328475,6.2893368640328475,-8.921711245081685
90054,PA,2021,2022,90.53320512820513,99.99939678845827,-9.466191660253145,9.466191660253145,-10.456043886713125
90060,PA,2021,2022,69.95064345193036,74.15460157881043,-4.203958126880067,4.203958126880067,-6.009892003022103
90072,PA,2021,2022,82.37176913425346,86.77436182094817,-4.402592686694717,4.402592686694717,-5.344783453077427
90084,PA,2021,2022,48.44248366013072,49.11998797533783,-0.6775043152071092,0.6775043152071092,-1.3985746890279922
90090,PA,2021,2022,188.27384615384616,208.69148205750594,-20.41763590365977,20.41763590365977,-10.844648006487155
90102,PA,2021,2022,109.23152424942263,124.28742814354278,-15.05590389412015,15.05590389412015,-13.783478714204367
90108,PA,2021,2022,55.68837209302325,54.3882219733837,1.3001501196395466,1.3001501196395466,2.334688680552097
90114,PA,2021,2022,78.4375,85.32661815713367,-6.889118157133666,6.889118157133666,-8.782939483198298
90126,PA,2021,2022,73.67109826589595,72.31202010916735,1.3590781567286,1.3590781567286,1.8447914972346064
90132,PA,2021,2022,59.14577319587629,63.61273445939975,-4.466961263523466,4.466961263523466,-7.55246067834803
90144,PA,2021,2022,89.04889380530973,90.67278900414392,-1.623895198834191,1.623895198834191,-1.823599518692014
90150,PA,2021,2022,93.75032092426189,92.04268243238832,1.707638491873567,1.707638491873567,1.8214748227401993
90156,PA,2021,2022,109.91739130434784,102.54404918472554,7.373342119622308,7.373342119622308,6.708075976081368
90162,PA,2021,2022,63.81578947368421,62.87463443046308,0.94115504322113,0.94115504322113,1.4747996553568221
90180,PA,2021,2022,45.65531914893617,49.619240811086236,-3.9639216621500637,3.9639216621500637,-8.682277850734131
90186,PA,2021,2022,51.260714285714286,50.61703320244717,0.6436810832671185,0.6436810832671185,1.255700573502356
90198,PA,2021,2022,48.21082474226804,47.9895856549515,0.2212390873165404,0.2212390873165404,0.4588991963926573
90204,PA,2021,2022,45.70588235294117,48.490172386664696,-2.7842900337235292,2.7842900337235292,-6.091754256537967
90210,PA,2021,2022,47.875757575757575,48.11439499245324,-0.23863741669566707,0.23863741669566707,-0.4984514685079444
90222,PA,2021,2022,75.9262962962963,79.50888863496725,-3.582592338670949,3.582592338670949,-4.718513233794743
90252,PA,2021,2022,73.82760290556901,78.35308593555904,-4.525483029990028,4.525483029990028,-6.12979814037638
90258,PA,2021,2022,82.526,80.21219812580038,2.313801874199612,2.313801874199612,2.803724734265095
90264,PA,2021,2022,156.83962889330684,210.6353489397161,-53.79572004640926,53.79572004640926,-34.29982615108381
90270,PA,2021,2022,47.05918367346938,45.24042368138439,1.8187599920849848,1.8187599920849848,3.864835405358614
90276,PA,2021,2022,74.10697674418604,78.0577771136201,-3.950800369434063,3.950800369434063,-5.331212448555348
90294,PA,2021,2022,57.12407407407407,62.06936866462768,-4.945294590553608,4.945294590553608,-8.657111157969814
90300,PA,2021,2022,87.1,94.75637131322635,-7.656371313226359,7.656371313226359,-8.790322977297773
90306,PA,2021,2022,67.6590909090909,64.97549623764013,2.683594671450777,2.683594671450777,3.966347515748545
90312,PA,2021,2022,65.38048780487804,67.9506840303446,-2.5701962254665602,2.5701962254665602,-3.931136508398455
90318,PA,2021,2022,57.84615384615385,57.26161092179079,0.5845429243630562,0.5845429243630562,1.010513034138262
90330,PA,2021,2022,73.405,82.26269223008552,-8.857692230085519,8.857692230085519,-12.066878591493111
90336,PA,2021,2022,67.42083333333333,71.48739509630967,-4.066561762976335,4.066561762976335,-6.03161005570929
90342,PA,2021,2022,117.87330960854092,116.00068669532624,1.872622913214684,1.872622913214684,1.5886742464716515
90354,PA,2021,2022,54.52119565217392,57.1339846030196,-2.612788950845676,2.612788950845676,-4.792244409888498
90366,PA,2021,2022,70.18404423380727,71.97777227960887,-1.7937280458016005,1.7937280458016005,-2.555749052913043
90372,PA,2021,2022,51.73975535168196,51.914915848095724,-0.17516049641376696,0.17516049641376696,-0.33854140829073875
90378,PA,2021,2022,69.37536231884059,70.52565531782015,-1.150292998979566,1.150292998979566,-1.6580713390626511
90384,PA,2021,2022,60.54210526315789,57.16784342059058,3.3742618425673143,3.3742618425673143,5.57341345812214
90390,PA,2021,2022,65.37327433628319,67.81091511650096,-2.4376407802177766,2.4376407802177766,-3.728803253265911
90396,PA,2021,2022,57.99392361111112,59.56242164173163,-1.5684980306205105,1.5684980306205105,-2.704590296628939
90402,PA,2021,2022,53.55688073394495,51.425707537442406,2.1311731965025444,2.1311731965025444,3.979270576062102
90408,PA,2021,2022,66.78074433656958,72.20039292685888,-5.419648590289299,5.419648590289299,-8.115585778700977
90426,PA,2021,2022,92.9032,98.24770951768875,-5.344509517688749,5.344509517688749,-5.752772259393379
90444,PA,2021,2022,59.356,57.285301767987846,2.0706982320121554,2.0706982320121554,3.488608113774775
90456,PA,2021,2022,52.27391304347826,51.93376748231904,0.34014556115921835,0.34014556115921835,0.6506984867888232
90468,PA,2021,2022,52.16,52.40902894189837,-0.24902894189837355,0.24902894189837355,-0.47743278738185113
90498,PA,2021,2022,75.89782608695653,67.26538054841771,8.632445538538818,8.632445538538818,11.373771797690992
90504,PA,2021,2022,60.97543103448276,60.8438471872127,0.13158384727005767,0.13158384727005767,0.2157981420346902
90510,PA,2021,2022,76.985,83.57139763388332,-6.5863976338833226,6.5863976338833226,-8.555429803056859
90516,PA,2021,2022,160.31,173.01300266603175,-12.70300266603175,12.70300266603175,-7.924023870021676
90534,PA,2021,2022,66.77967213114754,66.72292776309975,0.05674436804778793,0.05674436804778793,0.0849725166909304
90540,PA,2021,2022,186.46707616707616,215.59091295205667,-29.12383678498051,29.12383678498051,-15.618755537779386
90606,PA,2021,2022,118.817254601227,147.87058584766442,-29.05333124643741,29.05333124643741,-24.452114588866607
90612,PA,2021,2022,90.46603174603176,101.58929581358649,-11.123264067554729,11.123264067554729,-12.29551451840115
90624,PA,2021,2022,34.430392156862744,35.139611034448905,-0.7092188775861601,0.7092188775861601,-2.059862909359274
90636,PA,2021,2022,75.11991911021234,81.2924410693256,-6.1725219591132685,6.1725219591132685,-8.21689111520107
90648,PA,2021,2022,100.36563688212928,107.19123391264938,-6.8255970305201,6.8255970305201,-6.800731049548533
90660,PA,2021,2022,33.176886792452834,35.08308729505707,-1.9062005026042357,1.9062005026042357,-5.745567733732821
90672,PA,2021,2022,42.740425531914894,41.31564917717132,1.424776354743571,1.424776354743571,3.3335567837986773
90696,PA,2021,2022,96.10608465608466,100.2160491821434,-4.109964526058732,4.109964526058732,-4.276487322073548
90720,PA,2021,2022,57.44098544232923,58.95180943247997,-1.5108239901507403,1.5108239901507403,-2.630219482685596
90732,PA,2021,2022,58.9778,61.03862259485901,-2.0608225948590047,2.0608225948590047,-3.4942344320388425
90756,PA,2021,2022,83.31917475728156,89.36117687514252,-6.04200211786096,6.04200211786096,-7.251634615275552
90774,PA,2021,2022,80.12931596091205,84.89174498156771,-4.762429020655659,4.762429020655659,-5.943429022879497
90786,PA,2021,2022,64.76091954022988,69.98610152511696,-5.225181984887087,5.225181984887087,-8.06841845666069
90792,PA,2021,2022,41.99960835509138,40.80523741688339,1.194370938207996,1.194370938207996,2.843766846847773
90798,PA,2021,2022,55.39716088328076,55.91573008216073,-0.5185691988799661,0.5185691988799661,-0.9360934578805713
90810,PA,2021,2022,73.1232,75.79647958518724,-2.6732795851872453,2.6732795851872453,-3.6558569444270015
90816,PA,2021,2022,74.83210431654676,73.48394522871,1.3481590878367626,1.3481590878367626,1.8015784804526198
90822,PA,2021,2022,52.96842105263158,54.24442115187961,-1.27600009924803,1.27600009924803,-2.4089826992957644
90834,PA,2021,2022,115.1933147632312,132.5130428701735,-17.319728106942307,17.319728106942307,-15.03535872940313
90840,PA,2021,2022,41.9,43.66417389100473,-1.7641738910047309,1.7641738910047309,-4.210438880679549
90852,PA,2021,2022,305.67297297297296,352.063334384269,-46.390361411296055,46.390361411296055,-15.17646815814423
90858,PA,2021,2022,286.1468550592525,344.963111019329,-58.81625596007649,58.81625596007649,-20.554570116766577
90864,PA,2021,2022,58.90679611650486,59.76079948595563,-0.8540033694507727,0.8540033694507727,-1.4497535526490686
90870,PA,2021,2022,46.95975609756098,45.39997095724109,1.5597851403198888,1.5597851403198888,3.3215358637710253
90876,PA,2021,2022,75.50149761742682,82.71551539391007,-7.214017776483246,7.214017776483246,-9.554800903469957
90882,PA,2021,2022,62.09260143198091,68.15005745282076,-6.057456020839851,6.057456020839851,-9.755519790027588
90888,PA,2021,2022,37.289,38.1905042652518,-0.9015042652518019,0.9015042652518019,-2.4176144848395023
91206,PA,2021,2022,95.96214470284238,97.87858110352752,-1.9164364006851429,1.9164364006851429,-1.9970754161649937
91212,PA,2021,2022,71.78081395348838,72.18831862143229,-0.40750466794391116,0.40750466794391116,-0.5677069477199868
91218,PA,2021,2022,77.37198515769944,79.9248000933194,-2.5528149356199634,2.5528149356199634,-3.29940472693937
91224,PA,2021,2022,47.19566395663957,48.1519131021604,-0.9562491455208288,0.9562491455208288,-2.0261377112935013
91230,PA,2021,2022,72.71731707317073,76.29498623931005,-3.577669166139316,3.577669166139316,-4.919968599143088
91236,PA,2021,2022,92.32403495994171,96.50498723023937,-4.180952270297652,4.180952270297652,-4.52856319820913
91242,PA,2021,2022,56.114604462474645,55.8813947493847,0.23320971308994842,0.23320971308994842,0.4155953968202735
91248,PA,2021,2022,101.97115384615384,108.28159105625986,-6.310437210106016,6.310437210106016,-6.188453275351493
91254,PA,2021,2022,76.01739130434783,77.13270537188619,-1.115314067538364,1.115314067538364,-1.4671827701545626
91260,PA,2021,2022,43.511030082041934,43.63693233485802,-0.1259022528160827,0.1259022528160827,-0.28935709538176535
91266,PA,2021,2022,81.27679180887372,89.02929670546389,-7.7525048965901675,7.7525048965901675,-9.538399245408892
91272,PA,2021,2022,64.12158054711246,63.90949600271725,0.21208454439521063,0.21208454439521063,0.3307537689894971
91278,PA,2021,2022,86.53432055749128,98.9721265403831,-12.437805982891817,12.437805982891817,-14.37326358231292
91284,PA,2021,2022,57.01206896551725,58.30877600720942,-1.2967070416921658,1.2967070416921658,-2.2744430525341155
91290,PA,2021,2022,171.90032206119162,174.5615216375206,-2.6611995763289826,2.6611995763289826,-1.548106219010847
91296,PA,2021,2022,80.56669535283993,84.3997135182851,-3.833018165445168,3.833018165445168,-4.75757153580466
91302,PA,2021,2022,159.33095435684646,193.78451395752424,-34.45355960067778,34.45355960067778,-21.623895833520002
91308,PA,2021,2022,81.75769230769231,85.59684103972457,-3.839148732032257,3.839148732032257,-4.695764549693686
91314,PA,2021,2022,57.578886756238006,56.49675444507829,1.082132311159718,1.082132311159718,1.8793908186189126
91320,PA,2021,2022,80.24118291347207,96.20064484010534,-15.959461926633267,15.959461926633267,-19.889365220155245
91326,PA,2021,2022,64.67226534932956,65.07106541693769,-0.39880006760812137,0.39880006760812137,-0.6166477476148213
91332,PA,2021,2022,166.19765395894427,194.4429183159152,-28.24526435697092,28.24526435697092,-16.994983794385167
91338,PA,2021,2022,57.68732782369146,59.46306023328448,-1.7757324095930187,1.7757324095930187,-3.0782018800041344
91344,PA,2021,2022,74.44384328358208,67.65789067207679,6.785952611505294,6.785952611505294,9.115532342487045
91350,PA,2021,2022,50.91607142857143,53.38512213032371,-2.4690507017522805,2.4690507017522805,-4.849256104167492
91356,PA,2021,2022,65.12604456824512,65.44759685560226,-0.3215522873571359,0.3215522873571359,-0.49373839527469465
91362,PA,2021,2022,65.38508474576271,66.66131429381399,-1.2762295480512762,1.2762295480512762,-1.9518664738504947
91368,PA,2021,2022,148.81570621468927,166.62616878333807,-17.810462568648802,17.810462568648802,-11.968133620892477
91374,PA,2021,2022,76.93397683397683,77.9858045752209,-1.0518277412440682,1.0518277412440682,-1.3671823354639625
91392,PA,2021,2022,158.975,185.6691945384081,-26.694194538408112,26.694194538408112,-16.791441760281877
91398,PA,2021,2022,82.67777777777778,83.44598231859385,-0.7682045408160718,0.7682045408160718,-0.9291548000731953
91404,PA,2021,2022,72.71860465116279,75.9398509540365,-3.221246302873709,3.221246302873709,-4.429741629843279
91410,PA,2021,2022,63.39420783645656,66.63754057852577,-3.2433327420692137,3.2433327420692137,-5.116134190739185
91416,PA,2021,2022,78.06060240963855,83.63387624522255,-5.573273835584004,5.573273835584004,-7.139675666781484
91422,PA,2021,2022,108.49978012313105,126.07518831262777,-17.575408189496727,17.575408189496727,-16.198565720180504
91428,PA,2021,2022,262.75235378031385,344.79290852738836,-82.04055474707451,82.04055474707451,-31.223527997647654
91434,PA,2021,2022,80.42802197802197,84.69369878145194,-4.265676803429969,4.265676803429969,-5.303719647109588
91446,PA,2021,2022,225.76937441643324,249.99033335756437,-24.22095894113113,24.22095894113113,-10.728186231519336
91458,PA,2021,2022,141.1234375,177.68528889973533,-36.56185139973533,36.56185139973533,-25.90771033318639
91806,PA,2021,2022,79.8626541897065,83.11402172799511,-3.251367538288605,3.251367538288605,-4.071198949342801
91866,PA,2021,2022,117.4920634920635,104.18338490538632,13.308678586677175,13.308678586677175,11.32730006701786
91872,PA,2021,2022,88.08484848484848,83.43323518394594,4.6516133009025395,4.6516133009025395,5.280832493800186
91884,PA,2021,2022,69.21049382716049,70.2368764918187,-1.0263826646582146,1.0263826646582146,-1.4829870557222176
91896,PA,2021,2022,46.03636363636364,48.6600114841677,-2.623647847804058,2.623647847804058,-5.699077078563318
91902,PA,2021,2022,129.88582392776524,137.76512002988213,-7.879296102116882,7.879296102116882,-6.066324918182662
91920,PA,2021,2022,68.21521739130435,69.71530900795545,-1.5000916166511047,1.5000916166511047,-2.199057151787846
91926,PA,2021,2022,80.74255319148936,86.01062404450528,-5.268070853015914,5.268070853015914,-6.524528448490025
91932,PA,2021,2022,68.91707317073171,62.13431337648739,6.7827597942443205,6.7827597942443205,9.84191504685791
91938,PA,2021,2022,92.6960396039604,86.344011941087,6.352027662873397,6.352027662873397,6.852534034908228
91962,PA,2021,2022,71.05636363636364,64.28801557120624,6.768348065157397,6.768348065157397,9.525322882824309
91974,PA,2021,2022,114.8076923076923,97.01936904837123,17.788323259321075,17.788323259321075,15.494016909291389
91980,PA,2021,2022,121.78327759197325,141.2742349754295,-19.490957383456248,19.490957383456248,-16.004625404121082
91992,PA,2021,2022,87.16342042755345,86.950999578563,0.21242084899044755,0.21242084899044755,0.24370412261070315
91998,PA,2021,2022,68.65747126436781,68.81317126810552,-0.15570000373770654,0.15570000373770654,-0.22677794691589884
92022,PA,2021,2022,123.23846153846154,73.55418381294116,49.684277725520374,49.684277725520374,40.31556147754603
92028,PA,2021,2022,71.83823529411765,71.26573025289889,0.5725050412187613,0.5725050412187613,0.7969363930987875
92040,PA,2021,2022,100.55507246376813,91.7722595578027,8.782812905965429,8.782812905965429,8.734331039470973
92046,PA,2021,2022,115.13125,91.08875206259276,24.042497937407234,24.042497937407234,20.882686444737843
92052,PA,2021,2022,74.97169811320755,78.1505847779598,-3.1788866647522553,3.1788866647522553,-4.240115596624375
92064,PA,2021,2022,76.02763157894736,73.29556142138975,2.732070157557615,2.732070157557615,3.593522645409023
92070,PA,2021,2022,71.20547945205479,67.5332329408373,3.6722465112174945,3.6722465112174945,5.157252699478206
92094,PA,2021,2022,74.43766233766233,73.96369336003939,0.47396897762294543,0.47396897762294543,0.636732754278256
92112,PA,2021,2022,80.80606060606061,71.29042018148051,9.515640424580099,9.515640424580099,11.775899422903443
92142,PA,2021,2022,75.49342105263158,74.9264679455558,0.5669531070757756,0.5669531070757756,0.7509967082833804
92154,PA,2021,2022,80.50909090909092,63.55951348645626,16.949577422634654,16.949577422634654,21.052998153678995
92160,PA,2021,2022,119.99130434782607,108.62517499243489,11.36612935539118,11.36612935539118,9.472460873034176
92172,PA,2021,2022,116.61379310344827,80.60039741778546,36.013395685662815,36.013395685662815,30.88262093808687
92178,PA,2021,2022,53.58139534883721,55.26921481193131,-1.687819463094101,1.687819463094101,-3.1500102826843026
92184,PA,2021,2022,112.15806451612904,79.28764536159147,32.87041915453757,32.87041915453757,29.30722752425047
92202,PA,2021,2022,213.22911392405064,243.63377797033442,-30.404664046283784,30.404664046283784,-14.259152273696321
92220,PA,2021,2022,88.79019607843138,84.34574227296802,4.444453805463354,4.444453805463354,5.0055681840565125
92256,PA,2021,2022,88.22911392405064,78.44489781310887,9.78421611094177,9.78421611094177,11.08955499583076
92262,PA,2021,2022,185.9703703703704,133.0019826027426,52.9683877676278,52.9683877676278,28.48216501485602
92280,PA,2021,2022,173.59642857142856,91.7514705987322,81.84495797269636,81.84495797269636,47.146683054611444
92406,PA,2021,2022,65.24180505415163,68.24591862313824,-3.004113568986611,3.004113568986611,-4.604583773384495
92460,PA,2021,2022,64.6,60.528998122793965,4.0710018772060295,4.0710018772060295,6.301860491031006
92466,PA,2021,2022,58.17666666666667,71.77895722441123,-13.60229055774456,13.60229055774456,-23.38100708945951
92478,PA,2021,2022,44.03181818181818,42.55038394124393,1.4814342405742522,1.4814342405742522,3.3644630218471714
92502,PA,2021,2022,60.09702380952381,60.40695464177994,-0.3099308322561285,0.3099308322561285,-0.5157174392503153
92514,PA,2021,2022,52.35925925925926,51.68099723993187,0.6782620193273914,0.6782620193273914,1.2954003340057698
92538,PA,2021,2022,85.6144578313253,76.13120851601572,9.483249315309578,9.483249315309578,11.076691432179778
92544,PA,2021,2022,51.36761904761904,51.444723219621025,-0.07710417200198805,0.07710417200198805,-0.1501026783634075
92550,PA,2021,2022,59.84273907910272,58.94183061178619,0.9009084673165333,0.9009084673165333,1.505459945818445
92562,PA,2021,2022,64.83125,60.759820057318194,4.071429942681803,4.071429942681803,6.280042329404112
92568,PA,2021,2022,59.47590361445784,63.76699638789618,-4.291092773438336,4.291092773438336,-7.214842503704687
92586,PA,2021,2022,55.51909547738693,57.24665645135265,-1.7275609739657227,1.7275609739657227,-3.1116518724073283
92598,PA,2021,2022,72.9121212121212,64.8595632645213,8.052557947599908,8.052557947599908,11.044196511815677
92616,PA,2021,2022,53.64758064516129,55.624194432607126,-1.9766137874458352,1.9766137874458352,-3.6844416163324496
92622,PA,2021,2022,74.65081967213115,85.26526414744527,-10.614444475314116,10.614444475314116,-14.218791597912931
92628,PA,2021,2022,71.75959595959596,72.5660611959946,-0.8064652363986511,0.8064652363986511,-1.1238430562690587
92640,PA,2021,2022,68.38571428571429,62.85541728258086,5.530297003133427,5.530297003133427,8.086918533932314
92652,PA,2021,2022,59.885,59.63943100601157,0.24556899398842802,0.24556899398842802,0.41006761958491783
92664,PA,2021,2022,55.84782608695652,53.329335696161294,2.518490390795229,2.518490390795229,4.509558504343345
92670,PA,2021,2022,66.78273381294964,70.33714359416904,-3.554409781219391,3.554409781219391,-5.322348424931005
92676,PA,2021,2022,53.9625,60.099713859988896,-6.137213859988897,6.137213859988897,-11.373108844084127
92700,PA,2021,2022,24.375,45.29723580425755,-20.922235804257546,20.922235804257546,-85.83481355592839
92706,PA,2021,2022,60.43333333333333,60.00124607887385,0.43208725445948204,0.43208725445948204,0.7149816676108363
92736,PA,2021,2022,60.33965517241379,57.07647124645047,3.2631839259633253,3.2631839259633253,5.4080254794946105
92748,PA,2021,2022,60.231632653061226,61.311333482331904,-1.0797008292706778,1.0797008292706778,-1.7925810437346708
92754,PA,2021,2022,67.40615384615384,65.54883305663516,1.8573207895186812,1.8573207895186812,2.7554172483387567
92766,PA,2021,2022,54.21564245810056,54.49723363747789,-0.2815911793773296,0.2815911793773296,-0.5193910218715041
92772,PA,2021,2022,50.78125,47.778118447673386,3.0031315523266144,3.0031315523266144,5.913859056889334
92784,PA,2021,2022,61.27777777777778,59.289779711386316,1.9879980663914623,1.9879980663914623,3.2442398182272276
92808,PA,2021,2022,54.29134615384616,54.568703222545146,-0.2773570686989828,0.2773570686989828,-0.5108679160635143
92814,PA,2021,2022,55.54065934065934,54.22864755304236,1.3120117876169815,1.3120117876169815,2.362254613453075
92820,PA,2021,2022,81.87948717948719,79.55599897903657,2.323488200450612,2.323488200450612,2.8376926633129944
92838,PA,2021,2022,83.99255319148936,77.96057976229896,6.031973429190401,6.031973429190401,7.18155741192732
92844,PA,2021,2022,52.38795180722892,51.806847305306334,0.5811045019225887,0.5811045019225887,1.109233100123611
92868,PA,2021,2022,61.85665399239544,62.15933612615969,-0.30268213376425024,0.30268213376425024,-0.4893283328927903
92874,PA,2021,2022,68.17227722772277,69.58589704401226,-1.4136198162894829,1.4136198162894829,-2.073599230912333
92880,PA,2021,2022,64.7022988505747,62.93384855691038,1.7684502936643298,1.7684502936643298,2.7332109138014373
92916,PA,2021,2022,67.68773584905661,69.64565612594261,-1.957920276886,1.957920276886,-2.892577587839775
92940,PA,2021,2022,58.13666666666666,53.081506079620766,5.055160587045897,5.055160587045897,8.69530517810773
93006,PA,2021,2022,69.42645429362881,71.7556107354262,-2.3291564417973945,2.3291564417973945,-3.354854378630047
93126,PA,2021,2022,55.06046511627907,59.02394357839079,-3.9634784621117234,3.9634784621117234,-7.198410790285695
93132,PA,2021,2022,70.80740740740741,74.38975303484371,-3.582345627436297,3.582345627436297,-5.05928088402448
93180,PA,2021,2022,59.845569620253166,64.65164847189568,-4.806078851642518,4.806078851642518,-8.030801414606348
93186,PA,2021,2022,57.63823529411765,59.98682221930994,-2.3485869251922935,2.3485869251922935,-4.0747030390640395
93198,PA,2021,2022,54.73030303030303,57.37596150312999,-2.645658472826966,2.645658472826966,-4.833992005054531
93204,PA,2021,2022,57.16315789473684,57.00024083614501,0.16291705859183025,0.16291705859183025,0.28500360125630925
93210,PA,2021,2022,61.21941747572816,65.75776837649609,-4.538350900767931,4.538350900767931,-7.413253977085398
93216,PA,2021,2022,58.3304347826087,67.26325124490526,-8.932816462296564,8.932816462296564,-15.314160601730842
93222,PA,2021,2022,59.2722371967655,61.53989783101222,-2.2676606342467167,2.2676606342467167,-3.825839451139299
93228,PA,2021,2022,61.36451612903226,64.41083121789251,-3.046315088860247,3.046315088860247,-4.964294157318386
93234,PA,2021,2022,46.76,48.632237696686424,-1.872237696686426,1.872237696686426,-4.003930061348217
93240,PA,2021,2022,50.85625,71.0484306734627,-20.1921806734627,20.1921806734627,-39.70442310131537
93246,PA,2021,2022,65.32485207100592,64.88757645251391,0.43727561849200924,0.43727561849200924,0.669386312603824
93252,PA,2021,2022,53.54705882352941,54.43390005044055,-0.8868412269111374,0.8868412269111374,-1.6561903611435063
93270,PA,2021,2022,55.895833333333336,57.12246460769478,-1.226631274361445,1.226631274361445,-2.1944950119026965
93276,PA,2021,2022,42.40625,48.05125739554836,-5.645007395548362,5.645007395548362,-13.311734462604832
93300,PA,2021,2022,59.36202531645569,56.60680809080253,2.755217225653162,2.755217225653162,4.64138009268594
93306,PA,2021,2022,60.879411764705885,55.78143168252951,5.097980082176377,5.097980082176377,8.373898390936606
93312,PA,2021,2022,56.81647509578544,57.0823749731165,-0.2658998773310586,0.2658998773310586,-0.4679978419688739
93324,PA,2021,2022,57.47008547008547,57.95488299875513,-0.4847975286696595,0.4847975286696595,-0.8435650037827211
93342,PA,2021,2022,65.88117647058823,65.03336120113255,0.8478152694556798,0.8478152694556798,1.2868854426638474
93348,PA,2021,2022,53.53493975903614,55.19810982339872,-1.6631700643625749,1.6631700643625749,-3.106700169736997
93354,PA,2021,2022,61.72164948453608,62.68807963612455,-0.9664301515884688,0.9664301515884688,-1.5657879522980038
93372,PA,2021,2022,50.56153846153846,62.32060420611646,-11.759065744577995,11.759065744577995,-23.256938183403918
93378,PA,2021,2022,66.7679104477612,66.99225795646764,-0.22434750870644393,0.22434750870644393,-0.3360109777315437
93606,PA,2021,2022,87.47956764295677,90.57700089653203,-3.097433253575261,3.097433253575261,-3.5407505284174143
93660,PA,2021,2022,74.61525423728814,75.97406359609225,-1.358809358804109,1.358809358804109,-1.8210878897267888
93666,PA,2021,2022,51.36666666666667,51.75541781406562,-0.3887511473989562,0.3887511473989562,-0.7568159910427441
93672,PA,2021,2022,53.36315789473685,55.895509977375376,-2.532352082638525,2.532352082638525,-4.745506417805697
93678,PA,2021,2022,71.03716417910448,73.60631889311293,-2.569154714008448,2.569154714008448,-3.616634678055128
93690,PA,2021,2022,57.8,54.840487674641054,2.9595123253589435,2.9595123253589435,5.120263538683294
93708,PA,2021,2022,61.19,66.4949735496679,-5.304973549667906,5.304973549667906,-8.669674047504342
93720,PA,2021,2022,48.0825,48.08376055746467,-0.0012605574646684659,0.0012605574646684659,-0.0026216554144823287
93732,PA,2021,2022,113.11311475409836,147.66704224687237,-34.55392749277401,34.55392749277401,-30.54811775618798
93738,PA,2021,2022,69.66666666666667,72.83815911290597,-3.1714924462392986,3.1714924462392986,-4.552381501778897
93756,PA,2021,2022,78.35641025641026,86.31058785718331,-7.9541776007730505,7.9541776007730505,-10.151278720839981
93762,PA,2021,2022,58.31314102564102,60.46972914504395,-2.156588119402926,2.156588119402926,-3.6982883814381515
93768,PA,2021,2022,58.35,60.43562557674476,-2.0856255767447607,2.0856255767447607,-3.574336892450318
93786,PA,2021,2022,45.03333333333333,43.002567800769384,2.0307655325639473,2.0307655325639473,4.509471944997663
93792,PA,2021,2022,123.2383064516129,139.2380073808912,-15.99970092927829,15.99970092927829,-12.982733526576219
93804,PA,2021,2022,45.583333333333336,45.1845508426201,0.3987824907132378,0.3987824907132378,0.8748427584202656
93816,PA,2021,2022,118.30666666666669,117.1921604207214,1.114506245945293,1.114506245945293,0.9420485568116416
93822,PA,2021,2022,60.28021978021978,63.65610432034304,-3.375884540123259,3.375884540123259,-5.600318898026006
93834,PA,2021,2022,65.16632653061224,69.95306987460619,-4.7867433439939475,4.7867433439939475,-7.345424544907175
93846,PA,2021,2022,54.604,54.99658554592206,-0.39258554592205996,0.39258554592205996,-0.7189684746942714
93852,PA,2021,2022,90.03384551495017,98.34167631968374,-8.30783080473357,8.30783080473357,-9.227453028599172
93864,PA,2021,2022,71.0768253968254,74.77974624486612,-3.702920848040719,3.702920848040719,-5.2097442835511165
93882,PA,2021,2022,52.96470588235294,49.967237875667024,2.9974680066859136,2.9974680066859136,5.659368737634444
93900,PA,2021,2022,86.77211394302849,82.29841063976714,4.473703303261345,4.473703303261345,5.155692422335846
93930,PA,2021,2022,94.22333333333331,98.44609090243083,-4.22275756909751,4.22275756909751,-4.4816474006058415
93936,PA,2021,2022,66.04183266932272,67.73611559400508,-1.6942829246823692,1.6942829246823692,-2.5654692733404194
93948,PA,2021,2022,111.48142857142857,134.07912335312912,-22.597694781700554,22.597694781700554,-20.27036706586669
93960,PA,2021,2022,46.77692307692308,46.730260910506885,0.04666216641619769,0.04666216641619769,0.0997546724898158
93966,PA,2021,2022,47.52857142857143,45.546861458260494,1.9817099703109378,1.9817099703109378,4.169513012376484
93990,PA,2021,2022,62.64303797468354,62.838656075645886,-0.19561810096234922,0.19561810096234922,-0.31227428823200754
93996,PA,2021,2022,65.32369109947643,68.22495100978986,-2.901259910313428,2.901259910313428,-4.4413594233297715
94008,PA,2021,2022,139.2554441260745,164.14728308227862,-24.89183895620411,24.89183895620411,-17.8749485252931
94020,PA,2021,2022,75.21551724137932,82.8104396775031,-7.594922436123781,7.594922436123781,-10.097547307625886
94026,PA,2021,2022,58.91612903225806,55.2707295899489,3.645399442309163,3.645399442309163,6.187438825645207
94032,PA,2021,2022,71.78095238095239,70.82490335839483,0.9560490225575506,0.9560490225575506,1.3318979351007405
94050,PA,2021,2022,49.91666666666666,47.83553335818188,2.0811333084847803,2.0811333084847803,4.169215309151481
94062,PA,2021,2022,106.16190476190476,100.56381778728863,5.5980869746161375,5.5980869746161375,5.2731598845850405
94068,PA,2021,2022,61.741379310344826,63.408868243940226,-1.6674889335954006,1.6674889335954006,-2.70076398069068
94074,PA,2021,2022,70.65714285714286,75.806614946621,-5.149472089478138,5.149472089478138,-7.287971012201165
94086,PA,2021,2022,66.14587155963302,66.47897429396501,-0.33310273433198745,0.33310273433198745,-0.5035880947334448
94098,PA,2021,2022,67.75569948186528,70.77027931699824,-3.014579835132963,3.014579835132963,-4.449190043325892
94104,PA,2021,2022,54.26875,52.870107933784176,1.398642066215821,1.398642066215821,2.5772513024822223
94116,PA,2021,2022,73.27857142857142,78.9800986175909,-5.7015271890194725,5.7015271890194725,-7.78062000645995
94122,PA,2021,2022,84.63230769230769,81.84385647188067,2.788451220427021,2.788451220427021,3.294783394734805
94128,PA,2021,2022,53.18055555555556,55.10718253129373,-1.9266269757381735,1.9266269757381735,-3.6228034017536817
94140,PA,2021,2022,51.60904645476773,51.72184626883319,-0.11279981406546113,0.11279981406546113,-0.21856597208073492
94152,PA,2021,2022,57.83265306122449,54.70963746974991,3.1230155914745836,3.1230155914745836,5.400090478588983
94182,PA,2021,2022,50.766666666666666,53.45218546860503,-2.6855188019383647,2.6855188019383647,-5.289925414192445
94188,PA,2021,2022,51.57105263157895,48.6374355228243,2.933617108754653,2.933617108754653,5.688495694885789
94206,PA,2021,2022,73.38412322274881,86.36716935627022,-12.983046133521412,12.983046133521412,-17.691900595600103
94266,PA,2021,2022,47.025,45.65486000618137,1.3701399938186256,1.3701399938186256,2.9136416668126013
94278,PA,2021,2022,41.27272727272727,46.70427014287776,-5.431542870150487,5.431542870150487,-13.160125896840388
94284,PA,2021,2022,52.742537313432834,54.55947620081539,-1.8169388873825554,1.8169388873825554,-3.4449212721508657
94302,PA,2021,2022,63.73978947368421,68.15512091873426,-4.415331445050043,4.415331445050043,-6.927119592814107
94332,PA,2021,2022,58.79454545454546,63.91959330805694,-5.125047853511482,5.125047853511482,-8.716876393701689
94344,PA,2021,2022,53.9061224489796,55.221988642956006,-1.3158661939764045,1.3158661939764045,-2.4410329183328465
94350,PA,2021,2022,68.8016393442623,67.31211666267664,1.4895226815856546,1.4895226815856546,2.164952311866495
94368,PA,2021,2022,52.44025974025974,54.48922497559728,-2.0489652353375405,2.0489652353375405,-3.9072370073798415
94374,PA,2021,2022,53.433898305084746,51.459682516043294,1.9742157890414518,1.9742157890414518,3.694687925948285
94392,PA,2021,2022,63.41733333333333,66.55237608072316,-3.135042747389832,3.135042747389832,-4.943510839396955
94452,PA,2021,2022,51.71707317073171,54.45103048609435,-2.7339573153626446,2.7339573153626446,-5.286372850870988
94482,PA,2021,2022,67.87865168539327,75.22918856645524,-7.35053688106197,7.35053688106197,-10.828937668253248
94488,PA,2021,2022,59.1780185758514,61.5424853996634,-2.364466823812002,2.364466823812002,-3.9955153631603055
94518,PA,2021,2022,46.96666666666667,52.623931263665625,-5.657264596998957,5.657264596998957,-12.04527593399352
94542,PA,2021,2022,59.42058823529412,65.54308289592387,-6.122494660629755,6.122494660629755,-10.303658786388738
94554,PA,2021,2022,61.19478260869565,64.4173953587877,-3.222612750092054,3.222612750092054,-5.266156055653881
94572,PA,2021,2022,63.11111111111112,65.90528555510619,-2.794174443995068,2.794174443995068,-4.427389083795002
94590,PA,2021,2022,71.29864864864865,77.55835614750846,-6.259707498859811,6.259707498859811,-8.779559805834348
94602,PA,2021,2022,61.09340836012862,68.55102351573778,-7.457615155609162,7.457615155609162,-12.206906368111921
94626,PA,2021,2022,56.0275,59.542483593855174,-3.5149835938551703,3.5149835938551703,-6.273675594761804
94632,PA,2021,2022,50.334848484848486,48.905399308647056,1.4294491762014303,1.4294491762014303,2.8398797636824415
94638,PA,2021,2022,53.08,55.95355805151669,-2.8735580515166887,2.8735580515166887,-5.413636118155028
94644,PA,2021,2022,65.45314685314685,70.34571609802755,-4.892569244880704,4.892569244880704,-7.474918289044005
94806,PA,2021,2022,69.9604347826087,82.06588611877923,-12.105451336170532,12.105451336170532,-17.303282024742074
94938,PA,2021,2022,57.2125,59.92348515016149,-2.710985150161491,2.710985150161491,-4.738449028029699
94944,PA,2021,2022,66.86502057613168,72.52111353493719,-5.656092958805502,5.656092958805502,-8.458971387536693
94950,PA,2021,2022,61.56636568848759,65.19275997704703,-3.626394288559439,3.626394288559439,-5.890219843263454
94962,PA,2021,2022,39.871428571428574,44.69078933538506,-4.819360763956489,4.819360763956489,-12.087253797096173
94968,PA,2021,2022,61.05,62.182863906026235,-1.1328639060262375,1.1328639060262375,-1.8556329337039108
94974,PA,2021,2022,60.10172413793104,59.921628321150365,0.18009581678067832,0.18009581678067832,0.29965166451359304
94992,PA,2021,2022,48.86923076923077,64.3314173809002,-15.462186611669438,15.462186611669438,-31.639922233858442
95004,PA,2021,2022,50.45816326530612,55.308120631805004,-4.849957366498884,4.849957366498884,-9.611838903049419
95040,PA,2021,2022,56.73645833333333,61.372304051244555,-4.635845717911224,4.635845717911224,-8.170840856288716
95070,PA,2021,2022,53.57891156462585,54.6316851912461,-1.052773626620251,1.052773626620251,-1.964902973720203
95076,PA,2021,2022,66.49161676646706,72.8716447229151,-6.380027956448032,6.380027956448032,-9.595236612844097
95088,PA,2021,2022,59.82222222222222,57.631374339860685,2.1908478823615383,2.1908478823615383,3.662264290723225
95094,PA,2021,2022,52.79666666666667,53.74106388418607,-0.944397217519402,0.944397217519402,-1.788744019545556
95106,PA,2021,2022,54.08305647840532,54.96262329697017,-0.8795668185648537,0.8795668185648537,-1.6263260174950607
95118,PA,2021,2022,56.697476340694,61.45010847261026,-4.752632131916258,4.752632131916258,-8.382440345947298
95136,PA,2021,2022,76.29512195121951,75.57513925472037,0.7199826964991445,0.7199826964991445,0.9436811660901162
95142,PA,2021,2022,69.6362385321101,70.9560857972212,-1.3198472651111075,1.3198472651111075,-1.8953454306732984
95160,PA,2021,2022,58.92372881355932,63.61609387639065,-4.692365062831328,4.692365062831328,-7.963455737294646
95184,PA,2021,2022,56.58505747126437,56.47760691885748,0.10745055240688828,0.10745055240688828,0.1898920973287956
95190,PA,2021,2022,47.67368421052632,49.66083207967778,-1.987147869151464,1.987147869151464,-4.168228032002408
95208,PA,2021,2022,57.01095890410959,61.49530180577147,-4.484342901661876,4.484342901661876,-7.865755966680689
95220,PA,2021,2022,61.215873015873015,67.63856806414316,-6.422695048270143,6.422695048270143,-10.491878546933025
95406,PA,2021,2022,28.016964285714284,28.85922433801644,-0.8422600523021551,0.8422600523021551,-3.006250226515866
95412,PA,2021,2022,40.64858387799564,41.19504307646419,-0.546459198468547,0.546459198468547,-1.3443499043133027
95424,PA,2021,2022,75.20440587449933,86.1198000434118,-10.91539416891247,10.91539416891247,-14.514301445487138
95430,PA,2021,2022,72.51621900826446,86.40915735436005,-13.89293834609559,13.89293834609559,-19.158387649130265
95436,PA,2021,2022,39.79885321100917,41.67980685543082,-1.880953644421652,1.880953644421652,-4.7261503602856125
95454,PA,2021,2022,53.94066390041494,55.11516483710755,-1.1745009366926098,1.1745009366926098,-2.1773942917368783
95520,PA,2021,2022,59.638636363636365,63.61252922265767,-3.973892859021305,3.973892859021305,-6.663285918865036
95538,PA,2021,2022,55.22,58.736469214966164,-3.5164692149661647,3.5164692149661647,-6.368107959011526
95544,PA,2021,2022,53.07291666666666,54.35752255064676,-1.284605883980106,1.284605883980106,-2.42045465872601
95556,PA,2021,2022,71.82608695652173,78.05662205424476,-6.2305350977230205,6.2305350977230205,-8.674473804335925
95562,PA,2021,2022,55.12641509433962,51.543840867512785,3.5825742268268357,3.5825742268268357,6.498834035726539
95568,PA,2021,2022,75.762,82.58087935060713,-6.8188793506071335,6.8188793506071335,-9.000395119726425
95586,PA,2021,2022,78.61774580335731,86.82264966369277,-8.204903860335463,8.204903860335463,-10.436452707328934
95610,PA,2021,2022,61.533884297520665,65.25915585837525,-3.725271560854587,3.725271560854587,-6.05401658514297
95616,PA,2021,2022,56.370769230769234,53.38502531649532,2.985743914273911,2.985743914273911,5.296617298321667
95628,PA,2021,2022,63.6198347107438,63.245734125018636,0.37410058572516647,0.37410058572516647,0.5880250827844263
95640,PA,2021,2022,83.69518072289156,82.3348014421738,1.3603792807177655,1.3603792807177655,1.6253973872424972
95652,PA,2021,2022,67.2060606060606,66.01522561360007,1.1908349924605375,1.1908349924605375,1.7719160767967237
95658,PA,2021,2022,53.925,54.24243947870877,-0.31743947870877065,0.31743947870877065,-0.5886684816110722
95664,PA,2021,2022,62.31655172413793,67.71028208417425,-5.393730360036322,5.393730360036322,-8.655373589850116
95670,PA,2021,2022,48.54545454545455,45.688028745454275,2.8574258000002715,2.8574258000002715,5.886083108614791
95676,PA,2021,2022,58.73044871794872,60.100889109327056,-1.370440391378338,1.370440391378338,-2.3334410366245257
95694,PA,2021,2022,48.096875,48.85296638392687,-0.7560913839268721,0.7560913839268721,-1.5720176912260353
95712,PA,2021,2022,58.974242424242426,60.07323510967168,-1.098992685429252,1.098992685429252,-1.8635130189946978
95724,PA,2021,2022,51.95638297872341,52.424029801354216,-0.4676468226308046,0.4676468226308046,-0.9000757863038888
95730,PA,2021,2022,77.19767441860465,70.64468381613115,6.5529906024735,6.5529906024735,8.488585507045052
95736,PA,2021,2022,52.15891472868217,52.102125040811124,0.05678968787104566,0.05678968787104566,0.10887820071880641
95742,PA,2021,2022,55.93,55.305019041967796,0.6249809580322037,0.6249809580322037,1.1174342178297938
95748,PA,2021,2022,73.76862745098039,72.78236806864878,0.9862593823316104,0.9862593823316104,1.3369631731144578
95766,PA,2021,2022,59.01136363636363,54.163992054093015,4.847371582270618,4.847371582270618,8.214301930287203
95778,PA,2021,2022,58.51841085271318,60.429122778655454,-1.9107119259422731,1.9107119259422731,-3.265146640347777
96006,PA,2021,2022,66.1956278596848,70.47241532786875,-4.27678746818394,4.27678746818394,-6.460830732279581
96012,PA,2021,2022,91.50576671035388,94.4433868054418,-2.9376200950879223,2.9376200950879223,-3.2103114379517357
96120,PA,2021,2022,65.00350877192983,66.5888056325593,-1.5852968606294695,1.5852968606294695,-2.4387865987228694
96138,PA,2021,2022,76.52339449541284,80.10372208466144,-3.580327589248597,3.580327589248597,-4.678735977222257
96150,PA,2021,2022,71.2969465648855,72.00442298788403,-0.7074764229985249,0.7074764229985249,-0.9922955429159493
96168,PA,2021,2022,63.60843373493976,63.888612690574284,-0.28017895563452555,0.28017895563452555,-0.4404745395902192
96198,PA,2021,2022,90.7806179775281,97.72279342808517,-6.942175450557073,6.942175450557073,-7.647200035888216
96204,PA,2021,2022,68.35,70.20692802232516,-1.8569280223251639,1.8569280223251639,-2.7167930099856092
96222,PA,2021,2022,105.4895104895105,126.25064054387285,-20.761130054362354,20.761130054362354,-19.680753051201965
96228,PA,2021,2022,59.40394736842105,60.995588845146756,-1.5916414767257052,1.5916414767257052,-2.679353051834089
96240,PA,2021,2022,58.85333333333333,59.58776707129033,-0.7344337379569978,0.7344337379569978,-1.2479050826183697
96246,PA,2021,2022,63.28117647058824,65.97456516132551,-2.6933886907372724,2.6933886907372724,-4.256224111113204
96270,PA,2021,2022,43.19122807017544,42.71068049499265,0.4805475751827899,0.4805475751827899,1.1126045649871652
96276,PA,2021,2022,174.92845360824742,203.01360102486734,-28.085147416619918,28.085147416619918,-16.055219626829068
96294,PA,2021,2022,61.28357142857143,63.38643163353241,-2.102860204960983,2.102860204960983,-3.431360405311813
96300,PA,2021,2022,59.95074626865672,61.387363407877146,-1.4366171392204237,1.4366171392204237,-2.3963290344752752
96306,PA,2021,2022,92.2340579710145,89.33810458729255,2.8959533837219453,2.8959533837219453,3.1397874575051534
96312,PA,2021,2022,77.06,77.91318947894182,-0.8531894789418146,0.8531894789418146,-1.1071755501451006
96318,PA,2021,2022,94.731981981982,103.10251447904594,-8.370532497063934,8.370532497063934,-8.836015379321429
96330,PA,2021,2022,98.41350762527232,100.28273902739109,-1.8692314021187713,1.8692314021187713,-1.8993646779019566
96336,PA,2021,2022,83.55645161290323,86.5033127716108,-2.946861158707563,2.946861158707563,-3.52679069278774
96342,PA,2021,2022,71.34665314401623,72.5779077649234,-1.2312546209071655,1.2312546209071655,-1.725735639514619
96354,PA,2021,2022,110.16215139442232,121.03099338500823,-10.868841990585906,10.868841990585906,-9.866221613330087
96366,PA,2021,2022,70.65275590551181,70.9958794541913,-0.34312354867948613,0.34312354867948613,-0.48564779148652876
96378,PA,2021,2022,100.43700440528634,101.25256798996902,-0.8155635846826783,0.8155635846826783,-0.812015043172427
96396,PA,2021,2022,126.50920069005176,139.54072287032002,-13.031522180268269,13.031522180268269,-10.300849352606036
96606,PA,2021,2022,55.49894588896697,56.06031931770469,-0.561373428737717,0.561373428737717,-1.0115028668487132
96612,PA,2021,2022,63.17,64.41306045491025,-1.2430604549102497,1.2430604549102497,-1.9678018915786761
96630,PA,2021,2022,81.020737913486,88.09558438943071,-7.07484647594471,7.07484647594471,-8.732142730542932
96660,PA,2021,2022,58.65625,60.21570189753538,-1.5594518975353822,1.5594518975353822,-2.658628701179128
96666,PA,2021,2022,48.6531914893617,58.80725602648604,-10.154064537124334,10.154064537124334,-20.87029488979069
96672,PA,2021,2022,54.50266666666667,53.60199483675385,0.9006718299128167,0.9006718299128167,1.6525280045859836
96684,PA,2021,2022,56.7,57.14146647849875,-0.44146647849874654,0.44146647849874654,-0.7786004911794472
96690,PA,2021,2022,71.63677419354839,77.40871690203656,-5.771942708488169,5.771942708488169,-8.057234253588138
96696,PA,2021,2022,66.3712,67.75811807440272,-1.3869180744027148,1.3869180744027148,-2.0896383889438717
96702,PA,2021,2022,61.17242647058824,62.54868527346477,-1.376258802876528,1.376258802876528,-2.2498025373216715
96720,PA,2021,2022,68.39433962264151,70.63024688486115,-2.2359072622196408,2.2359072622196408,-3.2691408010604697
96726,PA,2021,2022,39.17765363128492,39.441967954392,-0.2643143231070795,0.2643143231070795,-0.6746558270044379
96738,PA,2021,2022,88.86330275229358,104.2176184683045,-15.354315716010916,15.354315716010916,-17.27857871635839
96744,PA,2021,2022,56.9635294117647,60.2261522803299,-3.2626228685651952,3.2626228685651952,-5.727564464942308
96750,PA,2021,2022,56.46049868766404,59.85144011712346,-3.390941429459417,3.390941429459417,-6.005865177029154
96762,PA,2021,2022,74.12328767123287,77.17233412577939,-3.049046454546513,3.049046454546513,-4.113479785287294
96780,PA,2021,2022,58.40219780219781,56.71180253919891,1.690395262998905,1.690395262998905,2.8944035098201244
96786,PA,2021,2022,53.79268292682927,64.53118207787492,-10.738499151045644,10.738499151045644,-19.962750632186417
96798,PA,2021,2022,59.29066666666667,61.12601450257933,-1.835347835912664,1.835347835912664,-3.0955088534103132
96804,PA,2021,2022,57.73390804597701,60.25580744834533,-2.5218994023683194,2.5218994023683194,-4.368142548673439
96822,PA,2021,2022,70.31444652908067,74.53719518293427,-4.2227486538536,4.2227486538536,-6.0055207177193015
96846,PA,2021,2022,71.09740259740259,79.93014850724508,-8.832745909842487,8.832745909842487,-12.423443877210184
96852,PA,2021,2022,78.18056680161943,92.36503703618328,-14.184470234563847,14.184470234563847,-18.143217445016056
96858,PA,2021,2022,65.70227272727273,70.74379946562473,-5.041526738352005,5.041526738352005,-7.673291241049092
96870,PA,2021,2022,60.250381679389314,63.03652199278138,-2.7861403133920675,2.7861403133920675,-4.6242699809238905
96876,PA,2021,2022,47.951743119266055,48.446070898658306,-0.4943277793922505,0.4943277793922505,-1.0308859433175421
96888,PA,2021,2022,78.75483119906869,86.32106867086975,-7.56623747180106,7.56623747180106,-9.607331203181518
96900,PA,2021,2022,64.69194444444445,67.97757484056805,-3.285630396123608,3.285630396123608,-5.078886443033431
96918,PA,2021,2022,60.78813559322034,66.14402333763043,-5.35588774441009,5.35588774441009,-8.810745208983558
96924,PA,2021,2022,60.26833333333333,64.56442121042734,-4.29608787709401,4.29608787709401,-7.128267266547955
96936,PA,2021,2022,72.60522875816993,77.43405393535936,-4.8288251771894295,4.8288251771894295,-6.65079534873866
96942,PA,2021,2022,59.496855345911946,68.31912868618592,-8.822273340273973,8.822273340273973,-14.828133838304037
96954,PA,2021,2022,66.37045454545455,73.13720271868138,-6.76674817322683,6.76674817322683,-10.195422375166267
97206,PA,2021,2022,79.20583016476553,72.35774319893225,6.848086965833275,6.848086965833275,8.645937996720379
97260,PA,2021,2022,61.53636363636364,58.4816929020752,3.054670734288436,3.054670734288436,4.9640091708040766
97284,PA,2021,2022,67.09907407407407,70.54588525568603,-3.446811181611963,3.446811181611963,-5.136898279411208
97308,PA,2021,2022,70.3804347826087,80.08625927861112,-9.705824496002421,9.705824496002421,-13.790515114011162
97332,PA,2021,2022,57.83271028037383,63.322904399906314,-5.490194119532482,5.490194119532482,-9.493233315395285
97344,PA,2021,2022,58.56730769230769,58.90815131371097,-0.3408436214032733,0.3408436214032733,-0.5819690793948518
97356,PA,2021,2022,61.13854166666667,62.0180109998612,-0.8794693331945282,0.8794693331945282,-1.4384859521011826
97368,PA,2021,2022,54.25555555555555,61.48045949617377,-7.224903940618219,7.224903940618219,-13.316431592374355
97374,PA,2021,2022,93.9186507936508,88.32309702286636,5.595553770784434,5.595553770784434,5.957872822383764
97392,PA,2021,2022,59.30260416666667,59.86385272005931,-0.5612485533926446,0.5612485533926446,-0.9464146832663313
97398,PA,2021,2022,69.76981132075471,71.06543226169377,-1.2956209409390596,1.2956209409390596,-1.8569936143049965
97410,PA,2021,2022,73.72419354838709,70.42311772526772,3.301075823119376,3.301075823119376,4.477601807814683
97434,PA,2021,2022,54.612857142857145,52.3389225107954,2.2739346320617457,2.2739346320617457,4.163734971993048
97440,PA,2021,2022,59.82,67.16929753458497,-7.34929753458497,7.34929753458497,-12.285686283157757
97452,PA,2021,2022,62.12964824120603,63.90518769527064,-1.7755394540646137,1.7755394540646137,-2.8577973710255598
97488,PA,2021,2022,55.17410071942446,56.06361974648369,-0.8895190270592295,0.8895190270592295,-1.6122039425394161
97494,PA,2021,2022,61.57419354838709,65.58058374352308,-4.006390195135985,4.006390195135985,-6.5066060377837145
97524,PA,2021,2022,70.30466666666666,86.05015714157524,-15.745490474908578,15.745490474908578,-22.396081542584056
97530,PA,2021,2022,59.0,60.61507903394542,-1.6150790339454204,1.6150790339454204,-2.737422091432916
97536,PA,2021,2022,48.87368421052632,53.85267799405737,-4.9789937835310525,4.9789937835310525,-10.187473819415247
97548,PA,2021,2022,54.23717948717949,56.677157636189285,-2.4399781490097965,2.4399781490097965,-4.498718724093231
97554,PA,2021,2022,65.64691358024692,63.55308091462966,2.0938326656172563,2.0938326656172563,3.189537103001425
97572,PA,2021,2022,67.91732283464567,70.99604473517279,-3.078721900527114,3.078721900527114,-4.5330436654912
97806,PA,2021,2022,57.07450076804916,62.389140035942184,-5.314639267893021,5.314639267893021,-9.311757783903746
97866,PA,2021,2022,60.75416666666667,65.28348109630245,-4.529314429635782,4.529314429635782,-7.455150285389121
97878,PA,2021,2022,53.20481927710844,51.55308934492431,1.651729932184132,1.651729932184132,3.104474283769994
97884,PA,2021,2022,59.79377431906615,69.92304441212734,-10.129270093061187,10.129270093061187,-16.94034238248666
97896,PA,2021,2022,71.59227799227799,80.50326648125834,-8.910988488980351,8.910988488980351,-12.446857033857057
97902,PA,2021,2022,52.502985074626864,63.540430807259675,-11.037445732632811,11.037445732632811,-21.022510847610608
97914,PA,2021,2022,69.96461538461539,74.94798400572114,-4.983368621105754,4.983368621105754,-7.122698515114761
97938,PA,2021,2022,60.52056737588652,61.5475078874875,-1.0269405116009764,1.0269405116009764,-1.6968454793603684
97956,PA,2021,2022,67.445,64.35900399638267,3.085996003617325,3.085996003617325,4.575574176910557
97962,PA,2021,2022,62.623931623931625,65.57122087650978,-2.947289252578159,2.947289252578159,-4.7063305930345924
97974,PA,2021,2022,63.26315789473684,51.71826324348066,11.544894651256179,11.544894651256179,18.249001528607938
98004,PA,2021,2022,67.62380952380953,74.71041036333442,-7.086600839524891,7.086600839524891,-10.479446350962798
98010,PA,2021,2022,61.82975409836065,66.95765229756547,-5.127898199204822,5.127898199204822,-8.29357689349242
98040,PA,2021,2022,52.77375,59.46598524558849,-6.692235245588492,6.692235245588492,-12.680992435800928
98046,PA,2021,2022,55.94838709677419,54.9226014058442,1.0257856909299932,1.0257856909299932,1.8334499780229354
98052,PA,2021,2022,54.833333333333336,56.122004932342335,-1.2886715990089996,1.2886715990089996,-2.350160970837081
98070,PA,2021,2022,77.62254335260116,87.44115979797192,-9.818616445370765,9.818616445370765,-12.649181566712656
98076,PA,2021,2022,59.36449275362319,66.88575060764033,-7.5212578540171435,7.5212578540171435,-12.669623718056783
98082,PA,2021,2022,52.01489361702128,52.09292411355331,-0.07803049653202976,0.07803049653202976,-0.15001568032909554
98100,PA,2021,2022,59.00642201834862,60.62514053574992,-1.6187185174012981,1.6187185174012981,-2.7432921062353888
98106,PA,2021,2022,51.311764705882354,52.196934478140356,-0.8851697722580028,0.8851697722580028,-1.725081523373386
98118,PA,2021,2022,52.8376,56.257765496867684,-3.420165496867682,3.420165496867682,-6.472976624350239
98124,PA,2021,2022,53.73182844243792,55.52235283676362,-1.7905243943257005,1.7905243943257005,-3.3323347561936436
98160,PA,2021,2022,56.30491803278689,55.94217161601303,0.36274641677385944,0.36274641677385944,0.644253520736197
98172,PA,2021,2022,54.47391304347826,55.030613490467466,-0.5567004469892041,0.5567004469892041,-1.0219578801781222
98184,PA,2021,2022,72.23829787234042,69.84176304114065,2.396534831199773,2.396534831199773,3.3175405592126923
98190,PA,2021,2022,64.83866666666667,67.5609969921135,-2.7223303254468334,2.7223303254468334,-4.198621695048479
98226,PA,2021,2022,53.47481481481481,54.66328615553692,-1.18847134072211,1.18847134072211,-2.222487997083914
98238,PA,2021,2022,63.89607843137255,66.22167590499538,-2.325597473622828,2.325597473622828,-3.639656033226877
98244,PA,2021,2022,62.69302325581396,64.1052853238431,-1.4122620680291433,1.4122620680291433,-2.252662249619896
98406,PA,2021,2022,54.534375,55.04382975231007,-0.5094547523100701,0.5094547523100701,-0.9341901366066268
98412,PA,2021,2022,54.486666666666665,53.67463933055499,0.8120273361116759,0.8120273361116759,1.490323019903969
98418,PA,2021,2022,61.02039215686275,64.71271986141791,-3.6923277045551615,3.6923277045551615,-6.05097341076314
98424,PA,2021,2022,54.37014925373134,55.617298262547045,-1.247149008815704,1.247149008815704,-2.2938120015002794
98430,PA,2021,2022,48.57333333333333,51.04364481915854,-2.4703114858252064,2.4703114858252064,-5.085735971366744
98436,PA,2021,2022,58.50575539568345,57.56279773636976,0.9429576593136915,0.9429576593136915,1.6117348676832275
98442,PA,2021,2022,56.381075268817206,57.60641317433482,-1.2253379055176126,1.2253379055176126,-2.173314183305959
98460,PA,2021,2022,64.05783132530121,62.313682130543114,1.7441491947580943,1.7441491947580943,2.7227727799601604
98466,PA,2021,2022,54.71639344262295,58.84331694479968,-4.12692350217673,4.12692350217673,-7.542389478766232
98472,PA,2021,2022,71.09608695652175,75.84912602083763,-4.753039064315885,4.753039064315885,-6.685373651045759
98490,PA,2021,2022,124.83689727463312,145.54905160327084,-20.712154328637723,20.712154328637723,-16.591372247158883
98502,PA,2021,2022,62.81188118811881,63.79910475855079,-0.9872235704319792,0.9872235704319792,-1.571714700719261
98520,PA,2021,2022,47.07142857142857,62.1134795020703,-15.042050930641729,15.042050930641729,-31.955798638692595
98526,PA,2021,2022,67.72083333333333,71.98970452206045,-4.268871188727118,4.268871188727118,-6.303630623851034
98538,PA,2021,2022,54.1010101010101,55.54810985026675,-1.447099749256651,1.447099749256651,-2.6748109629650574
98544,PA,2021,2022,54.379710144927536,56.45604438371784,-2.0763342387903023,2.0763342387903023,-3.8182149799192704
98556,PA,2021,2022,72.98480392156863,80.75825536945499,-7.773451447886359,7.773451447886359,-10.65078075189448
98568,PA,2021,2022,66.6755,70.03622992911504,-3.3607299291150383,3.3607299291150383,-5.040427037090143
98598,PA,2021,2022,66.46344537815126,77.54009702360541,-11.076651645454149,11.076651645454149,-16.66578008773438
98604,PA,2021,2022,49.54181818181818,53.29972893836488,-3.7579107565467,3.7579107565467,-7.585330725560353
98610,PA,2021,2022,51.20246913580247,51.398218091164736,-0.19574895536226933,0.19574895536226933,-0.3823037417259926
98616,PA,2021,2022,51.30967741935484,48.65606239962982,2.6536150197250237,2.6536150197250237,5.171763209573477
98628,PA,2021,2022,57.20446428571429,57.16646545691771,0.03799882879657446,0.03799882879657446,0.06642633450212021
98640,PA,2021,2022,57.86829268292683,61.30286769458864,-3.4345750116618134,3.4345750116618134,-5.935158706825185
98646,PA,2021,2022,77.1613725490196,81.65811445654566,-4.496741907526058,4.496741907526058,-5.827711144808028
98652,PA,2021,2022,65.54253731343283,64.47784831551955,1.0646889979132794,1.0646889979132794,1.6244244448789036
98658,PA,2021,2022,50.75,53.942285046479626,-3.1922850464796255,3.1922850464796255,-6.290216840353942
99006,PA,2021,2022,32.59189189189189,28.209958543559807,4.381933348332083,4.381933348332083,13.44485727575148
99012,PA,2021,2022,36.679748822605966,36.81889128378631,-0.13914246118034157,0.13914246118034157,-0.37934409489354837
99018,PA,2021,2022,28.528060263653483,27.36380629410967,1.1642539695438145,1.1642539695438145,4.081083532437522
99024,PA,2021,2022,46.18869448183042,46.080698056411705,0.1079964254187118,0.1079964254187118,0.23381571319621325
99030,PA,2021,2022,103.51676367869617,114.97643727409722,-11.459673595401057,11.459673595401057,-11.070355359032025
99036,PA,2021,2022,93.62470023980816,97.16933120274996,-3.5446309629417954,3.5446309629417954,-3.7859997990515954
99042,PA,2021,2022,41.68159509202454,46.19158962535353,-4.509994533328992,4.509994533328992,-10.820110227000276
99048,PA,2021,2022,51.66666666666666,52.93888839189831,-1.2722217252316526,1.2722217252316526,-2.4623646294806183
99054,PA,2021,2022,72.90937718684394,82.94362418368551,-10.034246996841574,10.034246996841574,-13.76262887437227
99060,PA,2021,2022,61.16748726655348,61.34196899834218,-0.17448173178870263,0.17448173178870263,-0.28525241036688725
99066,PA,2021,2022,59.75801104972376,63.319644925662196,-3.5616338759384334,3.5616338759384334,-5.960094409726673
99606,PA,2021,2022,59.51839396019218,62.035999481227556,-2.517605521035378,2.517605521035378,-4.229962123506279
99612,PA,2021,2022,55.45036927621861,59.64743890050008,-4.197069624281468,4.197069624281468,-7.569056219218895
99666,PA,2021,2022,71.71238938053098,65.52377675950599,6.188612621024987,6.188612621024987,8.629767707482241
99678,PA,2021,2022,65.85416666666667,65.15736628462933,0.6968003820373383,0.6968003820373383,1.0580961195125667
99702,PA,2021,2022,56.09923076923077,56.542327525895395,-0.4430967566646231,0.4430967566646231,-0.7898446210204583
99726,PA,2021,2022,56.45625,58.32717408369186,-1.870924083691861,1.870924083691861,-3.3139361606409583
99738,PA,2021,2022,50.947826086956525,56.46360207319236,-5.5157759862358375,5.5157759862358375,-10.826322553628968
99750,PA,2021,2022,52.56625,51.679026991086815,0.8872230089131818,0.8872230089131818,1.6878187219236334
99762,PA,2021,2022,53.6919540229885,55.973059935811214,-2.281105912822717,2.281105912822717,-4.2485060458892026
99780,PA,2021,2022,57.99767441860465,60.08994943004187,-2.0922750114372164,2.0922750114372164,-3.6075153571434417
99810,PA,2021,2022,85.84973637961336,95.49061499545275,-9.640878615839384,9.640878615839384,-11.229945509918645
99816,PA,2021,2022,67.6974358974359,69.85340914033166,-2.1559732428957687,2.1559732428957687,-3.1847192058531544
99822,PA,2021,2022,54.37232142857143,56.39750430946961,-2.0251828808981784,2.0251828808981784,-3.7246577443978515
99834,PA,2021,2022,53.0275,52.264623825894716,0.762876174105287,0.762876174105287,1.4386425422757756
99840,PA,2021,2022,55.590384615384615,59.8899253227304,-4.299540707345784,4.299540707345784,-7.734324446742338
99846,PA,2021,2022,57.60677966101695,58.51251178921569,-0.9057321281987356,0.9057321281987356,-1.572266551833747
99876,PA,2021,2022,55.20892857142857,56.01472385533618,-0.8057952839076066,0.8057952839076066,-1.4595379855363058
99882,PA,2021,2022,69.51428571428572,72.2370330281734,-2.7227473138876803,2.7227473138876803,-3.9168169332539584
99888,PA,2021,2022,103.98617571059432,130.40481976668767,-26.418644056093342,26.418644056093342,-25.405919465313847
99900,PA,2021,2022,59.78395061728395,56.3516738302358,3.4322767870481528,3.4322767870481528,5.741134119791438
99906,PA,2021,2022,59.43525641025641,59.89214461125061,-0.45688820099420013,0.45688820099420013,-0.7687157902381953
99912,PA,2021,2022,63.44501510574018,68.11928724672515,-4.674272140984968,4.674272140984968,-7.367437982628935
99930,PA,2021,2022,58.99594594594595,62.62452512780579,-3.628579181859841,3.628579181859841,-6.150556828403881
99936,PA,2021,2022,55.60576923076923,55.30294500590625,0.3028242248629809,0.3028242248629809,0.5445913779310048
99942,PA,2021,2022,59.01639344262295,66.0777112548304,-7.061317812207456,7.061317812207456,-11.965010737351523
99954,PA,2021,2022,51.22142857142857,48.81687588974441,2.4045526816841587,2.4045526816841587,4.6944272128821956
99966,PA,2021,2022,54.96829268292683,56.27977787733496,-1.311485194408128,1.311485194408128,-2.3858939952404157
99972,PA,2021,2022,71.71564885496183,74.11315097362602,-2.3975021186641925,2.3975021186641925,-3.3430668995450574
99984,PA,2021,2022,67.20111111111112,67.54739953765721,-0.3462884265460957,0.3462884265460957,-0.5153016383516908
99996,PA,2021,2022,54.66546762589928,53.781393586298066,0.8840740396012166,0.8840740396012166,1.6172440811287634
