zip,state,from_year,to_year,actual,predicted,error,abs_error,pct_error
10206,MA,2021,2022,126.72183507549362,151.5550440141099,-24.833208938616295,24.833208938616295,-19.59662983401565
10212,MA,2021,2022,71.02609727164888,74.88082588366996,-3.854728612021077,3.854728612021077,-5.427200367321533
10308,MA,2021,2022,134.125,134.29943390081195,-0.1744339008119482,0.1744339008119482,-0.13005323452894554
10314,MA,2021,2022,173.96785714285716,222.2128973794374,-48.24504023658025,48.24504023658025,-27.732157554233066
10320,MA,2021,2022,195.0345701357466,251.49161836866188,-56.45704823291527,56.45704823291527,-28.947200587885742
10326,MA,2021,2022,134.17252631578947,158.33814869107633,-24.16562237528686,24.16562237528686,-18.01085739297363
10380,MA,2021,2022,195.7249645390071,260.02974725269377,-64.30478271368668,64.30478271368668,-32.85466566063474
10386,MA,2021,2022,80.90958904109588,69.8476515117363,11.061937529359582,11.061937529359582,13.671973446486007
10440,MA,2021,2022,204.42307692307693,266.09708426020273,-61.6740073371258,61.6740073371258,-30.169787220419014
10446,MA,2021,2022,336.38671875,514.8732209720214,-178.4865022220214,178.4865022220214,-53.05991356771466
10452,MA,2021,2022,347.64785553047403,679.6310894935617,-331.9832339630877,331.9832339630877,-95.4941124134122
10470,MA,2021,2022,146.75416666666666,180.69010082837696,-33.93593416171029,33.93593416171029,-23.124341156726018
10476,MA,2021,2022,152.94691689008042,185.61798384870022,-32.671066958619804,32.671066958619804,-21.36104971772643
10482,MA,2021,2022,102.31067961165049,113.07297041055588,-10.762290798905397,10.762290798905397,-10.51922520674944
10488,MA,2021,2022,229.6246311010216,307.52759566114577,-77.90296456012416,77.90296456012416,-33.92622306526487
10494,MA,2021,2022,97.1173112338858,108.91061495864666,-11.793303724760861,11.793303724760861,-12.143358969606632
10512,MA,2021,2022,90.57592067988668,93.16570912285053,-2.589788442963851,2.589788442963851,-2.8592460595754563
10524,MA,2021,2022,103.39396551724138,111.4113154634643,-8.017349946222922,8.017349946222922,-7.754175890357928
10536,MA,2021,2022,146.05766871165645,179.5887513590091,-33.53108264735266,33.53108264735266,-22.957426982864504
10542,MA,2021,2022,86.05069033530572,93.37334222370943,-7.322651888403712,7.322651888403712,-8.50969569200458
10560,MA,2021,2022,163.20147702407002,189.5820172177353,-26.380540193665297,26.380540193665297,-16.16440039312544
10620,MA,2021,2022,426.30758293838863,784.8766864446978,-358.5691035063092,358.5691035063092,-84.11042117403078
10632,MA,2021,2022,294.6722,435.5228300799761,-140.8506300799761,140.8506300799761,-47.7990899989806
10638,MA,2021,2022,432.8868965517241,620.2376509315105,-187.35075437978645,187.35075437978645,-43.27937756309531
10650,MA,2021,2022,199.2125,227.85405498634233,-28.641554986342328,28.641554986342328,-14.37738846023333
10656,MA,2021,2022,275.0082681564246,416.5333196353139,-141.52505147888928,141.52505147888928,-51.46210782229641
10668,MA,2021,2022,318.34941690962097,554.1916610264501,-235.84224411682914,235.84224411682914,-74.08282584785901
10806,MA,2021,2022,99.79385695480474,123.9124996920285,-24.118642737223766,24.118642737223766,-24.16846434560272
10818,MA,2021,2022,130.8865835777126,151.97821380415155,-21.09163022643895,21.09163022643895,-16.11443254909011
10860,MA,2021,2022,222.83134759976863,316.6102442253097,-93.77889662554108,93.77889662554108,-42.08514539614015
10926,MA,2021,2022,98.29178486997635,103.72593356095204,-5.4341486909756895,5.4341486909756895,-5.528588882747589
10944,MA,2021,2022,135.94868887313962,163.96394056359995,-28.01525169046033,28.01525169046033,-20.60722462472789
10956,MA,2021,2022,84.28525896414342,83.66824934220517,0.6170096219382515,0.6170096219382515,0.7320492687822663
10962,MA,2021,2022,147.7610465116279,182.5548532334979,-34.79380672187,34.79380672187,-23.54734724969069
10980,MA,2021,2022,71.45046863734679,73.12093956323154,-1.6704709258847572,1.6704709258847572,-2.337942574405468
10992,MA,2021,2022,69.61731927710844,69.29228578769003,0.32503348941840216,0.32503348941840216,0.4668859599787544
10998,MA,2021,2022,130.41467889908256,144.7202204263549,-14.30554152727234,14.30554152727234,-10.969272514440071
11004,MA,2021,2022,106.75014084507042,118.38197678972875,-11.631835944658334,11.631835944658334,-10.89631906110546
11010,MA,2021,2022,81.7289081885856,86.34414070115699,-4.615232512571382,4.615232512571382,-5.6470013057337685
11040,MA,2021,2022,40.96948228882834,37.25174111112266,3.717741177705676,3.717741177705676,9.074415809055608
11046,MA,2021,2022,38.12293543543544,35.81699371634606,2.3059417190893754,2.3059417190893754,6.048699274468756
11058,MA,2021,2022,47.616931216931214,46.06165041748847,1.5552807994427411,1.5552807994427411,3.26623484482286
11064,MA,2021,2022,74.8331712400139,74.55755307057517,0.2756181694387294,0.2756181694387294,0.3683101556056389
11070,MA,2021,2022,163.88586456278765,193.15898361385206,-29.273119051064413,29.273119051064413,-17.861893781479456
11100,MA,2021,2022,52.912594458438285,51.349332743261975,1.56326171517631,1.56326171517631,2.954422725206224
11106,MA,2021,2022,59.90414887126297,54.55075494645308,5.353393924809886,5.353393924809886,8.936599593985717
11112,MA,2021,2022,64.18695169350362,66.4988072977624,-2.3118556042587812,2.3118556042587812,-3.6017532275064634
11124,MA,2021,2022,57.26021775544389,55.2299303602356,2.0302873952082905,2.0302873952082905,3.545720702424792
11160,MA,2021,2022,100.2921409214092,107.41757388858332,-7.12543296717412,7.12543296717412,-7.104677297454187
11172,MA,2021,2022,97.54173764906304,105.23136246919537,-7.689624820132337,7.689624820132337,-7.8834199651006545
11178,MA,2021,2022,94.87211155378486,109.56841910516863,-14.696307551383768,14.696307551383768,-15.49065084637875
11184,MA,2021,2022,175.4985436893204,194.44762391844478,-18.949080229124377,18.949080229124377,-10.797286308352131
11202,MA,2021,2022,171.25551330798478,199.9701602146257,-28.714646906640922,28.714646906640922,-16.767137216190342
11256,MA,2021,2022,105.13423913043478,113.54533350651036,-8.411094376075582,8.411094376075582,-8.000337897190999
11274,MA,2021,2022,105.21928783382788,119.76466102749455,-14.545373193666677,14.545373193666677,-13.82386584543139
11280,MA,2021,2022,122.85399028452464,137.57543774025422,-14.721447455729574,14.721447455729574,-11.982880996893407
11316,MA,2021,2022,167.1491539081386,196.79773444062783,-29.648580532489234,29.648580532489234,-17.73779874996162
11322,MA,2021,2022,118.25081433224756,129.68859563869654,-11.437781306448983,11.437781306448983,-9.672475721234711
11340,MA,2021,2022,336.511506080449,479.1077913614388,-142.59628528098978,142.59628528098978,-42.37486169251509
11406,MA,2021,2022,54.456,50.081207058162924,4.374792941837079,4.374792941837079,8.033628878061332
11412,MA,2021,2022,49.79546814878153,48.81502944367934,0.9804387051021877,0.9804387051021877,1.9689315946840404
11424,MA,2021,2022,73.16797853309481,77.452903189225,-4.284924656130187,4.284924656130187,-5.856284049438458
11430,MA,2021,2022,53.08364825581396,53.104202609725995,-0.020554353912032752,0.020554353912032752,-0.038720688173088304
11436,MA,2021,2022,85.93287066246057,94.01965290800504,-8.08678224554447,8.08678224554447,-9.410580821056111
11442,MA,2021,2022,178.97045751633988,221.20196402416653,-42.23150650782665,42.23150650782665,-23.59691487293144
11448,MA,2021,2022,151.0026178010471,211.64427583757177,-60.64165803652466,60.64165803652466,-40.15934221512824
11478,MA,2021,2022,98.8794052863436,107.1815465040045,-8.302141217660903,8.302141217660903,-8.39622891502921
11490,MA,2021,2022,135.5383381924198,147.60899040797528,-12.070652215555498,12.070652215555498,-8.905710647285012
11526,MA,2021,2022,293.1357326478149,360.0161534389496,-66.88042079113467,66.88042079113467,-22.815512863963093
11532,MA,2021,2022,148.72840236686392,166.32025504595538,-17.59185267909146,17.59185267909146,-11.82817296436639
11538,MA,2021,2022,110.48196286472148,127.9624867031506,-17.48052383842912,17.48052383842912,-15.822061253412894
11574,MA,2021,2022,152.7378947368421,275.66422940006214,-122.92633466322005,122.92633466322005,-80.48188360525363
11580,MA,2021,2022,107.6833015873016,129.2679525249458,-21.5846509376442,21.5846509376442,-20.044566445750153
11628,MA,2021,2022,147.77490092470276,201.55506150445757,-53.780160579754806,53.780160579754806,-36.39329834987198
11640,MA,2021,2022,220.51973094170404,256.33057269268886,-35.81084175098482,35.81084175098482,-16.23929142215926
11664,MA,2021,2022,419.8125,612.6784213997322,-192.8659213997322,192.8659213997322,-45.9409668363215
11670,MA,2021,2022,234.3915174363808,310.9640681415507,-76.57255070516987,76.57255070516987,-32.66865266399984
11694,MA,2021,2022,175.03620689655173,199.5008935927487,-24.464686696196964,24.464686696196964,-13.976929190802137
11700,MA,2021,2022,181.00251256281408,206.73845034084218,-25.735937778028102,25.735937778028102,-14.218552777877516
11706,MA,2021,2022,181.683,275.9793476577474,-94.29634765774739,94.29634765774739,-51.90158003651821
11712,MA,2021,2022,90.39123505976096,95.01080425642904,-4.619569196668081,4.619569196668081,-5.110638430389755
11760,MA,2021,2022,84.29686847599164,91.22901390192017,-6.932145425928525,6.932145425928525,-8.2234910397684
11796,MA,2021,2022,159.59846153846155,161.79646169256273,-2.19800015410118,2.19800015410118,-1.3772063545684525
11814,MA,2021,2022,144.57272727272726,139.87106808766416,4.701659185063107,4.701659185063107,3.252106585907953
11820,MA,2021,2022,84.28196512122501,83.93553734578865,0.3464277754363678,0.3464277754363678,0.41103428822298044
11892,MA,2021,2022,227.8583569405099,286.5708076990989,-58.712450758589,58.712450758589,-25.7670824748016
11898,MA,2021,2022,227.19166666666663,258.58748993985466,-31.39582327318803,31.39582327318803,-13.819091049343669
11904,MA,2021,2022,296.0115183246073,371.4427689206266,-75.43125059601925,75.43125059601925,-25.482538998128128
11910,MA,2021,2022,180.56059322033897,216.8919492712261,-36.33135605088714,36.33135605088714,-20.121420406805935
12114,MA,2021,2022,89.41974248927039,94.92879097235448,-5.5090484830840865,5.5090484830840865,-6.160886097100006
12126,MA,2021,2022,159.77777777777777,189.99697707393472,-30.219199296156944,30.219199296156944,-18.913267987859005
12150,MA,2021,2022,336.12208436724563,496.77929402898985,-160.65720966174422,160.65720966174422,-47.797278766786064
12156,MA,2021,2022,148.01328358208954,183.87525135141874,-35.8619677693292,35.8619677693292,-24.228884665908936
12180,MA,2021,2022,606.1163763066202,894.7999941914868,-288.68361788486663,288.68361788486663,-47.628414141186035
12192,MA,2021,2022,142.91585365853658,158.697904852448,-15.782051193911428,15.782051193911428,-11.04289747421506
12210,MA,2021,2022,133.10398773006136,166.19251762127843,-33.088529891217064,33.088529891217064,-24.859157456891175
12228,MA,2021,2022,132.48918283362727,146.6837715961057,-14.194588762478418,14.194588762478418,-10.713771840757152
12258,MA,2021,2022,309.6999159663865,484.53144204390196,-174.83152607751543,174.83152607751543,-56.45191266260817
12270,MA,2021,2022,119.54628975265018,132.85452390513606,-13.30823415248588,13.30823415248588,-11.13228539339997
12288,MA,2021,2022,122.26663980660756,136.84612129734424,-14.579481490736683,14.579481490736683,-11.924333173625644
12300,MA,2021,2022,126.6344747081712,141.49469126610012,-14.860216557928922,14.860216557928922,-11.734732261632743
12312,MA,2021,2022,255.60112540192927,358.3588764987247,-102.75775109679546,102.75775109679546,-40.20238601657575
12318,MA,2021,2022,137.1587808417997,160.64319968525655,-23.484418843456837,23.484418843456837,-17.122067358227685
12324,MA,2021,2022,129.13189300411523,147.91026832440573,-18.778375320290507,18.778375320290507,-14.542011956482408
12336,MA,2021,2022,177.770703125,204.16596209489236,-26.395258969892353,26.395258969892353,-14.847924042541727
12366,MA,2021,2022,237.7610701107011,327.7723640686711,-90.01129395797,90.01129395797,-37.85787720254662
12372,MA,2021,2022,111.36145320197043,120.76379437154989,-9.402341169579458,9.402341169579458,-8.443084118637465
12396,MA,2021,2022,203.6770508826584,237.9579011842952,-34.280850301636804,34.280850301636804,-16.830983241890394
12402,MA,2021,2022,195.9929561200924,229.92097390512433,-33.928017785031926,33.928017785031926,-17.310835275244756
12426,MA,2021,2022,144.79166666666666,170.7547310838189,-25.963064417152253,25.963064417152253,-17.931325065083573
12432,MA,2021,2022,83.03858520900322,90.28232284427932,-7.243737635276105,7.243737635276105,-8.723339417505784
12486,MA,2021,2022,145.9931001890359,170.15144066438296,-24.158340475347046,24.158340475347046,-16.547590566996767
12540,MA,2021,2022,288.9645649432535,411.1595102169531,-122.1949452736996,122.1949452736996,-42.2871729264438
12558,MA,2021,2022,153.99026687598115,175.0650087677385,-21.074741891757355,21.074741891757355,-13.685762301282509
12648,MA,2021,2022,868.8951612903226,1361.1704662997313,-492.2753050094087,492.2753050094087,-56.655316652744666
12654,MA,2021,2022,452.1733840304183,488.63438443559016,-36.46100040517189,36.46100040517189,-8.063499907973156
12660,MA,2021,2022,783.0213389121338,2367.508386648158,-1584.4870477360244,1584.4870477360244,-202.35553860350498
12666,MA,2021,2022,261.4827027027027,424.7055348535548,-163.22283215085213,163.22283215085213,-62.42203804066963
12678,MA,2021,2022,108.72599531615926,112.42030602894845,-3.694310712789189,3.694310712789189,-3.39781733158356
12684,MA,2021,2022,199.5203196347032,255.94077526040124,-56.420455625698025,56.420455625698025,-28.27804993947325
12690,MA,2021,2022,213.3433936022253,347.65680361872154,-134.31341001649625,134.31341001649625,-62.9564420761587
12696,MA,2021,2022,569.0280834914611,1210.5292506720123,-641.5011671805512,641.5011671805512,-112.73629295137904
12708,MA,2021,2022,210.0062288422478,316.3017064378339,-106.2954775955861,106.2954775955861,-50.615392782198384
12714,MA,2021,2022,52.10875856816451,54.612216817698304,-2.503458249533793,2.503458249533793,-4.804294553014478
12720,MA,2021,2022,49.16583969465649,41.451192418708594,7.714647275947897,7.714647275947897,15.691071939093415
12726,MA,2021,2022,43.49908045977011,43.958322840707396,-0.4592423809372832,0.4592423809372832,-1.0557519287379211
12732,MA,2021,2022,69.1448220064725,70.72283944188398,-1.578017435411482,1.578017435411482,-2.282191767394769
12744,MA,2021,2022,62.75972723626153,66.24752970923234,-3.487802472970806,3.487802472970806,-5.557389470226396
12750,MA,2021,2022,71.92001153402538,72.15625385025218,-0.23624231622680725,0.23624231622680725,-0.32847925241925324
12756,MA,2021,2022,52.22444253859348,56.234509476063735,-4.010066937470256,4.010066937470256,-7.678525116868115
12762,MA,2021,2022,137.83219334245325,152.8710692487386,-15.038875906285341,15.038875906285341,-10.911003838501108
12768,MA,2021,2022,72.37857762359063,73.11742220483015,-0.738844581239519,0.738844581239519,-1.0208056105798693
12774,MA,2021,2022,190.15846153846155,231.5936251629459,-41.435163624484346,41.435163624484346,-21.78980797870183
12780,MA,2021,2022,126.3944609297725,130.52501085728318,-4.130549927510671,4.130549927510671,-3.267983341299817
12786,MA,2021,2022,88.17846829880729,89.46587885303684,-1.2874105542295524,1.2874105542295524,-1.4600055762671555
12792,MA,2021,2022,131.8545890410959,141.35174030794397,-9.497151266848078,9.497151266848078,-7.202746097739568
12804,MA,2021,2022,63.3931334622824,58.312135779991635,5.080997682290764,5.080997682290764,8.015059999067333
12810,MA,2021,2022,75.74253699788584,77.43745344857935,-1.694916450693512,1.694916450693512,-2.2377339311209252
12816,MA,2021,2022,65.47860286028603,68.4462382579097,-2.967635397623667,2.967635397623667,-4.532221623536796
12828,MA,2021,2022,280.5107118175536,456.3217404316532,-175.8110286140996,175.8110286140996,-62.6753350968103
12834,MA,2021,2022,126.60247978436658,151.80190579178907,-25.19942600742249,25.19942600742249,-19.904370001553655
12840,MA,2021,2022,146.70975609756098,184.95903194206056,-38.24927584449958,38.24927584449958,-26.071392156813396
12846,MA,2021,2022,126.805625,132.59666065578836,-5.791035655788349,5.791035655788349,-4.566860228628145
12852,MA,2021,2022,197.82943548387092,244.67573415386346,-46.846298669992535,46.846298669992535,-23.680145755565242
12858,MA,2021,2022,108.47604306864064,121.81462923146479,-13.338586162824157,13.338586162824157,-12.296342847225603
12864,MA,2021,2022,126.30172537742632,142.1016281014274,-15.799902724001072,15.799902724001072,-12.509649157037533
12870,MA,2021,2022,90.57437908496732,98.05227688384772,-7.477897798880406,7.477897798880406,-8.256085081041993
12888,MA,2021,2022,70.68653036680698,69.54356157589703,1.142968790909947,1.142968790909947,1.6169541565823735
12894,MA,2021,2022,57.134908933217694,57.60402198834315,-0.46911305512545454,0.46911305512545454,-0.8210620510024419
12900,MA,2021,2022,54.47828362114076,52.81122172264609,1.6670618984946728,1.6670618984946728,3.0600484958152303
12906,MA,2021,2022,63.044911147011305,60.21341866663055,2.831492480380753,2.831492480380753,4.491230820800327
12912,MA,2021,2022,97.15591286307054,104.69285693689984,-7.536944073829304,7.536944073829304,-7.757576303617991
12930,MA,2021,2022,103.86488038277513,110.23153181833675,-6.3666514355616215,6.3666514355616215,-6.1297441561560415
12978,MA,2021,2022,115.98260869565216,96.26366402770536,19.7189446679468,19.7189446679468,17.001639202383284
13014,MA,2021,2022,84.37001266624446,87.7368015742117,-3.3667889079672335,3.3667889079672335,-3.9905042106438486
13020,MA,2021,2022,75.2529906542056,73.54291347870969,1.7100771754959112,1.7100771754959112,2.272437494682268
13026,MA,2021,2022,100.00560146923785,113.82016801736829,-13.814566548130443,13.814566548130443,-13.813792772777697
13056,MA,2021,2022,146.99837618403248,161.7060451762644,-14.70766899223193,14.70766899223193,-10.005327524039366
13080,MA,2021,2022,113.7231850117096,124.13179234728125,-10.408607335571645,10.408607335571645,-9.152581625725585
13104,MA,2021,2022,106.27525150905431,120.15541266877997,-13.88016115972566,13.88016115972566,-13.060577098274958
13116,MA,2021,2022,221.58691729323309,266.8987815416737,-45.31186424844063,45.31186424844063,-20.448799415571084
13128,MA,2021,2022,86.81286254728877,95.80475672120582,-8.991894173917046,8.991894173917046,-10.357790205361532
13134,MA,2021,2022,81.48,87.52645368285249,-6.046453682852487,6.046453682852487,-7.420782625003051
13140,MA,2021,2022,96.5527289546716,105.18203927337233,-8.629310318700732,8.629310318700732,-8.937406961072966
13146,MA,2021,2022,88.93186582809224,104.98711913764284,-16.055253309550594,16.055253309550594,-18.053431309521653
13194,MA,2021,2022,515.1447058823529,1216.4277689152066,-701.2830630328536,701.2830630328536,-136.13321752606936
13260,MA,2021,2022,352.03796909492274,529.1699767136025,-177.13200761867978,177.13200761867978,-50.31616563238334
13290,MA,2021,2022,110.2784251968504,148.98678539175813,-38.708360194907726,38.708360194907726,-35.100573957065585
13806,MA,2021,2022,52.95071190548319,56.57345149791853,-3.6227395924353445,3.6227395924353445,-6.841720275455258
13812,MA,2021,2022,55.870059556036814,58.9699195811797,-3.0998600251428883,3.0998600251428883,-5.548338501471931
13932,MA,2021,2022,94.6146153846154,94.36777737176584,0.2468380128495653,0.2468380128495653,0.26088782567698504
13944,MA,2021,2022,97.6934451219512,107.16298795036606,-9.469542828414859,9.469542828414859,-9.69311995967998
13980,MA,2021,2022,85.59283333333333,89.18715164018074,-3.5943183068474127,3.5943183068474127,-4.199321563348271
13992,MA,2021,2022,248.5914979757085,347.8473757754824,-99.25587779977391,99.25587779977391,-39.92730186189748
13998,MA,2021,2022,89.94467805519054,96.30820125186217,-6.363523196671636,6.363523196671636,-7.074930206284072
14028,MA,2021,2022,86.91880952380953,93.55049309468147,-6.631683570871942,6.631683570871942,-7.629745054268532
14034,MA,2021,2022,145.55528031290743,175.00216062022577,-29.446880307318338,29.446880307318338,-20.23071938305152
14046,MA,2021,2022,94.17521663778165,103.23316427553542,-9.05794763775377,9.05794763775377,-9.618186144017704
14058,MA,2021,2022,78.32396006655574,81.81701199562616,-3.4930519290704183,3.4930519290704183,-4.4597488764641104
14076,MA,2021,2022,80.61015267175573,85.45239223487212,-4.842239563116394,4.842239563116394,-6.006984731605678
14082,MA,2021,2022,108.53636363636365,116.9969850618267,-8.46062142546306,8.46062142546306,-7.795195215687549
14106,MA,2021,2022,89.83762268266085,94.68534076623811,-4.847718083577263,4.847718083577263,-5.396089009057114
14136,MA,2021,2022,165.30247295208656,194.7612113288891,-29.45873837680253,29.45873837680253,-17.821111717633674
14154,MA,2021,2022,110.68940042826551,117.26435892235517,-6.574958494089657,6.574958494089657,-5.9400073255891295
14160,MA,2021,2022,104.28694335049984,117.46415506527674,-13.177211714776902,13.177211714776902,-12.635533549477405
14184,MA,2021,2022,113.37757909215956,124.42997491869635,-11.052395826536781,11.052395826536781,-9.748308188475944
14202,MA,2021,2022,113.69285714285714,131.73983539318152,-18.046978250324386,18.046978250324386,-15.873449488254158
14208,MA,2021,2022,68.32624728850325,71.72853626950406,-3.402288981000808,3.402288981000808,-4.979475847158499
14220,MA,2021,2022,76.87896950578339,82.38372090492355,-5.5047513991401615,5.5047513991401615,-7.160282499267963
14250,MA,2021,2022,112.25051546391752,127.3112412621468,-15.06072579822927,15.06072579822927,-13.417066047300674
14274,MA,2021,2022,99.0911980440098,106.27834996620003,-7.187151922190225,7.187151922190225,-7.253067945548669
14292,MA,2021,2022,78.8052247873633,82.35776406180102,-3.55253927443772,3.55253927443772,-4.507999671371259
14520,MA,2021,2022,352.89470013947,491.0597876165864,-138.1650874771164,138.1650874771164,-39.15193042641649
14526,MA,2021,2022,338.9785547785548,490.7580919036433,-151.7795371250885,151.7795371250885,-44.775557328174294
14670,MA,2021,2022,366.52974051896206,545.2786788102223,-178.7489382912603,178.7489382912603,-48.76792208953448
14676,MA,2021,2022,220.6581625441696,291.12944501945094,-70.47128247528133,70.47128247528133,-31.936857292181493
14706,MA,2021,2022,111.39710144927535,134.0061225618723,-22.60902111259695,22.60902111259695,-20.295879173204487
14712,MA,2021,2022,108.53298662704309,138.2505708646158,-29.717584237572723,29.717584237572723,-27.381154026188025
14718,MA,2021,2022,96.96784523015344,109.41741787897622,-12.44957264882278,12.44957264882278,-12.838866965924309
14748,MA,2021,2022,273.2343122102009,409.94957351549783,-136.7152613052969,136.7152613052969,-50.03590515385965
14754,MA,2021,2022,420.751100811124,567.1609272953181,-146.40982648419407,146.40982648419407,-34.79725334097646
14760,MA,2021,2022,243.1035343035343,265.63650031371674,-22.532966010182435,22.532966010182435,-9.268876355391944
14766,MA,2021,2022,272.99663865546216,343.16825173337884,-70.17161307791667,70.17161307791667,-25.704204060357455
14772,MA,2021,2022,191.8281690140845,266.4234433495204,-74.59527433543593,74.59527433543593,-38.88650698113006
14784,MA,2021,2022,164.35723270440252,175.10222431897085,-10.744991614568335,10.744991614568335,-6.537583675367221
14790,MA,2021,2022,452.31157718120807,768.2447899705176,-315.9332127893095,315.9332127893095,-69.84857976844096
14796,MA,2021,2022,197.73859154929576,308.35751769257377,-110.618926143278,110.618926143278,-55.94200164801971
14802,MA,2021,2022,411.3291348600509,981.0737719539545,-569.7446370939036,569.7446370939036,-138.5130759793496
14808,MA,2021,2022,531.754752851711,802.6694529530366,-270.9147001013256,270.9147001013256,-50.94730205013792
14832,MA,2021,2022,119.47929423975091,124.38827106131579,-4.9089768215648775,4.9089768215648775,-4.108642298902746
14844,MA,2021,2022,162.7367616400278,198.8284020149042,-36.09164037487642,36.09164037487642,-22.17792710826506
14856,MA,2021,2022,178.69269406392695,235.53113673198422,-56.83844266805727,56.83844266805727,-31.807927551712567
14868,MA,2021,2022,256.49458204334366,358.52057449453025,-102.0259924511866,102.0259924511866,-39.77705557692668
14886,MA,2021,2022,651.1802228412256,1195.8692043873873,-544.6889815461617,544.6889815461617,-83.64642574210531
14892,MA,2021,2022,469.1713131313131,821.1476748276549,-351.97636169634177,351.97636169634177,-75.020861643736
14952,MA,2021,2022,386.3578252032521,528.8224764510337,-142.4646512477816,142.4646512477816,-36.87375845767713
14958,MA,2021,2022,920.909980806142,1491.9536600890183,-571.0436792828763,571.0436792828763,-62.00863180818158
14964,MA,2021,2022,228.0947876447877,290.05249626396005,-61.957708619172365,61.957708619172365,-27.16314092878755
15192,MA,2021,2022,89.83500761035008,94.09159561632421,-4.2565880059741374,4.2565880059741374,-4.738228580595932
15210,MA,2021,2022,178.62839506172838,354.52886495540395,-175.90046989367556,175.90046989367556,-98.47284908588574
15216,MA,2021,2022,95.98938740293356,113.33055449675082,-17.341167093817262,17.341167093817262,-18.06571284909283
15222,MA,2021,2022,130.82072072072071,165.06066975978234,-34.23994903906163,34.23994903906163,-26.173184836795016
15228,MA,2021,2022,60.45560165975104,65.6115872260271,-5.155985566276058,5.155985566276058,-8.528548926358152
15234,MA,2021,2022,115.00979228486646,182.6179593088281,-67.60816702396163,67.60816702396163,-58.78470492017212
15240,MA,2021,2022,137.03273137697516,184.1082302273129,-47.07549885033774,47.07549885033774,-34.35347042804955
15252,MA,2021,2022,53.44166666666667,54.14609744346203,-0.7044307767953626,0.7044307767953626,-1.3181302544120304
15258,MA,2021,2022,155.90217391304347,192.38995013496705,-36.48777622192358,36.48777622192358,-23.404276737202608
15324,MA,2021,2022,132.44865229110513,196.4052229115696,-63.956570620464475,63.956570620464475,-48.28782287636732
15336,MA,2021,2022,139.66995073891624,203.44239274989417,-63.772442010977926,63.772442010977926,-45.65938605519177
15354,MA,2021,2022,106.65549738219896,149.0654697046395,-42.40997232244054,42.40997232244054,-39.76351277090275
15372,MA,2021,2022,107.59462365591398,119.17573797221691,-11.58111431630293,11.58111431630293,-10.763655211378556
15378,MA,2021,2022,111.34135472370768,123.22774149936812,-11.88638677566044,11.88638677566044,-10.675626145520122
15408,MA,2021,2022,91.97234927234928,113.28498509354763,-21.312635821198356,21.312635821198356,-23.172873140477474
15426,MA,2021,2022,77.34145077720207,81.74530491872596,-4.403854141523894,4.403854141523894,-5.694041289980582
15456,MA,2021,2022,73.1353982300885,78.59226577898406,-5.456867548895559,5.456867548895559,-7.461321987648055
15606,MA,2021,2022,58.286546610169495,71.79087696759397,-13.504330357424479,13.504330357424479,-23.16886338753911
15780,MA,2021,2022,159.8575221238938,185.3245768636483,-25.467054739754502,25.467054739754502,-15.931095641540635
15786,MA,2021,2022,103.9627416520211,121.34668342765355,-17.38394177563245,17.38394177563245,-16.721319098931726
15792,MA,2021,2022,94.19285714285714,110.36644397765635,-16.17358683479921,16.17358683479921,-17.17071477115257
15798,MA,2021,2022,165.14857142857142,227.65231882364617,-62.503747395074754,62.503747395074754,-37.846980361018936
15810,MA,2021,2022,134.84341463414634,158.7125089493827,-23.869094315236367,23.869094315236367,-17.701342242034865
15828,MA,2021,2022,112.60710382513662,176.8236176975562,-64.21651387241957,64.21651387241957,-57.02705397000442
15834,MA,2021,2022,65.91623036649214,74.69808738039255,-8.781857013900407,8.781857013900407,-13.32275369066702
15852,MA,2021,2022,107.76153846153846,123.32213433018723,-15.560595868648761,15.560595868648761,-14.439841979615526
15864,MA,2021,2022,91.69684684684684,99.2376062464665,-7.54075939961966,7.54075939961966,-8.223575465156753
15870,MA,2021,2022,98.00580204778156,110.80994581463982,-12.80414376685826,12.80414376685826,-13.06467933461302
15876,MA,2021,2022,128.30944881889764,193.41853229055567,-65.10908347165804,65.10908347165804,-50.74379484207453
15888,MA,2021,2022,100.48676122931442,112.8153296636208,-12.328568434306376,12.328568434306376,-12.268848436832528
15894,MA,2021,2022,109.511843575419,142.3402531017686,-32.82840952634962,32.82840952634962,-29.9770403406105
15900,MA,2021,2022,164.05689655172415,236.91952088137302,-72.86262432964887,72.86262432964887,-44.413021251244146
15918,MA,2021,2022,136.73219814241486,151.94092992708832,-15.20873178467346,15.20873178467346,-11.123006863996032
15930,MA,2021,2022,258.59447004608296,409.5227676507054,-150.92829760462246,150.92829760462246,-58.364858915090565
15942,MA,2021,2022,153.32162162162163,176.78018088999733,-23.458559268375694,23.458559268375694,-15.300229035059681
15954,MA,2021,2022,140.7,164.20768188284154,-23.507681882841553,23.507681882841553,-16.707663029738136
15960,MA,2021,2022,85.7041095890411,98.66508630586185,-12.960976716820753,12.960976716820753,-15.122934919888673
15984,MA,2021,2022,76.1419298245614,99.99109725966652,-23.849167435105116,23.849167435105116,-31.321989723738252
16002,MA,2021,2022,111.39888888888888,128.31107182950066,-16.912182940611785,16.912182940611785,-15.181644188103421
16008,MA,2021,2022,118.9537634408602,130.49574825433217,-11.54198481347197,11.54198481347197,-9.702916897799755
16020,MA,2021,2022,108.15154639175258,138.36313873443345,-30.211592342680873,30.211592342680873,-27.934498720200224
16026,MA,2021,2022,115.83116883116882,183.3547445730274,-67.52357574185858,67.52357574185858,-58.29482377086121
16038,MA,2021,2022,68.08371212121212,77.69406324147107,-9.610351120258954,9.610351120258954,-14.115492268032137
16050,MA,2021,2022,103.03080808080809,126.81189415201419,-23.781086071206104,23.781086071206104,-23.081529218478384
16212,MA,2021,2022,96.79347826086956,114.22543993012485,-17.431961669255287,17.431961669255287,-18.009438220903835
16218,MA,2021,2022,81.42985446985448,87.56016664497551,-6.130312175121034,6.130312175121034,-7.528334927075782
16290,MA,2021,2022,105.8745,100.99023185435448,4.884268145645521,4.884268145645521,4.613262065601747
16302,MA,2021,2022,92.62593984962406,99.68127672047554,-7.055336870851477,7.055336870851477,-7.617020547705796
16308,MA,2021,2022,75.59482288828337,78.40033942939988,-2.8055165411165035,2.8055165411165035,-3.711254863659899
16314,MA,2021,2022,81.00531286894923,92.47808054349296,-11.472767674543732,11.472767674543732,-14.162981745536158
16320,MA,2021,2022,60.62296774193548,61.58065561847413,-0.9576878765386496,0.9576878765386496,-1.5797442985889592
16326,MA,2021,2022,47.45752427184466,47.60241639835945,-0.14489212651479022,0.14489212651479022,-0.3053090710860175
16338,MA,2021,2022,46.04181568088033,46.46621033875012,-0.42439465786979014,0.42439465786979014,-0.9217591695586136
16344,MA,2021,2022,46.9575,47.058566102035634,-0.10106610203563093,0.10106610203563093,-0.21522888151121958
16350,MA,2021,2022,77.80220588235294,88.55621016979806,-10.754004287445127,10.754004287445127,-13.822235713607633
16356,MA,2021,2022,83.12497041420119,86.26486398063109,-3.1398935664299046,3.1398935664299046,-3.7773169130577893
16428,MA,2021,2022,157.72210526315789,214.74289887669698,-57.0207936135391,57.0207936135391,-36.15269623645996
16434,MA,2021,2022,144.37728459530027,169.51528424411703,-25.13799964881676,25.13799964881676,-17.411325970896563
16440,MA,2021,2022,50.72795487984306,50.3235417951361,0.4044130847069596,0.4044130847069596,0.7972193747311004
16458,MA,2021,2022,89.108957952468,89.18908576106445,-0.08012780859644408,0.08012780859644408,-0.08992115993454373
16464,MA,2021,2022,46.32228070175439,43.05789334617491,3.26438735557948,3.26438735557948,7.0471213984415195
16470,MA,2021,2022,63.58435321456236,62.83316871819845,0.751184496363912,0.751184496363912,1.1813983446982246
16476,MA,2021,2022,41.333564493758665,38.72216847373292,2.611396020025744,2.611396020025744,6.31785826363962
16482,MA,2021,2022,93.18032128514056,97.8970457580511,-4.716724472910542,4.716724472910542,-5.061931970031441
16488,MA,2021,2022,146.05584,161.84339936508917,-15.78755936508918,15.78755936508918,-10.80926265261915
16560,MA,2021,2022,110.17275185936444,128.68178777390642,-18.509035914541982,18.509035914541982,-16.800012346218576
16572,MA,2021,2022,101.52271844660194,112.16860944263739,-10.645890996035448,10.645890996035448,-10.486215458892467
16578,MA,2021,2022,110.7780701754386,130.71888248860444,-19.940812313165836,19.940812313165836,-18.000685768930335
16584,MA,2021,2022,109.83603603603603,97.43204269796074,12.403993338075296,12.403993338075296,11.293191001544955
16596,MA,2021,2022,100.51972428419936,113.10554243566584,-12.585818151466484,12.585818151466484,-12.520744800177333
16602,MA,2021,2022,98.57512195121951,107.49092034258454,-8.91579839136503,8.91579839136503,-9.044673965280069
16614,MA,2021,2022,120.2197640117994,133.7933192994281,-13.573555287628707,13.573555287628707,-11.290618808980927
16620,MA,2021,2022,111.8094155844156,123.99954323355998,-12.190127649144372,12.190127649144372,-10.902594907081758
16626,MA,2021,2022,99.53321212121212,109.47036849506912,-9.937156373857007,9.937156373857007,-9.983759352361181
16662,MA,2021,2022,89.56305309734513,91.63197352776336,-2.068920430418231,2.068920430418231,-2.3100155241129885
16674,MA,2021,2022,99.17027777777778,106.51562209608218,-7.345344318304399,7.345344318304399,-7.406800185398245
16680,MA,2021,2022,64.58097507331378,67.06870687920492,-2.487731805891144,2.487731805891144,-3.852112488340436
16740,MA,2021,2022,98.8250547045952,114.50940126653666,-15.684346561941453,15.684346561941453,-15.870820015050452
16824,RI,2021,2022,76.50333333333333,78.72341755009987,-2.220084216766537,2.220084216766537,-2.9019444252100612
16836,RI,2021,2022,240.56139315230223,267.7725181652007,-27.211125012898492,27.211125012898492,-11.311509571974756
16848,RI,2021,2022,65.63418803418803,66.74434695286826,-1.1101589186802272,1.1101589186802272,-1.6914339187101077
16854,RI,2021,2022,99.70897072710105,104.3661518645339,-4.6571811374328576,4.6571811374328576,-4.670774458377824
16872,RI,2021,2022,86.41388888888889,93.3715867917711,-6.957697902882202,6.957697902882202,-8.051596788831503
16878,RI,2021,2022,117.37527352297592,130.49334180813835,-13.118068285162437,13.118068285162437,-11.176176967625645
16884,RI,2021,2022,91.48533653846154,98.32991502585264,-6.844578487391104,6.844578487391104,-7.481612623803992
16890,RI,2021,2022,87.94,95.55091441594627,-7.610914415946269,7.610914415946269,-8.6546672912739
16896,RI,2021,2022,80.08336134453782,90.80087266783462,-10.717511323296804,10.717511323296804,-13.382943901652055
16902,RI,2021,2022,108.14293785310734,106.89862839152607,1.2443094615812669,1.2443094615812669,1.1506155522346144
16908,RI,2021,2022,188.9570038910506,221.80334837948686,-32.84634448843627,32.84634448843627,-17.38297274620999
16932,RI,2021,2022,115.62134146341464,133.6141921849396,-17.992850721524974,17.992850721524974,-15.561876807335212
16950,RI,2021,2022,90.053,101.52585807702711,-11.472858077027112,11.472858077027112,-12.740117571904447
16962,RI,2021,2022,86.33388429752065,89.65560194235775,-3.3217176448370935,3.3217176448370935,-3.8475248413356598
16968,RI,2021,2022,101.71446700507614,109.87954281346035,-8.165075808384202,8.165075808384202,-8.027447863416242
16980,RI,2021,2022,81.69178470254957,85.32805495373768,-3.636270251188108,3.636270251188108,-4.4512067699686595
16986,RI,2021,2022,104.2283185840708,114.04971098819678,-9.821392404125973,9.821392404125973,-9.422959650072466
16992,RI,2021,2022,83.59098039215687,88.25253370517639,-4.661553313019525,4.661553313019525,-5.576622371397509
16998,RI,2021,2022,66.63225806451612,83.42110446830496,-16.78884640378884,16.78884640378884,-25.196274134268688
17010,RI,2021,2022,193.95396825396824,210.80970329162363,-16.855735037655393,16.855735037655393,-8.69058529165233
17022,RI,2021,2022,132.2242105263158,155.09064631369935,-22.86643578738355,22.86643578738355,-17.29368297709184
17028,RI,2021,2022,64.56216216216217,67.50331329476356,-2.941151132601391,2.941151132601391,-4.555533820589897
17034,RI,2021,2022,72.86262626262626,73.99670351431905,-1.134077251692787,1.134077251692787,-1.5564594770508486
17040,RI,2021,2022,112.63940754039496,133.90995491503543,-21.270547374640472,21.270547374640472,-18.88375288818204
17052,RI,2021,2022,95.69988439306358,102.66690428642688,-6.9670198933633,6.9670198933633,-7.280071378924546
17112,RI,2021,2022,108.93423284502698,132.02651490500003,-23.092282059973044,23.092282059973044,-21.19837029818239
17142,RI,2021,2022,100.41354838709675,107.47328123585908,-7.059732848762323,7.059732848762323,-7.030657677335409
17148,RI,2021,2022,80.06451612903226,82.00731450759537,-1.9427983785631113,1.9427983785631113,-2.426541085231928
17154,RI,2021,2022,72.09176470588235,73.9420306074908,-1.8502659016084522,1.8502659016084522,-2.5665426684408503
17160,RI,2021,2022,49.82035928143713,50.7621358501922,-0.9417765687550741,0.9417765687550741,-1.890344795457901
17166,RI,2021,2022,57.98345712356516,57.8941987954575,0.0892583281076611,0.0892583281076611,0.1539375755354633
17178,RI,2021,2022,36.48360836083609,33.31652788858233,3.167080472253758,3.167080472253758,8.680831240512688
17184,RI,2021,2022,95.67850078084332,102.27247865716873,-6.593977876325411,6.593977876325411,-6.891807273850651
17190,RI,2021,2022,124.47469135802469,142.32804128742507,-17.85334992940038,17.85334992940038,-14.342955772470292
17226,RI,2021,2022,121.99516806722689,142.70900228390136,-20.71383421667447,20.71383421667447,-16.97922511591596
17244,RI,2021,2022,156.07583081570996,171.7827143941139,-15.706883578403932,15.706883578403932,-10.063623237700517
17250,RI,2021,2022,59.61363636363637,66.76396765753542,-7.15033129389905,7.15033129389905,-11.994455849468478
17256,RI,2021,2022,87.68412698412699,89.12577383667798,-1.4416468525509885,1.4416468525509885,-1.6441366324055007
17268,RI,2021,2022,92.70378874856486,101.6876647891176,-8.983876040552744,8.983876040552744,-9.69094808510922
17274,RI,2021,2022,112.7864960282436,128.54192708889883,-15.755431060655226,15.755431060655226,-13.969253071493423
17286,RI,2021,2022,106.46810344827588,106.72617834751611,-0.25807489924022775,0.25807489924022775,-0.2423964463362543
17292,RI,2021,2022,134.81466458658346,194.19231794977355,-59.37765336319009,59.37765336319009,-44.043912837876285
17310,RI,2021,2022,82.12922824302134,97.37643286718732,-15.247204624165974,15.247204624165974,-18.564894557451968
17316,RI,2021,2022,83.47350374064838,95.0747924019422,-11.601288661293822,11.601288661293822,-13.898169049353609
17328,RI,2021,2022,73.28028933092224,78.34725220561816,-5.066962874695918,5.066962874695918,-6.914496273089632
17334,RI,2021,2022,73.08774983881366,80.42767477714905,-7.339924938335386,7.339924938335386,-10.042619939076955
17346,RI,2021,2022,107.94522028262676,124.50249418695957,-16.557273904332803,16.557273904332803,-15.338589203840472
17352,RI,2021,2022,97.6541958041958,106.0733820627866,-8.419186258590813,8.419186258590813,-8.621428080235212
17358,RI,2021,2022,61.83832518337408,66.2462390241011,-4.407913840727019,4.407913840727019,-7.128126170390099
17364,RI,2021,2022,67.93404255319149,74.6637432136282,-6.729700660436706,6.729700660436706,-9.906227286809019
17370,RI,2021,2022,51.40059820538385,51.17187796815702,0.2287202372268311,0.2287202372268311,0.44497582754372356
17376,RI,2021,2022,91.77810858143609,99.74973182024634,-7.971623238810253,7.971623238810253,-8.68575672567594
17388,RI,2021,2022,86.24873949579832,97.63419767266859,-11.385458176870273,11.385458176870273,-13.20072414209013
17418,RI,2021,2022,116.36065891472867,146.80248391676872,-30.441825002040048,30.441825002040048,-26.1616127701274
17424,RI,2021,2022,62.512879256965945,64.08759079006285,-1.5747115330969024,1.5747115330969024,-2.5190193633921107
17430,RI,2021,2022,57.39801829268293,59.64035058018663,-2.2423322875037,2.2423322875037,-3.9066371178002006
17436,RI,2021,2022,164.2148753894081,214.0014050294607,-49.786529640052606,49.786529640052606,-30.31791701086286
17442,RI,2021,2022,37.16018766756032,35.83510789028774,1.3250797772725846,1.3250797772725846,3.565858679527977
17448,RI,2021,2022,51.58120380147835,50.05396949865447,1.527234302823885,1.527234302823885,2.9608349365047455
17454,RI,2021,2022,40.88993821712268,38.863549414400694,2.026388802721989,2.026388802721989,4.95571500245857
17460,RI,2021,2022,59.362773722627736,59.72188751854957,-0.3591137959218358,0.3591137959218358,-0.6049478038202749
17466,RI,2021,2022,66.80672963400237,68.9161954781675,-2.109465844165129,2.109465844165129,-3.157564897610977
17484,RI,2021,2022,60.149825174825175,60.20401741968239,-0.0541922448572123,0.0541922448572123,-0.09009543203110368
17490,RI,2021,2022,69.0318429661941,73.44540995675709,-4.413566990562984,4.413566990562984,-6.39352333780857
17496,RI,2021,2022,91.7268131868132,112.95432688435045,-21.227513697537248,21.227513697537248,-23.142103121259368
17502,RI,2021,2022,118.57948328267476,108.15328204492947,10.426201237745289,10.426201237745289,8.792584475082315
17514,RI,2021,2022,70.96672694394213,74.51863450586227,-3.5519075619201317,3.5519075619201317,-5.005032238172468
17520,RI,2021,2022,69.67831014940752,73.61890245182755,-3.940592302420029,3.940592302420029,-5.655407391439926
17526,RI,2021,2022,125.55372023809524,139.11118880398675,-13.557468565891512,13.557468565891512,-10.798141656162517
18186,NH,2021,2022,164.99071310116085,195.7585880064887,-30.767874905327858,30.767874905327858,-18.648246514616332
18192,NH,2021,2022,134.43569131832797,144.83348429710742,-10.39779297877945,10.39779297877945,-7.73439915904378
18198,NH,2021,2022,129.21267605633804,168.07592502391162,-38.86324896757358,38.86324896757358,-30.07696315385405
18204,NH,2021,2022,101.79828326180258,111.68009778836361,-9.88181452656103,9.88181452656103,-9.707250662712255
18216,NH,2021,2022,114.54375,127.28431916037763,-12.740569160377632,12.740569160377632,-11.122884627382664
18222,NH,2021,2022,108.45755102040816,113.98011604684199,-5.522565026433824,5.522565026433824,-5.09191381741107
18228,NH,2021,2022,86.48874024526198,85.28236584394841,1.2063744013135675,1.2063744013135675,1.3948340534184795
18252,NH,2021,2022,89.63232323232323,93.1794812043187,-3.5471579719954747,3.5471579719954747,-3.9574540122109627
18258,NH,2021,2022,116.81071428571428,125.2169682418348,-8.406253956120523,8.406253956120523,-7.196475090083916
18264,NH,2021,2022,93.24325396825397,99.0322867120736,-5.789032743819632,5.789032743819632,-6.208527156067069
18270,NH,2021,2022,96.09888268156423,98.83849654095657,-2.7396138593923354,2.7396138593923354,-2.850828004390427
18276,NH,2021,2022,116.2691823899371,141.5714350458615,-25.302252655924406,25.302252655924406,-21.76178772038417
18282,NH,2021,2022,89.47191011235955,97.11750484304747,-7.645594730687918,7.645594730687918,-8.545245900178635
18288,NH,2021,2022,77.5835294117647,79.94683890080977,-2.363309489045065,2.363309489045065,-3.04614846342205
18294,NH,2021,2022,309.2975,329.3270293812352,-20.029529381235193,20.029529381235193,-6.475813539144413
18306,NH,2021,2022,97.24285714285716,100.97560916530847,-3.732752022451308,3.732752022451308,-3.8385873596531734
18312,NH,2021,2022,106.37158351409978,114.75249521837745,-8.380911704277665,8.380911704277665,-7.8789009502399265
18318,NH,2021,2022,111.51958393113344,112.66311422923792,-1.14353029810448,1.14353029810448,-1.0254076080580097
18324,NH,2021,2022,107.00169934640525,109.07679906535408,-2.0750997189488345,2.0750997189488345,-1.9393147320314479
18330,NH,2021,2022,87.11939953810624,96.16826798251624,-9.048868444410004,9.048868444410004,-10.386743357261096
18342,NH,2021,2022,146.95724637681158,151.21817644485543,-4.260930068043848,4.260930068043848,-2.8994351575685084
18360,NH,2021,2022,62.75754593175853,62.59048087038946,0.1670650613690654,0.1670650613690654,0.2662071291804958
18372,NH,2021,2022,115.07041800643088,140.90700377700986,-25.836585770578978,25.836585770578978,-22.452847758956658
18378,NH,2021,2022,98.51917960088691,104.45302875986124,-5.933849158974326,5.933849158974326,-6.023039557386759
18384,NH,2021,2022,96.1069306930693,93.08950707508146,3.017423617987845,3.017423617987845,3.139652464424654
18420,NH,2021,2022,113.72750809061488,123.17175436155115,-9.444246270936276,9.444246270936276,-8.30427609775057
18426,NH,2021,2022,85.42416356877324,90.25397131658278,-4.829807747809539,4.829807747809539,-5.653912834535582
18456,NH,2021,2022,119.49172056921088,126.99137399156584,-7.499653422354953,7.499653422354953,-6.2762954509564315
18462,NH,2021,2022,80.96174957118353,80.33699611627353,0.6247534549100067,0.6247534549100067,0.7716649630461707
18474,NH,2021,2022,123.33419161676646,131.58117757349314,-8.246985956726675,8.246985956726675,-6.6866988372148635
18492,NH,2021,2022,102.3529411764706,103.5351728235201,-1.1822316470495053,1.1822316470495053,-1.155053908036873
18504,NH,2021,2022,95.51857142857143,116.777140688385,-21.25856925981357,21.25856925981357,-22.255953938455495
18516,NH,2021,2022,97.4359813084112,108.39567700114385,-10.959695692732652,10.959695692732652,-11.248099054949993
18522,NH,2021,2022,213.74061302681991,269.63561332290783,-55.895000296087915,55.895000296087915,-26.15085617307286
18606,NH,2021,2022,104.91871921182266,79.94172940503972,24.97698980678294,24.97698980678294,23.80603765888178
18612,NH,2021,2022,64.50978391356543,64.3580157198557,0.15176819370972794,0.15176819370972794,0.2352638382932382
18618,NH,2021,2022,57.97660477453581,55.816691679128894,2.159913095406914,2.159913095406914,3.7254908317011006
18624,NH,2021,2022,101.71869266055046,88.83203907021513,12.886653590335328,12.886653590335328,12.66891389701586
18636,NH,2021,2022,104.37618437900127,108.77331448365973,-4.3971301046584585,4.3971301046584585,-4.212771458182454
18654,NH,2021,2022,82.79901960784314,82.61070867812695,0.1883109297161809,0.1883109297161809,0.22743135197502165
18660,NH,2021,2022,199.54802804557409,341.6642200930036,-142.11619204742954,142.11619204742954,-71.21904106963768
19296,NH,2021,2022,78.40254237288136,84.92819640469949,-6.525654031818135,6.525654031818135,-8.323268397065773
19302,NH,2021,2022,80.14406779661017,75.82765606212963,4.316411734480539,4.316411734480539,5.385815635705864
19308,NH,2021,2022,69.41176470588235,76.83013407618503,-7.418369370302685,7.418369370302685,-10.687481296198783
19320,NH,2021,2022,73.56213333333334,73.84496162541333,-0.2828282920799978,0.2828282920799978,-0.38447538055811026
19326,NH,2021,2022,101.14732142857144,97.49809225222957,3.6492291763418763,3.6492291763418763,3.607835704199939
19332,NH,2021,2022,85.05901639344262,100.66105996806579,-15.602043574623167,15.602043574623167,-18.342609915044775
19338,NH,2021,2022,84.7063063063063,101.61781502980294,-16.911508723496638,16.911508723496638,-19.96487565204764
19344,NH,2021,2022,106.93703703703704,129.42976389692313,-22.49272685988609,22.49272685988609,-21.03361705458125
19350,NH,2021,2022,79.52704081632653,81.0972987854166,-1.5702579690900649,1.5702579690900649,-1.9744956595539491
19356,NH,2021,2022,178.96320754716982,199.39573518992756,-20.432527642757748,20.432527642757748,-11.417166647156954
19362,NH,2021,2022,120.88032786885246,155.6674513876498,-34.787123518797344,34.787123518797344,-28.77815119474128
19374,NH,2021,2022,144.69935064935066,158.64409544726522,-13.944744797914552,13.944744797914552,-9.637047253727347
19380,NH,2021,2022,66.00147058823529,77.67638717081424,-11.674916582578945,11.674916582578945,-17.688873412253923
19398,NH,2021,2022,153.44,232.9860517893932,-79.5460517893932,79.5460517893932,-51.841796004557615
19404,NH,2021,2022,86.78171206225682,81.02069848639992,5.761013575856893,5.761013575856893,6.638511085980843
19410,NH,2021,2022,57.70785219399538,56.06624190974718,1.6416102842482019,1.6416102842482019,2.844691357996884
19422,NH,2021,2022,90.2230215827338,96.07048738260079,-5.847465799866995,5.847465799866995,-6.481123883115482
19440,NH,2021,2022,64.56029411764706,63.375516399078805,1.184777718568256,1.184777718568256,1.835149196206041
19446,NH,2021,2022,100.96603773584906,124.69114678022677,-23.725109044377717,23.725109044377717,-23.498108449544382
19452,NH,2021,2022,96.70691244239632,98.75128469800035,-2.0443722556040314,2.0443722556040314,-2.113987722254876
19458,NH,2021,2022,62.87272727272728,61.67681947868555,1.1959077940417302,1.1959077940417302,1.9021089841612246
19464,NH,2021,2022,72.987648456057,73.13783090350799,-0.1501824474509874,0.1501824474509874,-0.20576419521366873
19470,NH,2021,2022,123.97798165137614,177.47025183860683,-53.49227018723069,53.49227018723069,-43.14658899485071
19476,NH,2021,2022,90.07470997679816,97.53203989084476,-7.457329914046596,7.457329914046596,-8.279049597792197
19494,NH,2021,2022,137.5653164556962,141.07042166460312,-3.5051052089069117,3.5051052089069117,-2.54795707174908
19506,NH,2021,2022,166.43125,182.71983672005544,-16.288586720055434,16.288586720055434,-9.786976135825114
19518,NH,2021,2022,121.96801075268816,156.4600832242861,-34.49207247159795,34.49207247159795,-28.279605659500966
19524,NH,2021,2022,172.82125984251968,232.01717565192973,-59.19591580941005,59.19591580941005,-34.25268156438119
19530,NH,2021,2022,151.32605042016806,207.10348470910043,-55.77743428893237,55.77743428893237,-36.85910927699637
19536,NH,2021,2022,87.09516129032258,90.68606810689231,-3.5909068165697278,3.5909068165697278,-4.122969362901593
19542,NH,2021,2022,198.35983263598325,268.70396629873335,-70.3441336627501,70.3441336627501,-35.46289222366958
19548,NH,2021,2022,96.46875,99.952402624704,-3.483652624704007,3.483652624704007,-3.6111721409306194
19554,NH,2021,2022,87.45882352941176,106.60633617505627,-19.14751264564451,19.14751264564451,-21.89317426526478
19566,NH,2021,2022,83.28911290322581,91.96005181317499,-8.670938909949172,8.670938909949172,-10.410651053546452
19572,NH,2021,2022,72.36623376623376,71.66371973992312,0.702514026310638,0.702514026310638,0.9707759955837753
19578,NH,2021,2022,67.80235849056604,65.64095682830609,2.161401662259948,2.161401662259948,3.1877971657293953
19584,NH,2021,2022,78.18091603053435,76.7502333364136,1.4306826941207476,1.4306826941207476,1.8299640970719504
19596,NH,2021,2022,67.05363636363636,72.34309678978802,-5.289460426151663,5.289460426151663,-7.888402050958974
19608,NH,2021,2022,83.50857142857143,83.83814459043319,-0.32957316186175944,0.32957316186175944,-0.39465788508148286
19614,NH,2021,2022,105.66625,109.54893909369915,-3.882689093699142,3.882689093699142,-3.6744836631366606
19650,NH,2021,2022,74.41488372093023,72.70012938540538,1.7147543355248587,1.7147543355248587,2.3043163541792375
19656,NH,2021,2022,65.19663677130045,65.08491894569764,0.11171782560280974,0.11171782560280974,0.17135519734660287
19668,NH,2021,2022,86.39390243902439,93.23799414914778,-6.844091710123394,6.844091710123394,-7.921961523793716
19674,NH,2021,2022,54.40263157894737,53.717770969524466,0.6848606094229055,0.6848606094229055,1.2588740462472987
19680,NH,2021,2022,75.51940298507462,83.51552253470375,-7.996119549629128,7.996119549629128,-10.58816573432056
19686,NH,2021,2022,91.4784188034188,96.06561171308171,-4.587192909662903,4.587192909662903,-5.014508306620913
19692,NH,2021,2022,72.338,73.8876192359678,-1.5496192359678105,1.5496192359678105,-2.142192534999323
19704,NH,2021,2022,88.63913043478261,99.84704926536877,-11.207918830586152,11.207918830586152,-12.644436803035342
19710,NH,2021,2022,86.24226804123711,92.34620483118185,-6.10393678994474,6.10393678994474,-7.07766264568334
19722,NH,2021,2022,111.07466666666669,128.32231143915914,-17.24764477249245,17.24764477249245,-15.52797347054154
19740,NH,2021,2022,116.50754716981132,121.55547478226737,-5.04792761245605,5.04792761245605,-4.332704391328939
19806,NH,2021,2022,88.04887401095557,96.86359443207054,-8.81472042111497,8.81472042111497,-10.011167684004896
19818,NH,2021,2022,75.41509661835748,74.6534416029565,0.7616550154009758,0.7616550154009758,1.0099503276583675
19824,NH,2021,2022,140.04754901960786,153.3722120562752,-13.324663036667346,13.324663036667346,-9.514385028474706
19842,NH,2021,2022,82.01498371335505,91.03476867444115,-9.019784961086103,9.019784961086103,-10.997728162222813
20586,NH,2021,2022,81.5766860949209,97.10996720063076,-15.533281105709861,15.533281105709861,-19.0413239974417
20640,NH,2021,2022,78.66312056737588,79.15467871976904,-0.4915581523931536,0.4915581523931536,-0.6248902266369261
20646,NH,2021,2022,56.485,56.034518820946666,0.45048117905333385,0.45048117905333385,0.7975235532501262
20652,NH,2021,2022,70.56842105263158,66.08224381840874,4.486177234222836,4.486177234222836,6.357202226300259
20658,NH,2021,2022,95.5875,96.14428046936247,-0.5567804693624652,0.5567804693624652,-0.5824825101215798
20664,NH,2021,2022,126.7929411764706,133.08064513633457,-6.287703959863961,6.287703959863961,-4.959033130332331
20670,NH,2021,2022,80.10263157894737,77.82411174783482,2.278519831112547,2.278519831112547,2.844500594049633
20676,NH,2021,2022,75.39777070063694,74.50312723982499,0.8946434608119489,0.8946434608119489,1.1865648712136143
20682,NH,2021,2022,79.29672131147541,82.99428266775134,-3.6975613562759264,3.6975613562759264,-4.662943555701381
20688,NH,2021,2022,72.185,60.960450762075396,11.224549237924606,11.224549237924606,15.549697635138331
20694,NH,2021,2022,134.95,151.29306424011162,-16.34306424011163,16.34306424011163,-12.110458866329479
20700,NH,2021,2022,113.15471698113208,102.2278117332884,10.926905247843678,10.926905247843678,9.656606051752732
20706,NH,2021,2022,59.34720812182741,56.97301518251809,2.3741929393093173,2.3741929393093173,4.000513275090541
20712,NH,2021,2022,84.86780821917809,87.74946359217168,-2.881655372993592,2.881655372993592,-3.395463407693386
20730,NH,2021,2022,80.42782608695653,77.79492543623289,2.6329006507236414,2.6329006507236414,3.273619067954188
20736,NH,2021,2022,66.89047619047619,67.10511470081971,-0.21463851034351933,0.21463851034351933,-0.3208805237569521
20742,NH,2021,2022,103.27179487179488,137.68836345215394,-34.416568580359055,34.416568580359055,-33.32620356127726
20748,NH,2021,2022,121.09100817438691,132.4194784809331,-11.32847030654618,11.32847030654618,-9.355335691178405
20766,NH,2021,2022,110.5306896551724,117.02306590656374,-6.492376251391349,6.492376251391349,-5.873822258456823
20772,NH,2021,2022,124.25280898876404,154.3303557455249,-30.077546756760867,30.077546756760867,-24.206733836883096
20784,NH,2021,2022,85.84406779661018,90.40915761484263,-4.565089818232451,4.565089818232451,-5.31788618061354
20790,NH,2021,2022,61.92314814814815,58.89426503872941,3.028883109418743,3.028883109418743,4.891358401501625
20796,NH,2021,2022,111.32142857142856,112.48225539043158,-1.1608268190030202,1.1608268190030202,-1.0427703218506439
20802,NH,2021,2022,100.31975308641977,98.00658290575879,2.3131701806609755,2.3131701806609755,2.3057973225555197
20820,NH,2021,2022,63.6464135021097,63.99436775402263,-0.34795425191293106,0.34795425191293106,-0.5466989147807949
21366,NH,2021,2022,74.69852941176471,71.3788756220562,3.3196537897085108,3.3196537897085108,4.444068465403657
21420,NH,2021,2022,52.11233595800525,48.75358438550044,3.358751572504808,3.358751572504808,6.445213999256259
21444,NH,2021,2022,78.77222222222223,81.77188602856849,-2.9996638063462626,2.9996638063462626,-3.8080223227472123
21456,NH,2021,2022,71.00137931034483,79.3366882679856,-8.335308957640763,8.335308957640763,-11.739643706367147
21474,NH,2021,2022,79.97142857142858,117.71700618204748,-37.74557761061891,37.74557761061891,-47.19882873782286
21480,NH,2021,2022,165.25121951219512,178.07215977992396,-12.820940267728844,12.820940267728844,-7.758454252607009
21486,NH,2021,2022,76.59756097560975,67.5571814870064,9.04037948860335,9.04037948860335,11.80243779757164
21492,NH,2021,2022,57.03628318584071,51.88273224445632,5.153550941384388,5.153550941384388,9.03556587758818
21498,NH,2021,2022,71.23035714285714,74.88631380964982,-3.655956666792676,3.655956666792676,-5.132582249251419
21504,NH,2021,2022,73.18379888268156,78.7642059773658,-5.580407094684247,5.580407094684247,-7.625194619412976
21510,NH,2021,2022,74.06423357664234,72.57524089764395,1.488992678998386,1.488992678998386,2.0104071926398364
21516,NH,2021,2022,139.69655172413792,163.23720625437187,-23.54065453023395,23.54065453023395,-16.85127817379504
21528,NH,2021,2022,64.81647058823529,69.93820160331421,-5.121731015078922,5.121731015078922,-7.901897416809605
21540,NH,2021,2022,49.45,48.528533367468285,0.9214666325317182,0.9214666325317182,1.863431006130876
21552,NH,2021,2022,78.17678571428571,88.57558792445481,-10.398802210169094,10.398802210169094,-13.301649735477497
21558,NH,2021,2022,107.16470588235296,110.53116767688577,-3.3664617945328104,3.3664617945328104,-3.141390410970346
21588,NH,2021,2022,64.61460674157303,62.91157855824365,1.7030281833293799,1.7030281833293799,2.63567058473429
21606,NH,2021,2022,71.64642857142857,70.12245190302112,1.5239766684074567,1.5239766684074567,2.1270797425556447
21612,NH,2021,2022,76.6768115942029,89.92056842982889,-13.243756835625987,13.243756835625987,-17.27217989411974
21618,NH,2021,2022,63.18377358490566,68.92792707111713,-5.7441534862114665,5.7441534862114665,-9.091184587910908
21630,NH,2021,2022,76.17592592592592,75.86709045001857,0.30883547590735816,0.30883547590735816,0.40542398684811815
21648,NH,2021,2022,109.44666666666669,133.22736010589375,-23.780693439227065,23.780693439227065,-21.728111201096784
21654,NH,2021,2022,62.275,59.51919695084414,2.7558030491558583,2.7558030491558583,4.4252156550074
22440,NH,2021,2022,69.36181818181818,69.82990050386175,-0.46808232204357125,0.46808232204357125,-0.6748414824083573
22446,NH,2021,2022,73.2611111111111,77.54934540303907,-4.288234291927964,4.288234291927964,-5.853356885925787
22458,NH,2021,2022,59.205,56.399738472624115,2.805261527375883,2.805261527375883,4.738217257623314
22470,NH,2021,2022,97.09565217391304,100.65661295196952,-3.560960778056483,3.560960778056483,-3.6674770685697258
22488,NH,2021,2022,90.94549019607844,96.71698480112667,-5.7714946050482325,5.7714946050482325,-6.346103135630907
22500,NH,2021,2022,500.6754716981132,531.4181396435039,-30.74266794539068,30.74266794539068,-6.140238474459809
22512,NH,2021,2022,66.13695652173914,74.40053222584662,-8.263575704107481,8.263575704107481,-12.494641632611646
22518,NH,2021,2022,147.10854271356783,165.52846371963284,-18.41992100606501,18.41992100606501,-12.521312947766791
22530,NH,2021,2022,250.76988304093567,488.6947243054831,-237.9248412645474,237.9248412645474,-94.87775740028103
22590,NH,2021,2022,72.6962962962963,78.96204618545845,-6.2657498891621515,6.2657498891621515,-8.619077186029045
22596,NH,2021,2022,103.18014311270126,116.36792345774435,-13.187780345043095,13.187780345043095,-12.781316198251819
22608,NH,2021,2022,253.6305882352941,412.736796438316,-159.10620820302188,159.10620820302188,-62.73147466559452
22620,NH,2021,2022,137.45142857142858,162.6391294021392,-25.18770083071061,25.18770083071061,-18.324801053356435
22626,NH,2021,2022,73.89767441860465,93.33925510955883,-19.441580690954183,19.441580690954183,-26.308785552336033
22638,NH,2021,2022,75.24015151515151,71.58496008663369,3.655191428517824,3.655191428517824,4.858033051384484
22644,NH,2021,2022,64.1763440860215,62.74154783846327,1.434796247558232,1.434796247558232,2.2357089173466185
22662,NH,2021,2022,110.74411764705884,128.705695166811,-17.96157751975217,17.96157751975217,-16.218990138145
22674,NH,2021,2022,80.1609756097561,81.47611229194094,-1.3151366821848427,1.3151366821848427,-1.6406196059629574
22680,NH,2021,2022,78.98260869565217,83.41629369247131,-4.433684996819139,4.433684996819139,-5.613495261854023
22686,NH,2021,2022,113.28152173913044,151.07799134713918,-37.796469608008735,37.796469608008735,-33.365079341931924
22692,NH,2021,2022,201.61046511627907,317.75591732381326,-116.14545220753419,116.14545220753419,-57.608840959990424
22704,NH,2021,2022,95.82121212121211,106.46104935805107,-10.639837236838957,10.639837236838957,-11.103843294509524
22710,NH,2021,2022,59.07636363636364,55.625062547713696,3.4513010886499416,3.4513010886499416,5.842101436530432
22806,NH,2021,2022,179.6471036585366,175.14293698568258,4.504166672854012,4.504166672854012,2.507230331648033
22854,NH,2021,2022,104.09150943396226,117.20286462158057,-13.111355187618315,13.111355187618315,-12.595989105082985
22860,NH,2021,2022,146.41181818181818,159.53420012010608,-13.122381938287901,13.122381938287901,-8.962652128253861
22866,NH,2021,2022,128.85942720763722,143.27955190831528,-14.420124700678059,14.420124700678059,-11.190585751589783
22872,NH,2021,2022,71.28055555555555,90.17347011120002,-18.892914555644467,18.892914555644467,-26.505004637512208
22878,NH,2021,2022,98.36611111111112,114.78526084605352,-16.419149734942394,16.419149734942394,-16.69187644959946
22884,NH,2021,2022,75.20163934426229,75.02211688100607,0.17952246325621957,0.17952246325621957,0.2387214757837812
22896,NH,2021,2022,79.64264705882353,96.70971996005267,-17.06707290122914,17.06707290122914,-21.42956510300758
22902,NH,2021,2022,77.68823529411765,83.99938646764777,-6.311151173530121,6.311151173530121,-8.123689706217313
22908,NH,2021,2022,76.40277777777777,72.43091642613186,3.971861351645913,3.971861351645913,5.198582390810866
22914,NH,2021,2022,93.2868085106383,100.06603444231791,-6.779225931679619,6.779225931679619,-7.267078850603541
22920,NH,2021,2022,98.5250566893424,98.8401543235876,-0.3150976342451912,0.3150976342451912,-0.31981472006529255
22938,NH,2021,2022,144.6204081632653,173.67888684999525,-29.058478686729956,29.058478686729956,-20.09293090496963
22944,NH,2021,2022,153.0155172413793,170.0829527315135,-17.067435490134187,17.067435490134187,-11.154055351922645
22950,NH,2021,2022,94.8155818540434,95.05935936802709,-0.2437775139836873,0.2437775139836873,-0.25710701681813436
22956,NH,2021,2022,104.94313725490196,112.87017010165764,-7.927032846755679,7.927032846755679,-7.5536457686616405
22962,NH,2021,2022,122.8728323699422,139.12478051917265,-16.251948149230444,16.251948149230444,-13.226640776294241
22980,NH,2021,2022,86.50659340659341,95.57926941282624,-9.072676006232825,9.072676006232825,-10.487843352690986
22998,NH,2021,2022,132.35233798195242,150.89687299714262,-18.544535015190206,18.544535015190206,-14.011490312863941
23010,NH,2021,2022,68.06103151862465,64.17402296075272,3.8870085578719227,3.8870085578719227,5.71106324888458
23016,NH,2021,2022,100.9632183908046,120.12522389549608,-19.16200550469148,19.16200550469148,-18.979194413672428
23022,NH,2021,2022,86.8945945945946,103.7055462813519,-16.810951686757306,16.810951686757306,-19.34637219402259
23028,NH,2021,2022,110.66265060240964,147.61041790803012,-36.947767305620474,36.947767305620474,-33.38774835456177
23034,NH,2021,2022,70.50528634361234,68.5314558486298,1.9738304949825363,1.9738304949825363,2.7995496470476526
23040,NH,2021,2022,167.46753246753246,234.57913257401682,-67.11160010648436,67.11160010648436,-40.07439479022331
23046,NH,2021,2022,109.28144927536232,124.8806905595865,-15.599241284224178,15.599241284224178,-14.274372629262935
23052,NH,2021,2022,139.4862473347548,134.45324794838106,5.032999386373746,5.032999386373746,3.6082405846756966
23064,NH,2021,2022,187.0703703703704,255.8903974311629,-68.82002706079251,68.82002706079251,-36.78830962088732
23070,NH,2021,2022,87.78684210526316,105.38973432790488,-17.602892222641714,17.602892222641714,-20.05185720376465
23076,NH,2021,2022,151.55178571428573,202.05080599382103,-50.4990202795353,50.4990202795353,-33.32129677095261
23088,NH,2021,2022,101.45591715976332,105.15409540281856,-3.6981782430552386,3.6981782430552386,-3.645108483156968
23094,NH,2021,2022,87.71688311688311,84.63008946261223,3.0867936542708776,3.0867936542708776,3.5190416537688787
23106,NH,2021,2022,75.08130841121495,80.27854524173492,-5.197236830519969,5.197236830519969,-6.922144726161504
23112,NH,2021,2022,71.85806451612903,70.90386200985935,0.9542025062696808,0.9542025062696808,1.3278989807128796
23118,NH,2021,2022,195.9184210526316,259.3085247617196,-63.39010370908798,63.39010370908798,-32.35535656550582
23130,NH,2021,2022,93.841059602649,103.1212244568279,-9.280164854178906,9.280164854178906,-9.889237071143366
23136,NH,2021,2022,174.77835051546393,231.78728598906304,-57.00893547359911,57.00893547359911,-32.617847293709936
23142,NH,2021,2022,95.219120458891,100.19631010827521,-4.977189649384215,4.977189649384215,-5.227090552189064
23148,NH,2021,2022,93.75369649805448,101.94529049668408,-8.1915939986296,8.1915939986296,-8.737355757273619
23160,NH,2021,2022,93.23278008298756,103.3440997614445,-10.111319678456937,10.111319678456937,-10.845240986546509
23166,NH,2021,2022,111.1508695652174,124.64198668484813,-13.49111711963073,13.49111711963073,-12.137662235485132
23172,NH,2021,2022,239.1629629629629,309.2932815753736,-70.13031861241072,70.13031861241072,-29.323235397142653
23184,NH,2021,2022,75.93958333333333,74.42580742639721,1.513775906936118,1.513775906936118,1.9933950655107862
23190,NH,2021,2022,88.40114678899083,98.6551514132832,-10.254004624292378,10.254004624292378,-11.599402266543194
23202,NH,2021,2022,67.36325459317585,64.75282266527111,2.6104319279047417,2.6104319279047417,3.875157077355921
23208,NH,2021,2022,69.1120253164557,74.30623318686374,-5.194207870408036,5.194207870408036,-7.515635443505496
23214,NH,2021,2022,96.71014492753623,109.06750087267659,-12.357355945140355,12.357355945140355,-12.777724564883627
23220,NH,2021,2022,253.57020547945208,378.95852922479264,-125.38832374534056,125.38832374534056,-49.44915492269904
23232,NH,2021,2022,84.62927927927927,99.15627468158704,-14.526995402307762,14.526995402307762,-17.165448561092223
23238,NH,2021,2022,96.57011494252872,100.71972147621294,-4.149606533684221,4.149606533684221,-4.296988293069502
23244,NH,2021,2022,84.89569471624266,92.53050432290713,-7.634809606664476,7.634809606664476,-8.99316465008413
23250,NH,2021,2022,91.53829787234042,125.53043150269383,-33.99213363035341,33.99213363035341,-37.134330024094325
23268,NH,2021,2022,68.7688155922039,66.87153726305786,1.8972783291460331,1.8972783291460331,2.758922504055925
23292,NH,2021,2022,63.68055555555556,67.79092561612521,-4.11037006056965,4.11037006056965,-6.454670542224969
23298,NH,2021,2022,67.42307692307692,91.47624327658225,-24.053166353505333,24.053166353505333,-35.67497576675064
23304,NH,2021,2022,96.60904977375566,105.65808150017824,-9.049031726422584,9.049031726422584,-9.36665017160825
23310,NH,2021,2022,160.74810426540284,193.19462714263432,-32.44652287723147,32.44652287723147,-20.184700171431388
23316,NH,2021,2022,69.46630434782608,72.28993781479485,-2.823633466968772,2.823633466968772,-4.064752678983039
23322,NH,2021,2022,72.17931034482758,69.92368601022292,2.2556243346046614,2.2556243346046614,3.1250289367253576
23340,NH,2021,2022,67.72888888888889,76.56164483988526,-8.832755950996372,8.832755950996372,-13.041341879219
23364,NH,2021,2022,147.23880597014926,182.49431327562172,-35.25550730547246,35.25550730547246,-23.944439832404004
23406,ME,2021,2022,73.35490196078432,74.70220723838074,-1.3473052775964192,1.3473052775964192,-1.8366942652539995
23412,ME,2021,2022,125.8641891891892,142.378360124757,-16.51417093556779,16.51417093556779,-13.120627115584863
23418,ME,2021,2022,101.25570652173911,105.54567456626926,-4.289968044530141,4.289968044530141,-4.23676668890667
23424,ME,2021,2022,93.14320712694878,98.42065741610837,-5.277450289159589,5.277450289159589,-5.6659529470213865
23430,ME,2021,2022,136.57864077669902,161.32055533689402,-24.741914560195,24.741914560195,-18.115507973642163
23436,ME,2021,2022,73.58853046594982,79.21922811852443,-5.630697652574611,5.630697652574611,-7.651596813962732
23442,ME,2021,2022,125.36857142857144,155.58801695327733,-30.21944552470589,30.21944552470589,-24.10448263097851
23448,ME,2021,2022,85.57557251908396,89.08424183819875,-3.5086693191147873,3.5086693191147873,-4.100082787447702
23454,ME,2021,2022,119.21247771836008,149.916728879787,-30.704251161426924,30.704251161426924,-25.755903869363266
24006,ME,2021,2022,77.72753623188406,86.03163684129646,-8.304100609412401,8.304100609412401,-10.68360199227058
24012,ME,2021,2022,72.40071942446043,74.01746344532975,-1.6167440208693193,1.6167440208693193,-2.233049662657227
24018,ME,2021,2022,100.155,149.67712264813775,-49.52212264813775,49.52212264813775,-49.445482150804004
24030,ME,2021,2022,66.76329617834395,66.94851467527167,-0.18521849692771752,0.18521849692771752,-0.2774256328401547
24048,ME,2021,2022,76.2840490797546,84.8561738539164,-8.572124774161807,8.572124774161807,-11.237112971284066
24054,ME,2021,2022,69.43333333333334,71.17999096430904,-1.7466576309757045,1.7466576309757045,-2.515589482922282
24060,ME,2021,2022,62.10357142857143,60.02596471676696,2.0776067118044708,2.0776067118044708,3.3453900701894983
24066,ME,2021,2022,88.84027027027027,100.27669042895162,-11.436420158681358,11.436420158681358,-12.87301369512883
24090,ME,2021,2022,76.60561797752808,99.69487375990207,-23.089255782373982,23.089255782373982,-30.140421018660945
24102,ME,2021,2022,140.6909090909091,114.11364261701006,26.57726647389903,26.57726647389903,18.890535746503577
24120,ME,2021,2022,61.50588235294118,65.93091910551237,-4.425036752571195,4.425036752571195,-7.194493572466556
24126,ME,2021,2022,156.02898550724638,183.9098152073252,-27.880829700078834,27.880829700078834,-17.869006588384167
24132,ME,2021,2022,73.2063492063492,78.53454198812022,-5.328192781771023,5.328192781771023,-7.278320582211068
24144,ME,2021,2022,61.15882352941176,55.26101788395637,5.897805645455392,5.897805645455392,9.643425600917734
24162,ME,2021,2022,68.28685897435898,66.5357978533856,1.7510611209733753,1.7510611209733753,2.564272463653484
24174,ME,2021,2022,69.24095238095238,70.17459496445692,-0.9336425835045361,0.9336425835045361,-1.348396507268975
24180,ME,2021,2022,69.00172413793103,78.26121714675187,-9.25949300882084,9.25949300882084,-13.419219772409702
24192,ME,2021,2022,128.02595078299777,147.6599273601139,-19.63397657711613,19.63397657711613,-15.335934985865055
24222,ME,2021,2022,58.14646464646464,60.710417905201794,-2.5639532587371505,2.5639532587371505,-4.409474031355475
24228,ME,2021,2022,95.57004405286344,101.9528858244807,-6.382841771617265,6.382841771617265,-6.678705482323176
24234,ME,2021,2022,79.71884700665188,81.57838482685668,-1.8595378202047925,1.8595378202047925,-2.332620064173318
24240,ME,2021,2022,73.9042944785276,84.24191715971055,-10.33762268118295,10.33762268118295,-13.987851117618716
24246,ME,2021,2022,51.39411764705882,51.73164507059207,-0.3375274235332526,0.3375274235332526,-0.6567432986225586
24252,ME,2021,2022,71.7118320610687,73.26429680509116,-1.5524647440224584,1.5524647440224584,-2.164865545061522
24258,ME,2021,2022,106.3260336906585,130.7301868172695,-24.404153126610993,24.404153126610993,-22.952189863125753
24276,ME,2021,2022,119.2354401805869,138.23240416383163,-18.996963983244726,18.996963983244726,-15.932313374675394
24282,ME,2021,2022,57.51121495327103,55.89994228892787,1.6112726643431614,1.6112726643431614,2.8016668847151838
24288,ME,2021,2022,66.49883720930232,64.02797783398994,2.4708593753123864,2.4708593753123864,3.715642978140293
24294,ME,2021,2022,64.63980099502487,63.94078244794193,0.6990185470829431,0.6990185470829431,1.0814057845517568
24300,ME,2021,2022,88.90833333333333,108.97568294456094,-20.067349611227613,20.067349611227613,-22.570830943362203
24306,ME,2021,2022,71.41228070175438,69.4062657368403,2.006014964914087,2.006014964914087,2.809061614054857
24330,ME,2021,2022,76.29351851851852,80.70597084169772,-4.4124523231791954,4.4124523231791954,-5.7835218624871425
24366,ME,2021,2022,64.22568306010929,65.502910943319,-1.2772278832097044,1.2772278832097044,-1.9886559742997787
24372,ME,2021,2022,85.18731707317073,87.9024636721096,-2.7151465989388726,2.7151465989388726,-3.187266241295904
24384,ME,2021,2022,70.04685185185186,75.10992434045559,-5.063072488603737,5.063072488603737,-7.228122827435652
24396,ME,2021,2022,105.47567567567567,129.232942360469,-23.757266684793322,23.757266684793322,-22.523929363433425
24408,ME,2021,2022,51.89565217391304,52.92864137275783,-1.0329891988447883,1.0329891988447883,-1.9905120286050713
24414,ME,2021,2022,111.34545454545454,118.2039802444799,-6.85852569902535,6.85852569902535,-6.159681800235046
24426,ME,2021,2022,95.77028985507246,106.611160333275,-10.840870478202532,10.840870478202532,-11.319659254041975
24432,ME,2021,2022,81.51,79.34239276347796,2.167607236522045,2.167607236522045,2.659314484752846
24438,ME,2021,2022,59.12419175027871,57.478331651354154,1.6458600989245582,1.6458600989245582,2.783733781725312
24444,ME,2021,2022,128.98783333333333,141.05961117968775,-12.071777846354422,12.071777846354422,-9.358850004990979
24456,ME,2021,2022,73.44266666666667,76.99274247385608,-3.5500758071894154,3.5500758071894154,-4.833805699488148
24474,ME,2021,2022,117.0927927927928,139.50548600134184,-22.41269320854903,22.41269320854903,-19.140967325128617
24498,ME,2021,2022,63.53730158730159,64.64535397825205,-1.108052390950455,1.108052390950455,-1.7439399585265165
24504,ME,2021,2022,79.0793023255814,81.23451204665461,-2.15520972107322,2.15520972107322,-2.7253777634505387
24510,ME,2021,2022,68.15959595959596,65.86315362478527,2.296442334810692,2.296442334810692,3.3692135384311697
24516,ME,2021,2022,84.5007561436673,94.40499620012014,-9.904240056452835,9.904240056452835,-11.72088926590639
24522,ME,2021,2022,68.84402985074627,67.64326051038671,1.2007693403595567,1.2007693403595567,1.7441880479147176
24528,ME,2021,2022,62.562666666666665,76.72672350503146,-14.164056838364793,14.164056838364793,-22.63979077783043
24540,ME,2021,2022,92.15076452599388,105.92201326712676,-13.77124874113288,13.77124874113288,-14.944258804546637
24546,ME,2021,2022,60.976470588235294,66.672721410318,-5.69625082208271,5.69625082208271,-9.341719465117313
24552,ME,2021,2022,66.71919850885368,66.14631490298265,0.5728836058710272,0.5728836058710272,0.8586488127476609
24558,ME,2021,2022,71.50408163265305,74.87448765701096,-3.370406024357905,3.370406024357905,-4.713585500857304
24570,ME,2021,2022,56.60405405405405,58.569569851135796,-1.9655157970817427,1.9655157970817427,-3.4723940359550447
24576,ME,2021,2022,172.1369658119658,233.75710774107327,-61.62014192910746,61.62014192910746,-35.79715817485615
24582,ME,2021,2022,133.1746543778802,149.03758794318455,-15.86293356530436,15.86293356530436,-11.91137580901365
24606,ME,2021,2022,90.1842885375494,97.13339230138952,-6.949103763840114,6.949103763840114,-7.7054483397590525
24612,ME,2021,2022,88.52099681866383,95.18074745650713,-6.6597506378433025,6.6597506378433025,-7.523357030745903
24618,ME,2021,2022,88.49204131227218,83.47050287927192,5.021538433000259,5.021538433000259,5.6745650326679336
24630,ME,2021,2022,205.5321212121212,275.30340966680956,-69.77128845468835,69.77128845468835,-33.94665906390383
24636,ME,2021,2022,78.83444592790387,81.73682084240428,-2.902374914500413,2.902374914500413,-3.681607551545057
24642,ME,2021,2022,201.1934291581109,255.0516798662687,-53.85825070815781,53.85825070815781,-26.769388510115057
24648,ME,2021,2022,106.5859649122807,137.83519242856175,-31.249227516281053,31.249227516281053,-29.318332429601675
24660,ME,2021,2022,300.09565217391304,405.0830519915286,-104.98739981761554,104.98739981761554,-34.98464541458024
25260,ME,2021,2022,65.7562937062937,67.82341905717661,-2.067125350882904,2.067125350882904,-3.14361597099116
25296,ME,2021,2022,65.51290322580645,60.435922846136506,5.076980379669948,5.076980379669948,7.749588446982539
25302,ME,2021,2022,82.41256830601093,94.29656680807986,-11.883998502068934,11.883998502068934,-14.420128806011437
25314,ME,2021,2022,61.437179487179485,60.05296121729659,1.3842182698828935,1.3842182698828935,2.253062854507746
25320,ME,2021,2022,62.78552631578948,64.60545255404634,-1.8199262382568548,1.8199262382568548,-2.8986397742423233
25326,ME,2021,2022,50.20681818181818,50.59853945553683,-0.39172127371865173,0.39172127371865173,-0.780215293269688
25332,ME,2021,2022,90.23225806451612,93.38056748594168,-3.148309421425566,3.148309421425566,-3.489117405412289
25344,ME,2021,2022,58.932,60.14959383320428,-1.2175938332042762,1.2175938332042762,-2.066099628731888
25386,ME,2021,2022,51.053333333333335,49.871321021063366,1.1820123122699684,1.1820123122699684,2.3152500240336282
25416,ME,2021,2022,68.15022421524664,72.39651091899165,-4.246286703745014,4.246286703745014,-6.230774370357875
25422,ME,2021,2022,63.93125,75.67878680851635,-11.747536808516351,11.747536808516351,-18.375265317847457
25428,ME,2021,2022,64.04444444444445,66.75294231280898,-2.7084978683645318,2.7084978683645318,-4.229091050534487
25434,ME,2021,2022,54.957589285714285,56.07103162033748,-1.113442334623194,1.113442334623194,-2.026002867110154
25440,ME,2021,2022,55.7108868501529,55.88614143606842,-0.17525458591551768,0.17525458591551768,-0.31457870413534206
25500,ME,2021,2022,59.60214592274678,58.824277637793784,0.7778682849529943,0.7778682849529943,1.305101138407377
25512,ME,2021,2022,61.16586345381526,59.56013007255803,1.605733381257231,1.605733381257231,2.625211663152075
25518,ME,2021,2022,60.17777777777778,64.96584049573381,-4.788062717956038,4.788062717956038,-7.9565296273272414
25524,ME,2021,2022,46.23956834532374,45.788159062415644,0.4514092829080951,0.4514092829080951,0.9762402614507683
25530,ME,2021,2022,72.2675,77.13867726625418,-4.871177266254179,4.871177266254179,-6.740481220817351
25536,ME,2021,2022,58.58562091503268,53.11223742784019,5.473383487192486,5.473383487192486,9.342537301312534
25542,ME,2021,2022,45.09217391304348,42.98976214383012,2.1024117692133615,2.1024117692133615,4.662475961499856
25548,ME,2021,2022,73.96206896551725,79.62719964312285,-5.665130677605603,5.665130677605603,-7.659508119285863
25554,ME,2021,2022,79.94444444444444,79.62744902553402,0.31699541891042315,0.31699541891042315,0.39651963449531735
25560,ME,2021,2022,84.1775974025974,84.03857586210157,0.1390215404958326,0.1390215404958326,0.16515265912251248
25566,ME,2021,2022,85.71,104.34536078746987,-18.635360787469878,18.635360787469878,-21.742341369116648
25578,ME,2021,2022,61.73181818181818,62.92393229531962,-1.1921141135014395,1.1921141135014395,-1.9311177746139214
25590,ME,2021,2022,68.21777777777778,69.68915678816154,-1.4713790103837567,1.4713790103837567,-2.156884991441431
25608,ME,2021,2022,66.33192307692308,60.658598648022604,5.673324428900472,5.673324428900472,8.55293223192292
25620,ME,2021,2022,60.847133757961785,63.17095026970748,-2.3238165117456973,2.3238165117456973,-3.8191059598458548
25644,ME,2021,2022,73.86594982078853,79.9137969033237,-6.047847082535171,6.047847082535171,-8.187598070840876
25650,ME,2021,2022,56.76,66.69756420520523,-9.937564205205227,9.937564205205227,-17.508041235386234
25656,ME,2021,2022,51.7991967871486,51.238852392253996,0.5603443948946065,0.5603443948946065,1.0817627099453946
25680,ME,2021,2022,62.657062146892656,62.88216823932744,-0.2251060924347854,0.2251060924347854,-0.35926691217511714
25686,ME,2021,2022,52.83359683794466,52.295683436216706,0.5379134017279554,0.5379134017279554,1.018127543687562
25692,ME,2021,2022,89.2547619047619,76.03054857290421,13.224213331857698,13.224213331857698,14.816255233494898
25704,ME,2021,2022,83.60634920634921,129.46910441147477,-45.862755205125566,45.862755205125566,-54.85558888826911
25710,ME,2021,2022,61.09047619047619,75.83142377472089,-14.7409475842447,14.7409475842447,-24.129698282729652
25722,ME,2021,2022,70.34025974025974,71.95557357167314,-1.6153138314134026,1.6153138314134026,-2.2964285849642185
25734,ME,2021,2022,55.818823529411766,52.6677853778302,3.1510381515815666,3.1510381515815666,5.6451174574133365
25740,ME,2021,2022,59.24861111111111,64.04900956989721,-4.800398458786098,4.800398458786098,-8.102128250371528
25752,ME,2021,2022,47.85434782608696,49.506854151002926,-1.6525063249159686,1.6525063249159686,-3.4531999702963954
25764,ME,2021,2022,62.21976047904192,63.960440881223036,-1.7406804021811126,1.7406804021811126,-2.79763275972019
25980,ME,2021,2022,63.20873196659073,66.06335244251,-2.854620475919262,2.854620475919262,-4.516180576803984
26052,ME,2021,2022,64.47282608695652,69.29220333248087,-4.81937724552435,4.81937724552435,-7.4750519529333275
26064,ME,2021,2022,65.61721854304636,67.1433416717012,-1.526123128654831,1.526123128654831,-2.325796738326633
26070,ME,2021,2022,64.82698412698413,66.82482269465096,-1.9978385676668324,1.9978385676668324,-3.081800880561456
26076,ME,2021,2022,54.12087912087912,58.12673221874091,-4.005853097861795,4.005853097861795,-7.401677805186262
26082,ME,2021,2022,76.82147651006711,88.54304878258637,-11.721572272519253,11.721572272519253,-15.258197062878887
26088,ME,2021,2022,65.3443113772455,71.66313560194878,-6.3188242247032775,6.3188242247032775,-9.670044861630675
26094,ME,2021,2022,69.96285714285715,81.59593411609634,-11.633076973239199,11.633076973239199,-16.627504147644544
26100,ME,2021,2022,75.11016042780749,72.85960733070701,2.250553097100479,2.250553097100479,2.9963364267656027
26106,ME,2021,2022,105.32638888888889,127.895352746111,-22.568963857222116,22.568963857222116,-21.427644197534022
26112,ME,2021,2022,72.05568181818182,86.08434645278956,-14.028664634607736,14.028664634607736,-19.46919976415778
26118,ME,2021,2022,66.96101694915254,71.00593361699423,-4.04491666784169,4.04491666784169,-6.040703758894873
26124,ME,2021,2022,70.73827160493828,75.8318806706788,-5.093609065740523,5.093609065740523,-7.200641110073342
26130,ME,2021,2022,80.64074074074074,94.612848730664,-13.97210798992326,13.97210798992326,-17.32636364891967
26142,ME,2021,2022,66.18064516129033,71.79940816397936,-5.618763002689036,5.618763002689036,-8.490039631670895
26148,ME,2021,2022,67.51761904761905,73.97296425004696,-6.455345202427907,6.455345202427907,-9.560978739305158
26160,ME,2021,2022,59.66875,69.65260906891102,-9.983859068911016,9.983859068911016,-16.732140473717006
26178,ME,2021,2022,60.76417910447761,65.21231371249533,-4.4481346080177175,4.4481346080177175,-7.320323706454782
26184,ME,2021,2022,84.1667731629393,91.46080752286792,-7.294034359928631,7.294034359928631,-8.66616847221651
26406,ME,2021,2022,73.271920037192,78.18555340854832,-4.913633371356312,4.913633371356312,-6.706025130585096
26436,ME,2021,2022,53.89714285714286,58.32136120404986,-4.424218346906997,4.424218346906997,-8.208632429057722
26460,ME,2021,2022,49.85172413793104,50.48091860648746,-0.6291944685564133,0.6291944685564133,-1.262131810758524
26466,ME,2021,2022,59.641975308641975,58.71817449011724,0.9238008185247324,0.9238008185247324,1.5489105009419029
26472,ME,2021,2022,75.59717171717172,78.34404983778752,-2.746878120615804,2.746878120615804,-3.6335726036055624
26484,ME,2021,2022,51.46229508196721,57.01927606887327,-5.556980986906055,5.556980986906055,-10.798160047186204
26496,ME,2021,2022,56.96606498194946,60.23914212952642,-3.273077147576963,3.273077147576963,-5.745661296096345
26502,ME,2021,2022,42.27368421052632,53.525048318848064,-11.251364108321745,11.251364108321745,-26.615527646677435
26508,ME,2021,2022,49.23287671232877,49.649524611980056,-0.4166478996512879,0.4166478996512879,-0.846279818434725
26514,ME,2021,2022,64.01523178807948,63.72631320691183,0.2889185811676427,0.2889185811676427,0.4513278685361932
26526,ME,2021,2022,124.68,150.26805262769767,-25.588052627697664,25.588052627697664,-20.522980933347498
26532,ME,2021,2022,53.507407407407406,55.154508813099426,-1.6471014056920197,1.6471014056920197,-3.0782680109146905
26544,ME,2021,2022,50.67105263157895,53.717037392261965,-3.0459847606830124,3.0459847606830124,-6.011291659618513
26556,ME,2021,2022,68.27674418604651,74.28871143910855,-6.011967253062039,6.011967253062039,-8.805292819294515
26562,ME,2021,2022,57.20909090909091,59.31883226357379,-2.1097413544828783,2.1097413544828783,-3.6877729062945592
26568,ME,2021,2022,65.0658064516129,68.74846204338257,-3.6826555917696737,3.6826555917696737,-5.659893871458171
26574,ME,2021,2022,94.30909090909093,112.86904600566646,-18.559955096575536,18.559955096575536,-19.679921540614117
26580,ME,2021,2022,43.6955223880597,55.28264519786514,-11.587122809805443,11.587122809805443,-26.517872259084736
26604,ME,2021,2022,55.016666666666666,54.58088897031149,0.43577769635517427,0.43577769635517427,0.7920830591127069
26610,ME,2021,2022,56.35434782608696,55.689266298651084,0.6650815274358735,0.6650815274358735,1.180177844464382
26628,ME,2021,2022,52.23898305084746,50.5558999285952,1.6830831222522562,1.6830831222522562,3.2218910552182964
26646,ME,2021,2022,83.11351351351351,97.40100110033822,-14.28748758682471,14.28748758682471,-17.190330408185297
26658,ME,2021,2022,55.48301886792453,82.46305388277332,-26.980035014848795,26.980035014848795,-48.62755409736061
26664,ME,2021,2022,100.95360824742268,114.8332780862541,-13.879669838831418,13.879669838831418,-13.748562413751827
26688,ME,2021,2022,49.56935483870968,48.26592222249489,1.303432616214785,1.303432616214785,2.629512973198733
26694,ME,2021,2022,56.57857142857143,60.43820123928813,-3.8596298107166973,3.8596298107166973,-6.821716620380477
26700,ME,2021,2022,57.05,55.635409505098586,1.414590494901411,1.414590494901411,2.479562655392482
26718,ME,2021,2022,43.917142857142856,47.40373255826191,-3.486589701119051,3.486589701119051,-7.939017600622393
26730,ME,2021,2022,53.76904761904762,57.29551684139827,-3.5264692223506486,3.5264692223506486,-6.558548790626899
26736,ME,2021,2022,65.0993288590604,64.70278740893599,0.3965414501244169,0.3965414501244169,0.6091329312824812
26742,ME,2021,2022,59.53978102189781,61.57112798287626,-2.0313469609784534,2.0313469609784534,-3.411747450383392
26754,ME,2021,2022,44.48275862068966,47.708467481559076,-3.2257088608694175,3.2257088608694175,-7.251593563194813
26760,ME,2021,2022,48.6875,46.66525706316913,2.022242936830871,2.022242936830871,4.153515659729646
26766,ME,2021,2022,60.83181818181818,61.244136729195056,-0.4123185473768771,0.4123185473768771,-0.6778007952096912
26772,ME,2021,2022,49.18357487922705,56.05205480986281,-6.868479930635758,6.868479930635758,-13.964987188307651
26778,ME,2021,2022,45.8007874015748,47.1105022431369,-1.3097148415620978,1.3097148415620978,-2.8595902294838385
26784,ME,2021,2022,45.8625,53.06848652640524,-7.2059865264052405,7.2059865264052405,-15.712153777934567
26808,ME,2021,2022,57.716284403669725,60.917922820246616,-3.201638416576891,3.201638416576891,-5.54720119227447
26826,ME,2021,2022,46.4375,56.19876459348458,-9.761264593484583,9.761264593484583,-21.02021985137999
26832,ME,2021,2022,60.81559633027523,66.2462012397771,-5.4306049095018665,5.4306049095018665,-8.929625354669756
26838,ME,2021,2022,72.66245614035088,75.7441812419701,-3.081725101619213,3.081725101619213,-4.2411518483035024
26844,ME,2021,2022,69.84575471698113,76.38657416734164,-6.540819450360502,6.540819450360502,-9.364662858700953
26850,ME,2021,2022,63.76875,62.79991560991886,0.9688343900811347,0.9688343900811347,1.5192933687443062
26856,ME,2021,2022,61.846774193548384,69.3158188856493,-7.469044692100923,7.469044692100923,-12.076692421704452
26868,ME,2021,2022,67.97058823529412,81.06834319194256,-13.097754956648444,13.097754956648444,-19.269739010214067
26874,ME,2021,2022,51.21694915254237,55.27886956333198,-4.061920410789611,4.061920410789611,-7.930812900807038
26886,ME,2021,2022,61.76206896551725,69.23224973295046,-7.470180767433213,7.470180767433213,-12.095094760513826
26922,ME,2021,2022,45.51111111111111,55.89186093469448,-10.380749823583365,10.380749823583365,-22.80926474908454
26928,ME,2021,2022,59.68064516129032,59.05837238695607,0.6222727743342489,0.6222727743342489,1.042670990993012
26958,ME,2021,2022,56.763333333333335,58.70015270136098,-1.936819368027642,1.936819368027642,-3.4120958976351665
26970,ME,2021,2022,54.50588235294118,44.45494073951829,10.050941613422886,10.050941613422886,18.440104406236678
26976,ME,2021,2022,69.95260416666666,69.4419961550508,0.510608011615858,0.510608011615858,0.7299342429043828
26982,ME,2021,2022,41.17692307692308,51.652101319853166,-10.475178242930085,10.475178242930085,-25.43943903569794
27180,ME,2021,2022,73.70493421052632,77.82517146545109,-4.120237254924774,4.120237254924774,-5.590178322601819
27210,ME,2021,2022,78.13333333333334,84.19930365423333,-6.065970320899993,6.065970320899993,-7.763613891936851
27222,ME,2021,2022,72.81680672268908,80.25469081875106,-7.437884096061978,7.437884096061978,-10.214515619159112
27228,ME,2021,2022,71.25701754385965,93.27758087686534,-22.020563333005697,22.020563333005697,-30.90301010627023
27234,ME,2021,2022,75.5046875,76.62903351361605,-1.124346013616048,1.124346013616048,-1.4891075651641468
27258,ME,2021,2022,79.35038759689922,87.75320857621588,-8.402820979316658,8.402820979316658,-10.589514725502129
27264,ME,2021,2022,114.61818181818182,133.91333697909204,-19.295155160910213,19.295155160910213,-16.834288290768747
27282,ME,2021,2022,76.11475409836065,86.22834190713648,-10.113587808775833,10.113587808775833,-13.287289604465343
27288,ME,2021,2022,100.22622950819672,121.16872939515518,-20.94249988695846,20.94249988695846,-20.89522871380264
27306,ME,2021,2022,90.9095238095238,99.85709813122112,-8.947574321697317,8.947574321697317,-9.842284885843783
27318,ME,2021,2022,83.7698275862069,99.07168410753407,-15.301856521327167,15.301856521327167,-18.266548902204843
27324,ME,2021,2022,95.20434782608696,139.25715643945762,-44.05280861337066,44.05280861337066,-46.27184537185574
27330,ME,2021,2022,78.69313725490196,80.76142546348939,-2.0682882085874326,2.0682882085874326,-2.6282955296188737
27336,ME,2021,2022,78.01830985915493,92.24731501916568,-14.229005160010757,14.229005160010757,-18.23803307928373
27348,ME,2021,2022,67.78823529411764,87.5108332258979,-19.722597931780257,19.722597931780257,-29.09442596670118
27372,ME,2021,2022,83.19658119658119,88.03982021533267,-4.8432390187514756,4.8432390187514756,-5.821439954735182
27378,ME,2021,2022,87.43636363636364,94.93839460366996,-7.502030967306325,7.502030967306325,-8.579989669408357
27384,ME,2021,2022,106.53571428571428,136.8378913155468,-30.302177029832535,30.302177029832535,-28.44321008499199
27408,ME,2021,2022,131.084,186.5319330438116,-55.44793304381159,55.44793304381159,-42.29954307452594
27426,ME,2021,2022,85.60555555555555,107.46014894007529,-21.85459338451973,21.85459338451973,-25.529410144808562
27432,ME,2021,2022,59.840823970037455,64.44012814793953,-4.599304177902077,4.599304177902077,-7.685897139726832
27438,ME,2021,2022,87.57777777777778,107.46371360401676,-19.885935826238978,19.885935826238978,-22.70660015683212
27444,ME,2021,2022,51.3,54.105586279936034,-2.805586279936037,2.805586279936037,-5.468979103189156
27456,ME,2021,2022,94.88108108108108,119.44048091998387,-24.55939983890279,24.55939983890279,-25.88440135701599
27468,ME,2021,2022,67.30826446280992,70.47200439836493,-3.1637399355550144,3.1637399355550144,-4.700373662588028
27474,ME,2021,2022,81.87692307692308,91.1315812214617,-9.254658144538624,9.254658144538624,-11.30313377292391
27630,ME,2021,2022,71.36267217630854,70.56471652552453,0.7979556507840044,0.7979556507840044,1.1181695225937953
27636,ME,2021,2022,51.016666666666666,66.8126215573273,-15.795954890660639,15.795954890660639,-30.962342157453065
27642,ME,2021,2022,67.82830188679246,78.48602269251958,-10.657720805727124,10.657720805727124,-15.71279319879656
27654,ME,2021,2022,91.2595818815331,110.42325012502523,-19.16366824349214,19.16366824349214,-20.999075218610024
27672,ME,2021,2022,64.36206896551724,77.1834211833203,-12.821352217803067,12.821352217803067,-19.92066511204334
27678,ME,2021,2022,54.0,85.27694142454993,-31.276941424549932,31.276941424549932,-57.92026189731468
27684,ME,2021,2022,80.56347305389221,104.99440548179984,-24.430932427907635,24.430932427907635,-30.325073512613816
27696,ME,2021,2022,88.16818181818182,120.53807326777957,-32.369891449597745,32.369891449597745,-36.71380171630408
27702,ME,2021,2022,76.22682926829269,108.07694853998684,-31.850119271694155,31.850119271694155,-41.783345283315526
27714,ME,2021,2022,54.81875,56.77434631608664,-1.9555963160866412,1.9555963160866412,-3.5673858234393183
27732,ME,2021,2022,44.40819672131148,51.937843566961575,-7.529646845650099,7.529646845650099,-16.955533891419247
27738,ME,2021,2022,53.46521739130435,62.67696989648721,-9.211752505182858,9.211752505182858,-17.22943056186108
27756,ME,2021,2022,47.728,71.21330476383191,-23.485304763831913,23.485304763831913,-49.20655540527974
27762,ME,2021,2022,88.18275862068965,117.85097585489066,-29.66821723420101,29.66821723420101,-33.6440112537375
27768,ME,2021,2022,50.91724137931035,53.910891727303785,-2.9936503479934373,2.9936503479934373,-5.879443321942955
27780,ME,2021,2022,55.984722222222224,55.07100799217874,0.9137142300434817,0.9137142300434817,1.6320778129730502
27786,ME,2021,2022,57.75593220338983,64.897983014467,-7.142050811077169,7.142050811077169,-12.365917298202636
27804,ME,2021,2022,53.374,51.95659518685879,1.4174048131412107,1.4174048131412107,2.6556091226837237
27840,ME,2021,2022,64.20229007633588,73.19472056188852,-8.992430485552632,8.992430485552632,-14.006401445899705
27858,ME,2021,2022,46.8625,61.66258598221686,-14.800085982216864,14.800085982216864,-31.581938612359274
27888,ME,2021,2022,53.77,53.252726214639054,0.517273785360949,0.517273785360949,0.9620118753225758
27894,ME,2021,2022,51.03448275862069,68.0993338660646,-17.064851107443907,17.064851107443907,-33.4378839267482
27900,ME,2021,2022,60.675,88.35096039288435,-27.67596039288435,27.67596039288435,-45.61344934962398
27912,ME,2021,2022,54.70263157894737,73.23056938978239,-18.52793781083502,18.52793781083502,-33.87028608321214
27918,ME,2021,2022,62.03,85.33513723502058,-23.30513723502058,23.30513723502058,-37.57075162827758
27924,ME,2021,2022,54.57533333333333,56.1701504065406,-1.5948170732072668,1.5948170732072668,-2.9222305679133433
27930,ME,2021,2022,53.07906976744186,56.90741217330412,-3.8283424058622586,3.8283424058622586,-7.212527315636047
27942,ME,2021,2022,70.92,92.82013715011331,-21.90013715011331,21.90013715011331,-30.88005802328442
27948,ME,2021,2022,45.6972602739726,68.03226546994446,-22.33500519597186,22.33500519597186,-48.87602683851272
27960,ME,2021,2022,106.23658536585366,117.22490413541296,-10.9883187695593,10.9883187695593,-10.343252968568342
27984,ME,2021,2022,53.9344262295082,55.31295541382604,-1.3785291843178413,1.3785291843178413,-2.5559355697078514
27996,ME,2021,2022,49.77924528301887,60.62518696955451,-10.845941686535646,10.845941686535646,-21.788079800871365
28002,ME,2021,2022,50.75714285714286,51.090553747433894,-0.33341089029103443,0.33341089029103443,-0.6568748190366567
28008,ME,2021,2022,48.852777777777774,48.69942887192605,0.1533489058517219,0.1533489058517219,0.31390007452447766
28014,ME,2021,2022,63.88,113.7991066912225,-49.9191066912225,49.9191066912225,-78.14512631687931
28026,ME,2021,2022,61.672413793103445,61.86579667127495,-0.193382878171505,0.193382878171505,-0.31356463332254103
28044,ME,2021,2022,65.81739130434782,73.29419463006819,-7.476803325720368,7.476803325720368,-11.359920497527314
28056,ME,2021,2022,66.49454545454546,94.70446076574021,-28.20991531119475,28.20991531119475,-42.424405067147305
28062,ME,2021,2022,85.62857142857143,108.23247535851851,-22.60390392994708,22.60390392994708,-26.397618870475405
28074,ME,2021,2022,83.0621359223301,93.21303059489539,-10.150894672565286,10.150894672565286,-12.220844744538239
28080,ME,2021,2022,48.86727272727273,66.38659353137876,-17.519320804106037,17.519320804106037,-35.8508257702062
28086,ME,2021,2022,67.79636363636364,97.45802083223215,-29.661657195868514,29.661657195868514,-43.75110345882773
28104,ME,2021,2022,76.04705882352941,78.10265812906636,-2.055599305536944,2.055599305536944,-2.7030622056101525
28110,ME,2021,2022,62.98333333333333,97.60454636956109,-34.621213036227765,34.621213036227765,-54.968848430104956
28146,ME,2021,2022,50.00476190476191,49.16196087582977,0.8428010289321364,0.8428010289321364,1.6854415396224036
28158,ME,2021,2022,75.25769230769231,96.98635216037269,-21.72865985268038,21.72865985268038,-28.872344057325595
28164,ME,2021,2022,56.27452830188679,60.98845143700805,-4.713923135121263,4.713923135121263,-8.37665508244378
28380,ME,2021,2022,56.71626794258373,53.60189150960645,3.1143764329772736,3.1143764329772736,5.49115191452669
28392,ME,2021,2022,51.41518987341773,49.374548877438556,2.0406409959791745,2.0406409959791745,3.968945755141926
28404,ME,2021,2022,53.770270270270274,52.37332108949244,1.3969491807778311,1.3969491807778311,2.597995460607175
28410,ME,2021,2022,48.632,50.2346221851664,-1.6026221851664033,1.6026221851664033,-3.295406697578556
28416,ME,2021,2022,64.63927710843373,62.99708941614605,1.6421876922876777,1.6421876922876777,2.5405415495796366
28434,ME,2021,2022,58.273809523809526,78.21639564393374,-19.94258612012421,19.94258612012421,-34.222211115228475
28440,ME,2021,2022,58.99666666666667,60.645945441839146,-1.6492787751724762,1.6492787751724762,-2.7955456949643644
28452,ME,2021,2022,56.6,56.30663999223766,0.29336000776233817,0.29336000776233817,0.5183039006401735
28458,ME,2021,2022,65.00742574257426,64.59765719540206,0.4097685471721917,0.4097685471721917,0.6303411379414593
28470,ME,2021,2022,55.572,61.634292818382896,-6.062292818382893,6.062292818382893,-10.908898039269584
28476,ME,2021,2022,44.016666666666666,62.043865399860756,-18.02719873319409,18.02719873319409,-40.955392805439054
28482,ME,2021,2022,50.37090909090909,55.90770375248444,-5.53679466157535,5.53679466157535,-10.992048310231167
28500,ME,2021,2022,46.40476190476191,52.10616735529998,-5.7014054505380685,5.7014054505380685,-12.286250842616667
28536,ME,2021,2022,51.06066666666667,59.03487016977418,-7.9742035031075105,7.9742035031075105,-15.617115920488391
28542,ME,2021,2022,69.23969465648855,71.5826273624756,-2.342932705987053,2.342932705987053,-3.383799881860821
28548,ME,2021,2022,83.02857142857142,60.75313352901983,22.275437899551598,22.275437899551598,26.82864165465609
28560,ME,2021,2022,45.98857142857143,48.25592481926061,-2.2673533906891805,2.2673533906891805,-4.930254018024435
28566,ME,2021,2022,64.456,79.5882767132038,-15.132276713203794,15.132276713203794,-23.47690938501271
28572,ME,2021,2022,53.94583333333333,55.04280396491722,-1.0969706315838863,1.0969706315838863,-2.0334668384964294
28578,ME,2021,2022,47.128125,55.18421224714084,-8.056087247140844,8.056087247140844,-17.09401179686407
28590,ME,2021,2022,50.6,54.2501571682458,-3.650157168245798,3.650157168245798,-7.213749344359284
28596,ME,2021,2022,51.3,65.13878082576396,-13.838780825763962,13.838780825763962,-26.976180946908308
28608,ME,2021,2022,61.92,76.15346157332336,-14.233461573323353,14.233461573323353,-22.986856546064846
28614,ME,2021,2022,57.14604651162791,61.24580127798223,-4.099754766354323,4.099754766354323,-7.174170422305797
28632,ME,2021,2022,61.56,69.66363086122759,-8.103630861227586,8.103630861227586,-13.163792822007125
28638,ME,2021,2022,73.83235294117647,75.93985913904095,-2.107506197864481,2.107506197864481,-2.8544481029116984
28644,ME,2021,2022,49.72,51.69045291919151,-1.9704529191915086,1.9704529191915086,-3.963099193868682
28656,ME,2021,2022,46.18529411764706,48.77348991999892,-2.588195802351862,2.588195802351862,-5.603939201424142
28662,ME,2021,2022,40.92857142857143,40.84154118421001,0.08703024436142215,0.08703024436142215,0.21263934049911168
28674,ME,2021,2022,65.53,98.18331632016768,-32.653316320167676,32.653316320167676,-49.8295686253131
28680,ME,2021,2022,49.26,62.944641879728294,-13.684641879728296,13.684641879728296,-27.78043418540052
28686,ME,2021,2022,65.67692307692307,60.22917462255569,5.447748454367385,5.447748454367385,8.294768084654018
28698,ME,2021,2022,66.43913043478261,66.44138290397187,-0.002252469189258477,0.002252469189258477,-0.0033902749396600334
28710,ME,2021,2022,51.24842105263158,55.90997379547409,-4.66155274284251,4.66155274284251,-9.09599290494266
28716,ME,2021,2022,49.695,48.001423566978666,1.6935764330213345,1.6935764330213345,3.4079413080216012
28722,ME,2021,2022,43.96521739130435,45.43538711028057,-1.4701697189762228,1.4701697189762228,-3.343938245297975
29046,ME,2021,2022,59.13746630727763,65.0003578332402,-5.862891525962574,5.862891525962574,-9.914005269517387
29058,ME,2021,2022,108.19781818181818,133.92820489187284,-25.73038671005466,25.73038671005466,-23.780873905254456
29082,ME,2021,2022,77.19367088607595,80.31393847884678,-3.12026759277083,3.12026759277083,-4.04212878718488
29088,ME,2021,2022,104.9967741935484,128.31766991165307,-23.320895718104666,23.320895718104666,-22.211059241796814
29094,ME,2021,2022,82.66859903381642,96.16326098713745,-13.494661953321028,13.494661953321028,-16.323806271110147
29118,ME,2021,2022,62.98636363636364,79.57239082607761,-16.586027189713967,16.586027189713967,-26.33272700972124
29124,ME,2021,2022,81.04074074074074,90.61061443143858,-9.569873690697833,9.569873690697833,-11.808719420905875
29136,ME,2021,2022,109.2519801980198,117.46599788057452,-8.214017682554726,8.214017682554726,-7.518415380359034
29148,ME,2021,2022,65.80375,78.96904736986997,-13.165297369869975,13.165297369869975,-20.006910502623295
29154,ME,2021,2022,95.3125,111.61692269773741,-16.304422697737408,16.304422697737408,-17.106279551724494
29160,ME,2021,2022,84.0732558139535,97.41417343529649,-13.340917621342996,13.340917621342996,-15.868206235363644
29166,ME,2021,2022,63.42702702702703,66.37645982030969,-2.9494327932826607,2.9494327932826607,-4.650119880324631
29172,ME,2021,2022,74.83065326633165,85.13137481458168,-10.300721548250024,10.300721548250024,-13.765377019479526
29178,ME,2021,2022,71.53548387096774,94.06528507134432,-22.529801200376582,22.529801200376582,-31.494581403845334
29184,ME,2021,2022,62.17102803738318,62.16595474805459,0.005073289328592523,0.005073289328592523,0.008160214634929271
29406,ME,2021,2022,58.76937919463087,62.91157513425662,-4.142195939625751,4.142195939625751,-7.048221363556922
29460,ME,2021,2022,63.75922330097087,68.74241081664042,-4.983187515669542,4.983187515669542,-7.815633970550048
29466,ME,2021,2022,49.28314606741573,52.21950000581844,-2.9363539384027106,2.9363539384027106,-5.9581300560357775
29472,ME,2021,2022,50.68958333333333,51.841919299203475,-1.1523359658701438,1.1523359658701438,-2.2733190728604207
29490,ME,2021,2022,70.14360086767896,73.43211428624508,-3.288513418566126,3.288513418566126,-4.688258626427917
29502,ME,2021,2022,87.7239263803681,116.88295558292089,-29.159029202552787,29.159029202552787,-33.23953954833278
29508,ME,2021,2022,111.97142857142858,108.27585019933755,3.6955783720910205,3.6955783720910205,3.3004655019950424
29520,ME,2021,2022,48.84857142857143,45.85400234409521,2.9945690844762254,2.9945690844762254,6.130310461289576
29526,ME,2021,2022,54.282051282051285,57.47577771227341,-3.193726430222128,3.193726430222128,-5.883577268713414
29532,ME,2021,2022,53.99591836734694,53.3537714805233,0.6421468868236389,0.6421468868236389,1.1892507919857247
29538,ME,2021,2022,48.96,43.53422369790471,5.425776302095294,5.425776302095294,11.082059440554112
29544,ME,2021,2022,52.99320388349515,53.93138768676034,-0.9381838032651899,0.9381838032651899,-1.770385133398944
29562,ME,2021,2022,56.88291139240506,58.62704549211008,-1.7441340997050148,1.7441340997050148,-3.066182895726201
29568,ME,2021,2022,52.28019801980198,52.968913761197015,-0.6887157413950362,0.6887157413950362,-1.317354882883523
29574,ME,2021,2022,46.56976744186046,47.75326067079517,-1.183493228934708,1.183493228934708,-2.5413337749908838
29580,ME,2021,2022,47.48622448979592,49.217024511640396,-1.7308000218444732,1.7308000218444732,-3.644846564326031
29592,ME,2021,2022,71.10714285714286,75.23835052734876,-4.131207670205896,4.131207670205896,-5.809834995769216
29616,ME,2021,2022,73.92142857142858,83.37446180525392,-9.453033233825337,9.453033233825337,-12.787947171084618
29622,ME,2021,2022,57.11645161290323,56.300957478984195,0.8154941339190316,0.8154941339190316,1.4277745043510417
29628,ME,2021,2022,65.88567774936061,63.26363772258467,2.6220400267759416,2.6220400267759416,3.9796813455430944
29634,ME,2021,2022,53.04565217391304,55.05860735974889,-2.0129551858358496,2.0129551858358496,-3.794759991330236
29646,ME,2021,2022,55.07931034482758,57.23386568376594,-2.1545553389383585,2.1545553389383585,-3.9117326005892696
29652,ME,2021,2022,42.08269230769231,49.39849539456791,-7.315803086875597,7.315803086875597,-17.384351346594663
29658,ME,2021,2022,51.07654320987654,50.83583037926756,0.2407128306089774,0.2407128306089774,0.4712786251408482
29670,ME,2021,2022,81.23728813559322,72.94718924076923,8.290098894823984,8.290098894823984,10.204795217913938
29682,ME,2021,2022,97.37422680412372,93.85833527273714,3.515891531386586,3.515891531386586,3.6107003329115943
29694,ME,2021,2022,53.162962962962965,71.47162108589478,-18.308658122931817,18.308658122931817,-34.43874664338575
29700,ME,2021,2022,54.50531400966184,53.051677478310424,1.453636531351414,1.453636531351414,2.666962951710977
29706,ME,2021,2022,56.36078431372549,57.918189460289476,-1.5574051465639869,1.5574051465639869,-2.763277987571783
29712,ME,2021,2022,64.24193548387096,67.00846169359772,-2.766526209726763,2.766526209726763,-4.306417901156397
29718,ME,2021,2022,60.543125,61.75098402022648,-1.2078590202264792,1.2078590202264792,-1.9950391067961541
29730,ME,2021,2022,56.505405405405405,57.54218751146303,-1.0367821060576219,1.0367821060576219,-1.8348370365969295
29736,ME,2021,2022,51.097297297297295,60.17476895038349,-9.077471653086192,9.077471653086192,-17.765071996413262
29742,ME,2021,2022,59.83299492385787,63.71796037550592,-3.88496545164805,3.88496545164805,-6.493015194362191
29748,ME,2021,2022,60.41935483870968,65.22400629690028,-4.804651458190605,4.804651458190605,-7.952172728452149
29766,ME,2021,2022,52.25333333333333,51.06336932387244,1.189964009460887,1.189964009460887,2.277297798151736
29778,ME,2021,2022,78.14879356568365,78.53833223047059,-0.3895386647869401,0.3895386647869401,-0.49845768183169065
29790,ME,2021,2022,53.00561797752809,54.900939216004204,-1.8953212384761144,1.8953212384761144,-3.575698785890285
29796,ME,2021,2022,51.654794520547945,53.51868795410576,-1.8638934335578128,1.8638934335578128,-3.608364820455084
29802,ME,2021,2022,61.8320652173913,64.85468127440822,-3.0226160570169185,3.0226160570169185,-4.8884281098971885
29814,ME,2021,2022,52.65846153846154,54.22750220535629,-1.5690406668947503,1.5690406668947503,-2.9796553508285255
29820,ME,2021,2022,84.39655172413794,87.05061929738754,-2.6540675732496055,2.6540675732496055,-3.1447583094683784
29826,ME,2021,2022,55.42604166666667,56.58527393929517,-1.1592322726285005,1.1592322726285005,-2.091493885852695
29838,ME,2021,2022,83.57671232876713,76.82896532035386,6.7477470084132705,6.7477470084132705,8.07371673328037
29844,ME,2021,2022,52.82323943661972,58.38456857788368,-5.561329141263954,5.561329141263954,-10.528186458418075
29856,ME,2021,2022,63.06739606126914,66.03412938798556,-2.9667333267164153,2.9667333267164153,-4.704068206390309
29868,ME,2021,2022,75.19411764705882,74.14159973105423,1.0525179160045894,1.0525179160045894,1.3997343794162576
29874,ME,2021,2022,51.65192307692308,49.137063311901215,2.5148597650218676,2.5148597650218676,4.86885988983719
29886,ME,2021,2022,63.126315789473686,77.7683952625089,-14.642079473035217,14.642079473035217,-23.1948899439444
29892,ME,2021,2022,60.06111111111111,65.4824045726966,-5.421293461585485,5.421293461585485,-9.026295653365898
29898,ME,2021,2022,53.0775,53.27590447851408,-0.19840447851407816,0.19840447851407816,-0.37380147616989906
29904,ME,2021,2022,47.63076923076923,60.15055071353407,-12.519781482764834,12.519781482764834,-26.285070942497228
29916,ME,2021,2022,51.34285714285714,54.14657280375934,-2.803715660902199,2.803715660902199,-5.4607706250181955
29922,ME,2021,2022,53.08510638297872,53.363136654074516,-0.27803027109579403,0.27803027109579403,-0.5237443984570068
29928,ME,2021,2022,51.73139534883721,56.54535250456975,-4.813957155732538,4.813957155732538,-9.305678153993084
29934,ME,2021,2022,69.31009174311927,69.49407261767875,-0.18398087455948087,0.18398087455948087,-0.26544601216423214
30006,VT,2021,2022,69.46105527638191,74.42779713834582,-4.966741861963911,4.966741861963911,-7.150397934787349
30192,VT,2021,2022,66.1758064516129,68.25110787717244,-2.0753014255595446,2.0753014255595446,-3.1360425158958734
30198,VT,2021,2022,67.36709677419354,73.1687606653034,-5.801663891109854,5.801663891109854,-8.612014126950339
30204,VT,2021,2022,63.02105263157895,81.41709600143588,-18.396043369856933,18.396043369856933,-29.190314350031883
30210,VT,2021,2022,81.86666666666666,81.12713638696417,0.7395302797024925,0.7395302797024925,0.903335032209885
30216,VT,2021,2022,74.76122448979592,93.52360495360973,-18.762380463813813,18.762380463813813,-25.09640604719452
30222,VT,2021,2022,87.67755102040816,131.55402972470802,-43.876478704299856,43.876478704299856,-50.04300210676163
30228,VT,2021,2022,65.28970588235295,76.93538054644247,-11.645674664089526,11.645674664089526,-17.836923151521223
30234,VT,2021,2022,62.07872340425532,61.64282960140135,0.4358938028539683,0.4358938028539683,0.7021629617210992
30240,VT,2021,2022,67.6448275862069,79.18934781646713,-11.544520230260233,11.544520230260233,-17.066375423232234
30246,VT,2021,2022,51.57333333333333,68.49878250828189,-16.92544917494856,16.92544917494856,-32.818218410577614
30252,VT,2021,2022,57.59032258064517,62.769967580260165,-5.179644999614993,5.179644999614993,-8.993950315804893
30258,VT,2021,2022,88.0,101.31377394393407,-13.313773943934066,13.313773943934066,-15.129288572652348
30270,VT,2021,2022,74.06962025316456,76.80637966216734,-2.7367594090027865,2.7367594090027865,-3.6948473606976013
30276,VT,2021,2022,63.18571428571428,65.45483774536291,-2.2691234596486254,2.2691234596486254,-3.5911969743478136
30288,VT,2021,2022,86.39416058394161,107.25567863007791,-20.861518046136297,20.861518046136297,-24.146907505243938
30306,VT,2021,2022,59.16274509803922,65.28675140131611,-6.124006303276893,6.124006303276893,-10.351119261164667
30312,VT,2021,2022,57.62222222222222,68.01389087104728,-10.39166864882506,10.39166864882506,-18.034133790864935
30318,VT,2021,2022,125.70666666666666,149.54309633534422,-23.836429668677553,23.836429668677553,-18.96194553617752
30330,VT,2021,2022,186.45367231638417,217.31860936735993,-30.864937050975755,30.864937050975755,-16.553676131732363
30336,VT,2021,2022,68.11666666666666,88.63220843558476,-20.515541768918098,20.515541768918098,-30.118240913508345
30348,VT,2021,2022,66.77894736842106,66.0196274017889,0.7593199666321624,0.7593199666321624,1.1370648932858674
30360,VT,2021,2022,64.75967741935484,66.1747108788117,-1.4150334594568506,1.4150334594568506,-2.1850532860034555
30366,VT,2021,2022,79.3638888888889,79.59148183721996,-0.2275929483310648,0.2275929483310648,-0.28677141646838866
30372,VT,2021,2022,88.28108108108108,137.03875786900525,-48.75767678792417,48.75767678792417,-55.23004044676691
30390,VT,2021,2022,77.43548387096774,84.9962102895205,-7.560726418552761,7.560726418552761,-9.763904143933996
30402,VT,2021,2022,112.64666666666666,106.90866875890553,5.737997907761127,5.737997907761127,5.093801776434687
30408,VT,2021,2022,66.1189024390244,67.21269001700927,-1.0937875779848696,1.0937875779848696,-1.6542736458663585
30414,VT,2021,2022,55.2939393939394,56.39066903732878,-1.0967296433893807,1.0967296433893807,-1.9834536215185816
30420,VT,2021,2022,91.89354838709676,106.40759351492133,-14.514045127824573,14.514045127824573,-15.794411449523004
30426,VT,2021,2022,166.4294117647059,262.8117172702987,-96.3823055055928,96.3823055055928,-57.91182248595332
30432,VT,2021,2022,108.16818181818182,112.15726961031442,-3.989087792132594,3.989087792132594,-3.687856932677105
30450,VT,2021,2022,99.58939393939394,106.46280461692751,-6.87341067753357,6.87341067753357,-6.901749680007541
30456,VT,2021,2022,49.135714285714286,61.68131967156193,-12.545605385847644,12.545605385847644,-25.532559296680766
30462,VT,2021,2022,78.28275862068965,83.78532088801806,-5.502562267328415,5.502562267328415,-7.029085796516784
30474,VT,2021,2022,67.44857142857143,70.6067019778741,-3.158130549302669,3.158130549302669,-4.6822793758458685
30486,VT,2021,2022,50.753488372093024,48.48685882737551,2.2666295447175173,2.2666295447175173,4.465958138877073
30498,VT,2021,2022,50.62307692307692,72.5168213208709,-21.89374439779398,21.89374439779398,-43.24854538388114
30504,VT,2021,2022,57.03636363636364,68.38190949505318,-11.34554585868954,11.34554585868954,-19.89177629033869
30516,VT,2021,2022,59.085,63.41952140455187,-4.334521404551872,4.334521404551872,-7.3360775231477895
30534,VT,2021,2022,69.67873303167421,77.44226176806983,-7.763528736395614,7.763528736395614,-11.141891361409382
30546,VT,2021,2022,146.31525423728814,185.95315611087557,-39.637901873587424,39.637901873587424,-27.090751460066002
30606,VT,2021,2022,52.53865979381443,52.67164812990791,-0.13298833609347582,0.13298833609347582,-0.2531247211394095
30852,VT,2021,2022,67.42571428571429,82.585404893407,-15.15969060769271,15.15969060769271,-22.483544695505945
30858,VT,2021,2022,72.02067510548524,77.49401243724954,-5.473337331764299,5.473337331764299,-7.599675126271397
30876,VT,2021,2022,88.18064516129033,91.16352203698237,-2.9828768756920425,2.9828768756920425,-3.3826888771749086
30888,VT,2021,2022,102.21176470588236,101.57000172797974,0.6417629779026157,0.6417629779026157,0.6278758416404504
30894,VT,2021,2022,80.3234375,93.2593367566959,-12.935899256695905,12.935899256695905,-16.104763017264922
30900,VT,2021,2022,51.90408163265306,55.77786364844207,-3.8737820157890113,3.8737820157890113,-7.463347571016457
30906,VT,2021,2022,71.11571428571429,79.29931034143698,-8.183596055722688,8.183596055722688,-11.50743705230084
30912,VT,2021,2022,110.04347826086956,143.4570925914898,-33.41361433062025,33.41361433062025,-30.36401144228628
30918,VT,2021,2022,62.27619047619048,64.37942395499117,-2.1032334788006892,2.1032334788006892,-3.377267399817592
30924,VT,2021,2022,80.19767441860465,73.7545632473425,6.443111171262146,6.443111171262146,8.034037418131717
30930,VT,2021,2022,84.08545454545454,101.16366803998773,-17.078213494533188,17.078213494533188,-20.310544299075083
30936,VT,2021,2022,61.04046511627907,62.45341828917706,-1.4129531728979856,1.4129531728979856,-2.3147811377360568
30948,VT,2021,2022,43.63,38.77674419486122,4.8532558051387795,4.8532558051387795,11.123666754844784
30966,VT,2021,2022,142.89032258064515,171.54531675317028,-28.654994172525136,28.654994172525136,-20.053838255108346
31206,VT,2021,2022,56.68825174825175,59.63629140063708,-2.948039652385326,2.948039652385326,-5.200441998947767
31500,VT,2021,2022,77.51538461538462,91.10638628799592,-13.591001672611299,13.591001672611299,-17.53329579675964
31506,VT,2021,2022,183.54025974025973,208.46011848641376,-24.919858746154034,24.919858746154034,-13.577325640390733
31512,VT,2021,2022,59.47368421052632,72.37349150919722,-12.8998072986709,12.8998072986709,-21.689941475641337
31518,VT,2021,2022,87.7,79.93961488944151,7.760385110558488,7.760385110558488,8.848785758903635
31530,VT,2021,2022,120.80444444444444,126.862559224266,-6.058114779821551,6.058114779821551,-5.014811174937821
31542,VT,2021,2022,67.2780303030303,78.07061936792601,-10.792589064895708,10.792589064895708,-16.041773244972056
31560,VT,2021,2022,78.75882352941177,84.99961745507517,-6.240793925663397,6.240793925663397,-7.923929848104992
31566,VT,2021,2022,57.59747899159664,63.339862040046015,-5.742383048449376,5.742383048449376,-9.969851370208719
31572,VT,2021,2022,86.61229508196722,83.87821882065673,2.7340762613104914,2.7340762613104914,3.1566837695768775
31806,VT,2021,2022,65.76791443850267,72.73447781583583,-6.966563377333159,6.966563377333159,-10.592647549812993
32040,VT,2021,2022,164.29795918367347,156.5528767514318,7.745082432241674,7.745082432241674,4.714046644720169
32046,VT,2021,2022,81.06818181818181,74.27380163172563,6.794380186456181,6.794380186456181,8.381068915168823
32052,VT,2021,2022,65.0909090909091,78.4315675620331,-13.340658471124001,13.340658471124001,-20.495425025469835
32058,VT,2021,2022,73.3232558139535,70.84713454856006,2.476121265393431,2.476121265393431,3.3769930670784842
32070,VT,2021,2022,76.66951219512195,79.44717063034192,-2.777658435219962,2.777658435219962,-3.6228982755895096
32076,VT,2021,2022,74.97991452991452,83.60530533323785,-8.625390803323327,8.625390803323327,-11.503601807764237
32100,VT,2021,2022,63.443243243243245,78.51952400463524,-15.076280761391999,15.076280761391999,-23.763414338055036
32112,VT,2021,2022,75.08333333333333,80.83108718183756,-5.747753848504232,5.747753848504232,-7.655166057941264
32118,VT,2021,2022,71.33148148148148,73.41257097545581,-2.081089493974332,2.081089493974332,-2.917490918108309
32124,VT,2021,2022,67.23873873873873,71.4260507094813,-4.18731197074257,4.18731197074257,-6.227529024618816
32130,VT,2021,2022,62.44166666666667,74.81695644332567,-12.375289776658995,12.375289776658995,-19.81896133990497
32136,VT,2021,2022,72.6,73.52741900153572,-0.9274190015357249,0.9274190015357249,-1.2774366412337808
32148,VT,2021,2022,62.21578947368421,68.85486711705056,-6.639077643366349,6.639077643366349,-10.671049422549753
32154,VT,2021,2022,70.23703703703704,71.65688089181913,-1.419843854782087,1.419843854782087,-2.0215030625984154
32160,VT,2021,2022,77.31739130434782,66.04088468968315,11.276506614664669,11.276506614664669,14.584696178220064
32166,VT,2021,2022,71.58421052631579,72.24954125975019,-0.6653307334344021,0.6653307334344021,-0.9294378306928638
32172,VT,2021,2022,91.2375,111.92895837458727,-20.69145837458727,20.69145837458727,-22.678677489614767
32178,VT,2021,2022,72.44333333333333,74.14049532800138,-1.6971619946680505,1.6971619946680505,-2.342744206508145
32406,VT,2021,2022,77.71724137931035,84.2146116724771,-6.497370293166753,6.497370293166753,-8.360268812753386
32418,VT,2021,2022,105.40523560209424,116.0836371716742,-10.678401569579961,10.678401569579961,-10.130807552948346
32424,VT,2021,2022,60.69653465346535,53.3703777316518,7.326156921813549,7.326156921813549,12.070140352560106
32448,VT,2021,2022,82.14018867924528,86.56050708014375,-4.420318400898466,4.420318400898466,-5.381432002986581
32640,VT,2021,2022,62.42612612612613,67.8676094901208,-5.441483363994671,5.441483363994671,-8.716676336764296
32646,VT,2021,2022,64.19393939393939,63.369186413503535,0.8247529804358535,0.8247529804358535,1.2847832493572116
32652,VT,2021,2022,54.90588235294118,57.43417874452014,-2.5282963915789622,2.5282963915789622,-4.604782371635136
32658,VT,2021,2022,75.34553314121038,80.85544843957213,-5.509915298361747,5.509915298361747,-7.312862579438155
32664,VT,2021,2022,78.834,77.81487133945528,1.0191286605447232,1.0191286605447232,1.2927526962284335
32670,VT,2021,2022,209.51206030150755,302.1254299284713,-92.61336962696376,92.61336962696376,-44.204314297556145
32676,VT,2021,2022,93.28320268756998,99.91946622749582,-6.636263539925835,6.636263539925835,-7.114103449205565
32688,VT,2021,2022,79.745,84.04134363252216,-4.296343632522152,4.296343632522152,-5.387602523696974
32700,VT,2021,2022,62.89543726235741,62.26733063537503,0.6281066269823796,0.6281066269823796,0.9986521349113795
32712,VT,2021,2022,88.87988313856427,94.14052786495255,-5.2606447263882785,5.2606447263882785,-5.918824981111757
32724,VT,2021,2022,87.62338129496403,86.2402025637274,1.3831787312366401,1.3831787312366401,1.5785498240252633
32730,VT,2021,2022,78.7235294117647,85.47062580308405,-6.747096391319346,6.747096391319346,-8.570622330750123
32736,VT,2021,2022,85.4030303030303,91.10658694827175,-5.703556645241449,5.703556645241449,-6.678400783911146
32742,VT,2021,2022,66.76296296296296,66.17894906287215,0.5840139000908096,0.5840139000908096,0.8747573117969522
32748,VT,2021,2022,93.64789915966388,100.64162699682777,-6.993727837163888,6.993727837163888,-7.468109695915351
32754,VT,2021,2022,60.33092783505155,56.15109526513331,4.17983256991824,4.17983256991824,6.928175514466077
32766,VT,2021,2022,100.17537313432835,112.06495653436546,-11.889583400037111,11.889583400037111,-11.868768768242061
32772,VT,2021,2022,88.38285714285715,93.8701064423947,-5.487249299537552,5.487249299537552,-6.208499563063759
32778,VT,2021,2022,78.91923076923077,83.79188368713288,-4.872652917902116,4.872652917902116,-6.1742275873802335
32784,VT,2021,2022,73.67483870967742,76.36709861209395,-2.692259902416538,2.692259902416538,-3.65424607582195
32790,VT,2021,2022,107.61279461279462,117.4422704495637,-9.829475836769078,9.829475836769078,-9.134114463003085
32808,VT,2021,2022,76.23991769547325,75.20705217592283,1.0328655195504268,1.0328655195504268,1.3547568659190108
32826,VT,2021,2022,67.62142857142857,71.72295058439386,-4.10152201296529,4.10152201296529,-6.065417574893215
32832,VT,2021,2022,85.71122448979592,91.03673171927613,-5.325507229480209,5.325507229480209,-6.213313671786617
32838,VT,2021,2022,107.34342105263158,99.66972868202329,7.673692370608293,7.673692370608293,7.148730956549078
32844,VT,2021,2022,100.76666666666668,138.2977595535974,-37.53109288693071,37.53109288693071,-37.245543718422795
32856,VT,2021,2022,51.597841726618704,47.47251573919938,4.125325987419323,4.125325987419323,7.995152218336135
32862,VT,2021,2022,101.93765182186236,106.51685682410236,-4.579205002240002,4.579205002240002,-4.4921625330768205
32868,VT,2021,2022,71.81197007481296,71.30016880839977,0.5118012664131868,0.5118012664131868,0.7126963177308707
32892,VT,2021,2022,186.48390804597705,226.95678829758037,-40.47288025160333,40.47288025160333,-21.703148907424687
32898,VT,2021,2022,71.51428571428572,63.815484550653224,7.698801163632496,7.698801163632496,10.76540314531112
32916,VT,2021,2022,131.2157894736842,169.2531284355356,-38.03733896185139,38.03733896185139,-28.988385555139246
32922,VT,2021,2022,68.72692307692307,67.5817733793883,1.1451496975347766,1.1451496975347766,1.6662315818402929
32928,VT,2021,2022,71.31813602015113,73.74461846646791,-2.4264824463167827,2.4264824463167827,-3.4023357615953023
32934,VT,2021,2022,105.9622754491018,117.5453021244374,-11.583026675335603,11.583026675335603,-10.931274008832913
32946,VT,2021,2022,75.02616822429907,80.17212994217464,-5.145961717875565,5.145961717875565,-6.85888915783509
32952,VT,2021,2022,60.76829268292683,61.54280709595034,-0.7745144130235104,0.7745144130235104,-1.2745370633740287
32964,VT,2021,2022,101.54329896907215,113.6282498367945,-12.084950867722341,12.084950867722341,-11.901278558423781
32970,VT,2021,2022,118.34614173228348,124.34536837139383,-5.999226639110347,5.999226639110347,-5.069220298437347
33612,VT,2021,2022,84.235,89.91599398896139,-5.68099398896139,5.68099398896139,-6.74422032286032
33846,VT,2021,2022,70.34144893111639,69.38174853752948,0.959700393586914,0.959700393586914,1.3643455006545635
33882,VT,2021,2022,58.79622641509434,65.47486601299056,-6.678639597896222,6.678639597896222,-11.358959588232455
33888,VT,2021,2022,82.22,92.05668830839727,-9.836688308397271,9.836688308397271,-11.963863182190794
33894,VT,2021,2022,61.81454545454545,65.36432354379804,-3.549778089252584,3.549778089252584,-5.74262588707842
33900,VT,2021,2022,74.11636363636363,81.43951142367527,-7.32314778731164,7.32314778731164,-9.88060858360662
33906,VT,2021,2022,82.47888888888889,86.05326338636033,-3.574374497471439,3.574374497471439,-4.333684104652093
33912,VT,2021,2022,51.01489361702128,50.88855299664105,0.1263406203802262,0.1263406203802262,0.24765438369565132
33918,VT,2021,2022,47.7,55.50596474574546,-7.805964745745456,7.805964745745456,-16.364705965923388
33924,VT,2021,2022,61.15873015873016,61.64313385233136,-0.4844036936012017,0.4844036936012017,-0.7920434128439062
33930,VT,2021,2022,72.6025,74.86181617816823,-2.25931617816822,2.25931617816822,-3.111898596010082
33936,VT,2021,2022,54.61420118343195,55.052212228826136,-0.4380110453941839,0.4380110453941839,-0.8020094332663448
33948,VT,2021,2022,61.04358974358974,66.03819321972324,-4.9946034761334985,4.9946034761334985,-8.18202778885229
33960,VT,2021,2022,108.2,111.11936491629046,-2.919364916290462,2.919364916290462,-2.698119146294327
33966,VT,2021,2022,73.64068322981366,83.61391805455989,-9.973234824746228,9.973234824746228,-13.543104690680726
33978,VT,2021,2022,67.57224489795918,68.14353651671202,-0.5712916187528378,0.5712916187528378,-0.8454530696968039
34002,VT,2021,2022,71.21935483870968,73.39110436417505,-2.1717495254653727,2.1717495254653727,-3.049381071176128
34014,VT,2021,2022,59.52692307692308,66.80285081785408,-7.275927740930996,7.275927740930996,-12.222919252064733
34032,VT,2021,2022,164.39724137931034,206.22308422184955,-41.8258428425392,41.8258428425392,-25.44193715880871
34038,VT,2021,2022,101.66942675159235,110.03148486181726,-8.362058110224908,8.362058110224908,-8.224751901725401
34044,VT,2021,2022,99.66382978723404,149.72221315685402,-50.05838336961999,50.05838336961999,-50.2272323635229
34050,VT,2021,2022,57.86296296296296,63.77392945707532,-5.910966494112358,5.910966494112358,-10.215457680409248
34056,VT,2021,2022,85.74270462633451,93.27236832575794,-7.529663699423423,7.529663699423423,-8.78169604310663
34062,VT,2021,2022,131.2921875,154.34161822059448,-23.049430720594472,23.049430720594472,-17.55582808047468
34074,VT,2021,2022,60.42542372881356,62.70181703588131,-2.2763933070677496,2.2763933070677496,-3.767277358755637
34080,VT,2021,2022,62.24907407407407,61.64187734227921,0.6071967317948648,0.6071967317948648,0.9754309454825357
34086,VT,2021,2022,58.355555555555554,70.56739548339735,-12.211839927841794,12.211839927841794,-20.926610691274973
34092,VT,2021,2022,69.0241935483871,80.22426545616527,-11.200071907778167,11.200071907778167,-16.22629882655091
34206,VT,2021,2022,70.51739130434783,74.96997679673018,-4.4525854923823545,4.4525854923823545,-6.314166491447941
34380,VT,2021,2022,95.56666666666666,99.3087216185432,-3.74205495187654,3.74205495187654,-3.9156487114159817
34392,VT,2021,2022,74.80196078431372,82.70236290395597,-7.900402119642251,7.900402119642251,-10.561758056613668
34398,VT,2021,2022,66.83236245954693,69.54063853919945,-2.7082760796525207,2.7082760796525207,-4.052342278475967
34404,VT,2021,2022,72.5865671641791,79.58940961542704,-7.002842451247943,7.002842451247943,-9.64757354540358
34410,VT,2021,2022,65.028,68.64323005683062,-3.6152300568306117,3.6152300568306117,-5.559497534647554
34416,VT,2021,2022,77.77777777777777,68.51911415101074,9.258663626767031,9.258663626767031,11.903996091557612
34422,VT,2021,2022,82.86,86.85310710200949,-3.993107102009489,3.993107102009489,-4.819101016183308
34428,VT,2021,2022,84.26379310344828,95.20799285065496,-10.944199747206682,10.944199747206682,-12.988021716243889
34434,VT,2021,2022,63.72258064516129,69.99836833763008,-6.275787692468796,6.275787692468796,-9.848608811710676
34452,VT,2021,2022,67.8625,76.67553835000541,-8.813038350005414,8.813038350005414,-12.98661020446552
34458,VT,2021,2022,58.41634615384616,56.40632298958423,2.0100231642619306,2.0100231642619306,3.440857391128681
34464,VT,2021,2022,65.33,66.87956680708285,-1.5495668070828543,1.5495668070828543,-2.3719069448689027
34482,VT,2021,2022,50.58,59.85486698275055,-9.274866982750552,9.274866982750552,-18.337024481515527
34488,VT,2021,2022,48.0375,50.639804491045595,-2.6023044910455937,2.6023044910455937,-5.4172354744638955
34506,VT,2021,2022,105.48686868686868,119.45778051580155,-13.97091182893287,13.97091182893287,-13.244218927764997
34518,VT,2021,2022,101.7812356979405,129.29419361808496,-27.51295792014446,27.51295792014446,-27.031463836610868
34542,VT,2021,2022,62.404,66.97447966740852,-4.570479667408513,4.570479667408513,-7.324017158208629
34548,VT,2021,2022,63.6175,67.08323152742383,-3.4657315274238343,3.4657315274238343,-5.447764416117946
34554,VT,2021,2022,64.81904761904762,71.05479477407636,-6.235747155028733,6.235747155028733,-9.620238778695517
34560,VT,2021,2022,67.18333333333334,67.35965133068157,-0.17631799734823517,0.17631799734823517,-0.2624430622896083
34566,VT,2021,2022,76.45,81.99847240199551,-5.548472401995511,5.548472401995511,-7.257648661864631
34572,VT,2021,2022,80.82068965517242,101.83574864226924,-21.015058987096822,21.015058987096822,-26.002078275697922
34578,VT,2021,2022,76.45384615384616,78.59668195296409,-2.1428357991179325,2.1428357991179325,-2.802783518315034
34584,VT,2021,2022,60.25675675675676,61.1507923447966,-0.8940355880398414,0.8940355880398414,-1.4837101034973819
34590,VT,2021,2022,62.7314606741573,62.69494532281791,0.03651535133938921,0.03651535133938921,0.05820899266009279
34602,VT,2021,2022,69.51186440677967,76.21424435423685,-6.702379947457189,6.702379947457189,-9.642066148931388
34614,VT,2021,2022,73.34426229508196,73.57629785665638,-0.2320355615744205,0.2320355615744205,-0.31636498113633554
34620,VT,2021,2022,68.9578947368421,73.63529533386071,-4.677400597018604,4.677400597018604,-6.782980563528734
34632,VT,2021,2022,65.46,69.14507586728664,-3.685075867286642,3.685075867286642,-5.629507893807887
34638,VT,2021,2022,73.43047619047618,78.28735956213697,-4.8568833716607855,4.8568833716607855,-6.614261031158499
34644,VT,2021,2022,73.55,80.0173744008251,-6.467374400825108,6.467374400825108,-8.793167098334614
34650,VT,2021,2022,63.06333333333333,64.81076173857784,-1.7474284052445057,1.7474284052445057,-2.7709103101292443
34656,VT,2021,2022,52.04285714285714,44.38822537024988,7.65463177260726,7.65463177260726,14.7083234719327
34662,VT,2021,2022,62.30681818181818,61.6831068359293,0.6237113458888786,0.6237113458888786,1.001032253113648
34668,VT,2021,2022,55.96052631578947,59.65831970787938,-3.697793392089906,3.697793392089906,-6.607860282126332
34914,VT,2021,2022,62.86555819477434,63.150333722067955,-0.2847755272936183,0.2847755272936183,-0.4529913285925299
34920,VT,2021,2022,50.35,53.38644918024447,-3.0364491802444675,3.0364491802444675,-6.03068357546071
34926,VT,2021,2022,76.8,76.18199226562633,0.6180077343736627,0.6180077343736627,0.80469757079904
34932,VT,2021,2022,53.3734693877551,55.0575955857576,-1.6841261980025024,1.6841261980025024,-3.1553620503239634
34944,VT,2021,2022,56.83220338983051,56.34934618774941,0.4828572020810995,0.4828572020810995,0.849619006972201
34956,VT,2021,2022,62.03414634146341,66.62556691334231,-4.591420571878899,4.591420571878899,-7.401440726863052
34962,VT,2021,2022,120.472,151.3743787133303,-30.902378713330293,30.902378713330293,-25.65108798171384
34968,VT,2021,2022,96.59454545454544,85.81662545119235,10.777920003353088,10.777920003353088,11.157897117932878
34974,VT,2021,2022,66.32692307692308,69.80930030127922,-3.482377224356142,3.482377224356142,-5.250322286648866
34980,VT,2021,2022,54.02716049382716,52.5618900936796,1.4652704001475598,1.4652704001475598,2.7120995935275434
34992,VT,2021,2022,96.11481481481482,103.01707689965285,-6.9022620848380285,6.9022620848380285,-7.181267630943962
35016,VT,2021,2022,57.45,61.414603827153925,-3.9646038271539226,3.9646038271539226,-6.900964015933721
35022,VT,2021,2022,50.54705882352941,61.293643867153385,-10.746585043623973,10.746585043623973,-21.260554607425526
35034,VT,2021,2022,58.46842105263158,64.01537306438718,-5.5469520117556,5.5469520117556,-9.487090487294662
35046,VT,2021,2022,104.63333333333334,103.7881301403959,0.8452031929374471,0.8452031929374471,0.8077762277197645
35052,VT,2021,2022,49.75333333333333,52.03920194472396,-2.285868611390633,2.285868611390633,-4.594402943971526
35058,VT,2021,2022,53.91159420289855,54.596380518483386,-0.6847863155848373,0.6847863155848373,-1.2702023112275538
35070,VT,2021,2022,54.87301587301587,58.01024281508098,-3.137226942065105,3.137226942065105,-5.717248983225387
35076,VT,2021,2022,51.22063492063492,50.33631508353672,0.8843198370982037,0.8843198370982037,1.7264913612813175
35082,VT,2021,2022,50.65238095238095,48.92206773099021,1.7303132213907446,1.7303132213907446,3.4160550577423745
35100,VT,2021,2022,46.784615384615385,43.489549693526016,3.29506569108937,3.29506569108937,7.043053927024302
35106,VT,2021,2022,57.57700729927007,60.19582359565261,-2.6188162963825405,2.6188162963825405,-4.548371683805351
35118,VT,2021,2022,63.36923076923077,66.65211521807186,-3.282884448841088,3.282884448841088,-5.180565408464936
35130,VT,2021,2022,60.70311614730878,61.27739648295826,-0.5742803356494761,0.5742803356494761,-0.946047537750558
35142,VT,2021,2022,56.85333333333333,64.29853970296922,-7.4452063696358906,7.4452063696358906,-13.095461485053747
35148,VT,2021,2022,44.17333333333333,51.13009032614063,-6.9567569928073,6.9567569928073,-15.748770735301765
35154,VT,2021,2022,50.74368932038835,54.01048833348209,-3.2667990130937383,3.2667990130937383,-6.437842925585563
35160,VT,2021,2022,54.82272727272727,56.23419889534932,-1.4114716226220523,1.4114716226220523,-2.5746103720823443
35172,VT,2021,2022,87.48947368421052,101.28901708990591,-13.799543405695388,13.799543405695388,-15.772804229574227
35196,VT,2021,2022,48.94166666666667,54.16324444441023,-5.221577777743562,5.221577777743562,-10.66898234853103
35202,VT,2021,2022,55.80833333333333,59.798276332053135,-3.9899429987198047,3.9899429987198047,-7.149367774322482
35208,VT,2021,2022,53.28947368421053,57.48532921963943,-4.195855535428905,4.195855535428905,-7.873704214632019
35226,VT,2021,2022,58.43289473684211,64.16339907002501,-5.7305043331829,5.7305043331829,-9.806983479067314
35232,VT,2021,2022,51.1,56.01276672192048,-4.912766721920477,4.912766721920477,-9.614024896126178
35238,VT,2021,2022,65.35853658536585,74.86046997261121,-9.501933387245359,9.501933387245359,-14.538167290258599
35244,VT,2021,2022,59.262962962962966,60.332408090205554,-1.069445127242588,1.069445127242588,-1.8045758662302278
35250,VT,2021,2022,54.93666666666667,64.38628330700689,-9.449616640340224,9.449616640340224,-17.200928293805397
35418,VT,2021,2022,57.7,58.55613754337864,-0.8561375433786367,0.8561375433786367,-1.483773905335592
35424,VT,2021,2022,35.16153846153846,30.086410629284458,5.0751278322540045,5.0751278322540045,14.433747936841405
35430,VT,2021,2022,59.76176470588236,64.64486857905015,-4.883103873167798,4.883103873167798,-8.17094993295463
35436,VT,2021,2022,51.00175438596492,50.475316628169786,0.5264377577951365,0.5264377577951365,1.0321953904001504
36006,CT,2021,2022,212.301914893617,264.72510536853736,-52.42319047492035,52.42319047492035,-24.6927544206039
36012,CT,2021,2022,88.22869704236611,104.03209376824817,-15.803396725882067,15.803396725882067,-17.91185550240361
36060,CT,2021,2022,68.09771210676836,75.16107106473945,-7.06335895797109,7.06335895797109,-10.372388057467573
36078,CT,2021,2022,135.2943887775551,148.35079809676634,-13.056409319211241,13.056409319211241,-9.650370157389156
36096,CT,2021,2022,83.71155015197569,90.61334136443,-6.901791212454313,6.901791212454313,-8.244729908745361
36108,CT,2021,2022,65.88496240601503,65.09494910541027,0.7900133006047696,0.7900133006047696,1.1990798381826877
36114,CT,2021,2022,137.83811394891944,152.34638033818902,-14.50826638926958,14.50826638926958,-10.525583943092915
36126,CT,2021,2022,93.64054054054054,111.81468818836177,-18.17414764782123,18.17414764782123,-19.40841813055634
36138,CT,2021,2022,104.76986301369864,111.65302021081212,-6.883157197113476,6.883157197113476,-6.569787340672102
36144,CT,2021,2022,85.93461538461538,83.33859885075954,2.5960165338558454,2.5960165338558454,3.020920640927896
36156,CT,2021,2022,108.61375464684016,121.54707501567358,-12.93332036883342,12.93332036883342,-11.90762662692803
36162,CT,2021,2022,104.39864864864865,104.29758141808756,0.10106723056108535,0.10106723056108535,0.09680894520122085
36174,CT,2021,2022,109.90551643192488,122.6236086820664,-12.718092250141524,12.718092250141524,-11.571841580871938
36186,CT,2021,2022,133.54426229508198,154.47883977230586,-20.934577477223883,20.934577477223883,-15.676133977936422
36192,CT,2021,2022,171.41929092805006,196.17565031411232,-24.756359386062257,24.756359386062257,-14.441991477174678
36198,CT,2021,2022,164.18971275885104,196.65619255070254,-32.4664797918515,32.4664797918515,-19.773760028154573
36210,CT,2021,2022,112.5110275689223,125.32306256127457,-12.812034992352267,12.812034992352267,-11.387359327514663
36222,CT,2021,2022,106.01634241245137,113.10826267201605,-7.091920259564688,7.091920259564688,-6.689459472176394
36234,CT,2021,2022,176.1909090909091,227.4077099049474,-51.21680081403832,51.21680081403832,-29.068923634199557
36240,CT,2021,2022,72.00962067069818,78.1533654589211,-6.143744788222918,6.143744788222918,-8.531838844587751
36252,CT,2021,2022,70.19012638230647,74.79825067265466,-4.6081242903481865,4.6081242903481865,-6.5652030105331205
36258,CT,2021,2022,112.33023255813951,136.70516308436527,-24.374930526225754,24.374930526225754,-21.69935018483101
36306,CT,2021,2022,38.68482269503546,37.915315180451486,0.7695075145839709,0.7695075145839709,1.9891716207419097
36312,CT,2021,2022,64.93076923076923,67.20581782297269,-2.2750485922034613,2.2750485922034613,-3.5038066222775734
36318,CT,2021,2022,50.92475845410628,53.38610340698594,-2.4613449528796565,2.4613449528796565,-4.833297255789316
36342,CT,2021,2022,116.58070175438596,127.63040299982598,-11.04970124544002,11.04970124544002,-9.47815640080783
36348,CT,2021,2022,106.71975308641976,158.2911227905273,-51.57136970410755,51.57136970410755,-48.32410890451178
36360,CT,2021,2022,162.06016260162602,226.8166823765789,-64.75651977495289,64.75651977495289,-39.95832087009344
36372,CT,2021,2022,71.8140771637122,79.91989624488383,-8.105819081171632,8.105819081171632,-11.287228634426452
36378,CT,2021,2022,96.77368421052633,105.1327044975052,-8.359020286978875,8.359020286978875,-8.63769975812251
36390,CT,2021,2022,90.90263157894736,101.86334230919907,-10.960710730251705,10.960710730251705,-12.057638530225075
36396,CT,2021,2022,74.08220973782771,81.63852069917846,-7.556310961350746,7.556310961350746,-10.199899527959623
36402,CT,2021,2022,101.13879472693031,114.61519273852309,-13.476398011592778,13.476398011592778,-13.324657514436847
36408,CT,2021,2022,210.09333333333333,343.20568263861423,-133.1123493052809,133.1123493052809,-63.35867359202937
36414,CT,2021,2022,222.78925619834712,305.0751433157707,-82.28588711742356,82.28588711742356,-36.93440542041454
36420,CT,2021,2022,163.31908975979772,220.50244401239777,-57.183354252600054,57.183354252600054,-35.01327024091472
36426,CT,2021,2022,127.0537634408602,141.64053075679533,-14.586767315935134,14.586767315935134,-11.4807833478501
36438,CT,2021,2022,303.8989726027397,309.20972607249007,-5.3107534697503525,5.3107534697503525,-1.7475391325829297
36444,CT,2021,2022,119.89577464788732,132.5331011316004,-12.637326483713082,12.637326483713082,-10.540260089087104
36456,CT,2021,2022,80.37541528239203,83.44021047260671,-3.0647951902146815,3.0647951902146815,-3.8131002862589143
36468,CT,2021,2022,139.1169459962756,166.29656809751322,-27.179622101237612,27.179622101237612,-19.537247534146744
36486,CT,2021,2022,74.07534246575342,75.53907557971863,-1.4637331139652048,1.4637331139652048,-1.9760058681361066
36492,CT,2021,2022,74.57041251778094,79.00531758808808,-4.434905070307138,4.434905070307138,-5.947271740316118
36504,CT,2021,2022,131.5904054054054,148.7357020215419,-17.145296616136505,17.145296616136505,-13.029290823533113
36510,CT,2021,2022,133.09972527472527,139.29889806492392,-6.199172790198645,6.199172790198645,-4.65753988402546
36528,CT,2021,2022,71.8022813688213,74.64946577633951,-2.8471844075182133,2.8471844075182133,-3.9653118999009216
36534,CT,2021,2022,150.01121495327104,157.71754648274907,-7.706331529478035,7.706331529478035,-5.137170265488871
36540,CT,2021,2022,213.13859649122807,219.50826582285436,-6.369669331626284,6.369669331626284,-2.9885104980919937
36552,CT,2021,2022,222.79238578680204,280.29115842587385,-57.4987726390718,57.4987726390718,-25.808230580238238
36558,CT,2021,2022,121.42349726775956,149.35076493747727,-27.927267669717708,27.927267669717708,-22.999887417287372
36570,CT,2021,2022,79.20390243902439,86.84078953084219,-7.636887091817798,7.636887091817798,-9.64205911154075
36576,CT,2021,2022,69.43323823109843,74.48077526705866,-5.047537035960232,5.047537035960232,-7.269626427562315
36588,CT,2021,2022,65.82269230769231,71.46992558146908,-5.647233273776777,5.647233273776777,-8.579462607482585
36618,CT,2021,2022,99.53829787234042,117.9981006221429,-18.459802749802478,18.459802749802478,-18.545427382611557
36630,CT,2021,2022,61.977244772447726,66.05816544314791,-4.080920670700188,4.080920670700188,-6.584546773067235
36636,CT,2021,2022,40.34207792207792,39.879019395306955,0.4630585267709648,0.4630585267709648,1.1478301332553518
36642,CT,2021,2022,206.7152489626556,239.5291353465351,-32.81388638387949,32.81388638387949,-15.873955379947574
36648,CT,2021,2022,48.30727718724448,49.10020701461093,-0.79292982736645,0.79292982736645,-1.6414293529584874
36654,CT,2021,2022,100.82140902872776,107.81277818070913,-6.991369151981374,6.991369151981374,-6.9344092880008
36660,CT,2021,2022,72.6224368499257,76.41332912779497,-3.7908922778692613,3.7908922778692613,-5.220001479299217
36666,CT,2021,2022,84.24410692588093,88.2790222878906,-4.03491536200967,4.03491536200967,-4.789552063932071
36672,CT,2021,2022,37.83052208835341,35.90785333470736,1.9226687536460503,1.9226687536460503,5.082321489393263
36684,CT,2021,2022,38.67296834901625,34.980732677432755,3.6922356715834965,3.6922356715834965,9.547329385894988
36702,CT,2021,2022,224.9618543046357,273.9832269472986,-49.0213726426629,49.0213726426629,-21.7909710933836
36708,CT,2021,2022,56.97095010252905,60.747261803546735,-3.7763117010176828,3.7763117010176828,-6.628486437774969
36714,CT,2021,2022,113.24196547144754,118.20623803247632,-4.964272561028778,4.964272561028778,-4.383774637221793
36720,CT,2021,2022,31.485714285714284,24.965330549200203,6.520383736514081,6.520383736514081,20.709022756623668
37356,CT,2021,2022,43.60532623169108,39.38432905791692,4.220997173774158,4.220997173774158,9.680003656769939
37386,CT,2021,2022,114.1005,125.98631851058992,-11.885818510589928,11.885818510589928,-10.416973203964863
37392,CT,2021,2022,104.50175438596492,104.91718608400647,-0.41543169804155866,0.41543169804155866,-0.39753562079657595
37404,CT,2021,2022,80.78179551122194,87.32116708578188,-6.539371574559937,6.539371574559937,-8.095105503877429
37410,CT,2021,2022,72.52946428571428,87.12076666693592,-14.591302381221638,14.591302381221638,-20.117758382637888
37422,CT,2021,2022,100.7459649122807,109.35829653661162,-8.61233162433092,8.61233162433092,-8.548562348705142
37428,CT,2021,2022,99.17996845425868,105.788225578654,-6.608257124395308,6.608257124395308,-6.662894964967653
37434,CT,2021,2022,63.32825278810409,72.22127823925916,-8.893025451155076,8.893025451155076,-14.042745630313028
37446,CT,2021,2022,70.03882352941176,82.55363740940136,-12.514813879989603,12.514813879989603,-17.8683953403846
37452,CT,2021,2022,86.06103896103896,100.36592186428436,-14.3048829032454,14.3048829032454,-16.62178736852273
37458,CT,2021,2022,65.74615384615385,69.13589934654958,-3.3897455003957333,3.3897455003957333,-5.155808061909973
37482,CT,2021,2022,80.25645161290322,87.36575559218689,-7.109303979283666,7.109303979283666,-8.858233620361892
37488,CT,2021,2022,120.49198606271776,142.19209520274146,-21.7001091400237,21.7001091400237,-18.00958706807977
37494,CT,2021,2022,88.23532608695652,98.03742068886845,-9.802094601911932,9.802094601911932,-11.10903652382029
37500,CT,2021,2022,94.8688524590164,94.62649380097552,0.24235865804087098,0.24235865804087098,0.2554670492568365
37524,CT,2021,2022,88.83592233009709,93.26253770892839,-4.4266153788313005,4.4266153788313005,-4.982911487520616
37530,CT,2021,2022,71.23013698630137,69.89032081737254,1.3398161689288344,1.3398161689288344,1.8809681205393458
37536,CT,2021,2022,61.53247863247864,65.65630861013828,-4.123829977659639,4.123829977659639,-6.701875284905167
37554,CT,2021,2022,112.37089947089947,129.6268462868871,-17.255946815987613,17.255946815987613,-15.356241604576956
37560,CT,2021,2022,65.60675381263617,66.33218476558547,-0.7254309529492957,0.7254309529492957,-1.1057260278736336
37572,CT,2021,2022,59.759375,68.01354590141776,-8.254170901417758,8.254170901417758,-13.812344759994158
37584,CT,2021,2022,73.06538461538462,82.98610003340693,-9.920715418022311,9.920715418022311,-13.577859707773865
37596,CT,2021,2022,59.20333333333333,73.39223944953349,-14.188906116200158,14.188906116200158,-23.96639735859494
37608,CT,2021,2022,108.96803797468354,116.28467597249848,-7.3166379978149365,7.3166379978149365,-6.714480809055959
37662,CT,2021,2022,83.68551401869159,92.13294472468026,-8.447430705988666,8.447430705988666,-10.094256819766786
37668,CT,2021,2022,80.18362831858407,89.16656951148757,-8.982941192903496,8.982941192903496,-11.202961728312722
37674,CT,2021,2022,85.88741007194244,90.01788817220475,-4.130478100262309,4.130478100262309,-4.8091776161400945
37680,CT,2021,2022,71.54512195121951,79.08828264382417,-7.543160692604658,7.543160692604658,-10.543221517950158
37686,CT,2021,2022,112.04772727272729,119.77681554053488,-7.729088267807597,7.729088267807597,-6.898032165342169
37692,CT,2021,2022,96.15483870967742,101.35998578342533,-5.205147073747909,5.205147073747909,-5.413297077502187
37920,CT,2021,2022,51.27699530516432,50.22216845456288,1.0548268506014367,1.0548268506014367,2.0571151728447723
37980,CT,2021,2022,74.75314685314686,72.67679666008549,2.076350193061373,2.076350193061373,2.777609077970161
37986,CT,2021,2022,80.58396946564885,83.99729871493201,-3.4133292492831657,3.4133292492831657,-4.235742259802915
37998,CT,2021,2022,142.64845360824742,162.02014262349815,-19.371689015250723,19.371689015250723,-13.58002034038925
38004,CT,2021,2022,79.51203007518797,84.38250959115298,-4.870479515965016,4.870479515965016,-6.125462412869355
38010,CT,2021,2022,95.6657738095238,102.26188675187005,-6.596112942346252,6.596112942346252,-6.894955927999394
38034,CT,2021,2022,88.35011709601874,94.38186814258562,-6.031751046566882,6.031751046566882,-6.8271002289805525
38040,CT,2021,2022,74.68229461756374,78.48883548738998,-3.806540869826236,3.806540869826236,-5.096978995247711
38106,CT,2021,2022,75.6484700122399,75.7655269243617,-0.11705691212179659,0.11705691212179659,-0.15473797699128192
38118,CT,2021,2022,55.05294117647059,56.12173892337732,-1.068797746906732,1.068797746906732,-1.9413999035596157
38124,CT,2021,2022,62.75457875457875,64.90997771236634,-2.1553989577875896,2.1553989577875896,-3.4346481174177677
38130,CT,2021,2022,124.84111747851004,154.45933062661845,-29.61821314810841,29.61821314810841,-23.724726072887677
38142,CT,2021,2022,106.09751243781096,125.479138980644,-19.381626542833033,19.381626542833033,-18.26774831709044
38154,CT,2021,2022,99.11535580524344,109.65096009640494,-10.535604291161505,10.535604291161505,-10.629638773494818
38160,CT,2021,2022,56.55757906215921,56.790835525960425,-0.23325646380121157,0.23325646380121157,-0.41242299912599273
38190,CT,2021,2022,87.29552845528455,91.9540797776875,-4.658551322402943,4.658551322402943,-5.336529149702319
38220,CT,2021,2022,83.53423180592992,88.89306961138979,-5.358837805459871,5.358837805459871,-6.415139864947508
38226,CT,2021,2022,184.86647509578543,225.93442584092682,-41.06795074514139,41.06795074514139,-22.21492605615092
38244,CT,2021,2022,64.0061855670103,66.8816719437539,-2.875486376743595,2.875486376743595,-4.492513264570575
38250,CT,2021,2022,87.05276381909547,88.82601412913154,-1.7732503100360617,1.7732503100360617,-2.0369833561184305
38262,CT,2021,2022,72.9514705882353,75.92594308848574,-2.9744725002504424,2.9744725002504424,-4.077330417421535
38268,CT,2021,2022,173.22566666666663,212.90618334800507,-39.680516681338446,39.680516681338446,-22.906834446014614
38274,CT,2021,2022,89.80585774058578,96.51108522156358,-6.705227480977797,6.705227480977797,-7.466358709413582
38280,CT,2021,2022,42.936708860759495,39.71980337218742,3.216905488572074,3.216905488572074,7.492203231049347
38292,CT,2021,2022,66.13078393881453,69.72463535852309,-3.5938514197085567,3.5938514197085567,-5.434460633392244
38304,CT,2021,2022,80.46413793103449,86.44120014673328,-5.977062215698794,5.977062215698794,-7.428231221245062
38310,CT,2021,2022,100.67463026166098,112.68221894622393,-12.007588684562947,12.007588684562947,-11.927124692044377
38334,CT,2021,2022,72.66,75.68932388209743,-3.0293238820974295,3.0293238820974295,-4.169176826448431
38406,CT,2021,2022,58.53414387031408,59.49199746834669,-0.9578535980326066,0.9578535980326066,-1.6364014824489257
38418,CT,2021,2022,90.43981762917932,100.87325572270069,-10.433438093521374,10.433438093521374,-11.53633252147907
38430,CT,2021,2022,124.33441475826972,133.3402760526397,-9.005861294369979,9.005861294369979,-7.243257075588544
38454,CT,2021,2022,87.85128205128206,97.0932678009194,-9.241985749637351,9.241985749637351,-10.52003514785642
38460,CT,2021,2022,148.9814492753623,150.61270464283996,-1.6312553674776495,1.6312553674776495,-1.0949385815562858
38472,CT,2021,2022,115.32906403940886,132.60933121701865,-17.280267177609787,17.280267177609787,-14.983445258607997
38478,CT,2021,2022,96.853006993007,105.67379678772372,-8.820789794716717,8.820789794716717,-9.107399004507519
38490,CT,2021,2022,97.21549295774648,103.34844740650696,-6.132954448760486,6.132954448760486,-6.308618371586204
38496,CT,2021,2022,112.19004975124378,127.22808913530932,-15.038039384065542,15.038039384065542,-13.404075867163812
38502,CT,2021,2022,101.49045643153526,108.28623014922519,-6.795773717689926,6.795773717689926,-6.6959731551451895
38508,CT,2021,2022,64.45242424242424,65.27791094185517,-0.8254866994309253,0.8254866994309253,-1.280769046523418
38514,CT,2021,2022,130.2607250755287,148.46021839320073,-18.199493317672022,18.199493317672022,-13.971589139488868
38520,CT,2021,2022,108.89090909090908,117.85544206420057,-8.964532973291497,8.964532973291497,-8.232581625163341
38532,CT,2021,2022,141.936,160.0842166196628,-18.148216619662804,18.148216619662804,-12.786197032227767
38538,CT,2021,2022,117.85900383141762,129.85000076054916,-11.99099692913154,11.99099692913154,-10.17401856398103
38544,CT,2021,2022,104.29924812030076,112.6296438728284,-8.330395752527636,8.330395752527636,-7.987014194885851
38556,CT,2021,2022,224.66839378238345,285.76173835919315,-61.0933445768097,61.0933445768097,-27.19267430023355
38622,CT,2021,2022,168.0776888888889,205.48798544987866,-37.410296560989764,37.410296560989764,-22.25774093414658
38628,CT,2021,2022,127.30928571428572,138.65389424114113,-11.34460852685541,11.34460852685541,-8.911061328484385
38646,CT,2021,2022,112.06153846153846,125.60945021922166,-13.547911757683195,13.547911757683195,-12.089707087443818
38652,CT,2021,2022,110.94685314685314,123.57942084196826,-12.632567695115114,12.632567695115114,-11.386143308088426
38658,CT,2021,2022,237.7920218579235,243.1129780832803,-5.3209562253568095,5.3209562253568095,-2.237651281898762
38682,CT,2021,2022,131.5343949044586,151.79837635946848,-20.263981455009883,20.263981455009883,-15.4058423043865
38700,CT,2021,2022,60.10190735694823,65.19628284078718,-5.094375483838945,5.094375483838945,-8.476229304310086
38706,CT,2021,2022,57.58890662410216,59.19827302703537,-1.6093664029332118,1.6093664029332118,-2.7945771108973587
38730,CT,2021,2022,120.16121212121212,122.47661995429577,-2.315407833083654,2.315407833083654,-1.9269178399665243
38742,CT,2021,2022,78.74614057783528,83.09927816163602,-4.353137583800745,4.353137583800745,-5.528064679560975
38760,CT,2021,2022,107.96541646371163,118.71536208858774,-10.749945624876105,10.749945624876105,-9.95684171559629
38766,CT,2021,2022,107.59505562422744,114.07156937075275,-6.476513746525313,6.476513746525313,-6.0193414176431554
38808,CT,2021,2022,126.89002079002078,141.20501530940803,-14.314994519387241,14.314994519387241,-11.281418688610568
38814,CT,2021,2022,84.5577380952381,92.81853246946753,-8.260794374229434,8.260794374229434,-9.769412664427271
38820,CT,2021,2022,172.84749694749695,200.86755835613698,-28.020061408640032,28.020061408640032,-16.21085749199552
38826,CT,2021,2022,95.03794871794872,106.72230455873651,-11.684355840787788,11.684355840787788,-12.29441081000636
38832,CT,2021,2022,99.06985507246377,106.97507430966769,-7.905219237203923,7.905219237203923,-7.979439589794211
38838,CT,2021,2022,114.4339393939394,121.82410360669121,-7.390164212751813,7.390164212751813,-6.458017832726299
38850,CT,2021,2022,181.3642978003384,172.87083157920006,8.493466221138334,8.493466221138334,4.683097127797821
38862,CT,2021,2022,148.72906336088155,176.50193671157456,-27.772873350693004,27.772873350693004,-18.673467527529507
38868,CT,2021,2022,116.45624103299856,128.19917950505226,-11.742938472053694,11.742938472053694,-10.0835630343987
38874,CT,2021,2022,93.88859315589352,101.33247983719059,-7.443886681297073,7.443886681297073,-7.928424988685443
38880,CT,2021,2022,99.81834677419354,107.71901791916554,-7.900671144971994,7.900671144971994,-7.915049086962626
38886,CT,2021,2022,95.80833333333334,103.90933108982368,-8.100997756490344,8.100997756490344,-8.455420812201803
38892,CT,2021,2022,139.535,160.7385152180555,-21.203515218055514,21.203515218055514,-15.195839909739862
38898,CT,2021,2022,82.26354285714285,86.87581530393129,-4.612272446788438,4.612272446788438,-5.606702904588019
38904,CT,2021,2022,101.7750781598928,108.27383143537746,-6.49875327548466,6.49875327548466,-6.385407304993521
38928,CT,2021,2022,134.49001956947163,167.7164513194562,-33.226431749984584,33.226431749984584,-24.705499974160738
38934,CT,2021,2022,106.87693641618498,114.07251936426736,-7.195582948082389,7.195582948082389,-6.732587206712562
38952,CT,2021,2022,95.84047008547007,99.85100303330732,-4.010532947837248,4.010532947837248,-4.184592317066762
38988,CT,2021,2022,105.7766304347826,119.35618643958296,-13.579556004800352,13.579556004800352,-12.837954800586063
39060,CT,2021,2022,104.17413793103448,115.6795444651253,-11.505406534090824,11.505406534090824,-11.044398122792867
39066,CT,2021,2022,73.89232876712329,73.46992005740353,0.4224087097197611,0.4224087097197611,0.5716543473017489
39072,CT,2021,2022,66.66171974522292,70.29700228117969,-3.6352825359567618,3.6352825359567618,-5.453328461747751
39078,CT,2021,2022,46.78957459556621,47.59622521813213,-0.8066506225659253,0.8066506225659253,-1.7239964875473857
39084,CT,2021,2022,66.56534216335541,70.50077434263281,-3.9354321792773987,3.9354321792773987,-5.912133929424726
39090,CT,2021,2022,73.15694822888284,76.63808863319218,-3.4811404043093432,3.4811404043093432,-4.758454922720473
39096,CT,2021,2022,59.47916822780068,66.59035348400761,-7.11118525620693,7.11118525620693,-11.955757735164745
39102,CT,2021,2022,105.98975032851511,117.24547836157147,-11.255728033056357,11.255728033056357,-10.619638218006214
39108,CT,2021,2022,98.4032010243278,103.40316771051896,-4.999966686191158,4.999966686191158,-5.081101665539353
39114,CT,2021,2022,41.02071651090343,37.22340551129155,3.797310999611881,3.797310999611881,9.257056732791451
39144,CT,2021,2022,142.09450549450548,164.89562379930078,-22.801118304795295,22.801118304795295,-16.046446148951883
39150,CT,2021,2022,232.9479262672811,277.8538155632061,-44.90588929592502,44.90588929592502,-19.27722217385213
39624,CT,2021,2022,44.15939044481054,47.010232445786734,-2.8508420009761934,2.8508420009761934,-6.455800164495283
39630,CT,2021,2022,53.08689138576779,54.97972753516102,-1.8928361493932258,1.8928361493932258,-3.565543394956973
39636,CT,2021,2022,49.23159722222222,50.934068954165255,-1.7024717319430351,1.7024717319430351,-3.4580875453997484
39642,CT,2021,2022,35.344148936170214,32.331988266873616,3.0121606692965983,3.0121606692965983,8.522374310770395
39648,CT,2021,2022,32.32131147540984,28.850730651705902,3.4705808237039406,3.4705808237039406,10.737747527183016
39660,CT,2021,2022,44.53148974130241,45.35205827982802,-0.8205685385256132,0.8205685385256132,-1.8426703065461247
39666,CT,2021,2022,135.4144880174292,144.84466324563712,-9.43017522820793,9.43017522820793,-6.96393374613961
39672,CT,2021,2022,240.9800561797753,296.94561411412235,-55.96555793434706,55.96555793434706,-23.22414511041353
39684,CT,2021,2022,83.01402936378467,89.09499823575439,-6.080968871969716,6.080968871969716,-7.325230347898969
39690,CT,2021,2022,70.30902777777777,73.7464576033287,-3.4374298255509217,3.4374298255509217,-4.889030518833846
40212,CT,2021,2022,26.60925925925926,19.658331688451042,6.9509275708082185,6.9509275708082185,26.122213711715762
40224,CT,2021,2022,41.11810561609388,40.191085319510854,0.9270202965830237,0.9270202965830237,2.2545306567338117
40230,CT,2021,2022,45.81071703932151,45.97877485918871,-0.16805781986720092,0.16805781986720092,-0.3668526290975732
40236,CT,2021,2022,44.07825421133232,44.260179503235975,-0.18192529190365292,0.18192529190365292,-0.4127325257289359
40248,CT,2021,2022,54.2789722785666,56.687517351184574,-2.408545072617976,2.408545072617976,-4.437344650257959
40260,CT,2021,2022,43.37658079625293,39.35217797532136,4.02440282093157,4.02440282093157,9.27782399409226
40272,CT,2021,2022,97.800395256917,103.65434829640985,-5.8539530394928505,5.8539530394928505,-5.985612863950901
40296,CT,2021,2022,88.5708037825059,92.63735092186182,-4.066547139355919,4.066547139355919,-4.591295286584183
40500,CT,2021,2022,92.83692307692309,107.65949802806287,-14.822574951139785,14.822574951139785,-15.966249698795007
40506,CT,2021,2022,120.51629213483146,119.4718973038986,1.044394830932859,1.044394830932859,0.8666005337804525
40512,CT,2021,2022,236.3177777777778,249.92927046955867,-13.611492691780882,13.611492691780882,-5.759825951215779
40524,CT,2021,2022,135.50375,158.97520243363655,-23.471452433636557,23.471452433636557,-17.32162573628889
40530,CT,2021,2022,91.12833333333332,109.97407370232183,-18.845740368988515,18.845740368988515,-20.680440077899505
40536,CT,2021,2022,157.3510204081633,204.30343638825678,-46.95241598009349,46.95241598009349,-29.83928280750928
40542,CT,2021,2022,161.03947368421052,197.33172983084702,-36.292256146636504,36.292256146636504,-22.536248608091956
40554,CT,2021,2022,149.88088737201366,176.5718892283888,-26.691001856375152,26.691001856375152,-17.808142401857037
40572,CT,2021,2022,162.88170731707316,194.37795371936014,-31.49624640228697,31.49624640228697,-19.336883755138263
40578,CT,2021,2022,147.76732673267327,140.9703054541116,6.797021278561658,6.797021278561658,4.599813388285889
40620,CT,2021,2022,66.13598746081504,66.1694723740024,-0.03348491318735114,0.03348491318735114,-0.05063039726622459
40656,CT,2021,2022,92.86050541516244,104.4460201606078,-11.585514745445366,11.585514745445366,-12.4762563951689
40662,CT,2021,2022,198.6174418604651,223.94228341841065,-25.324841557945547,25.324841557945547,-12.750562750544855
40668,CT,2021,2022,86.40597014925373,91.02878926927792,-4.6228191200241895,4.6228191200241895,-5.350115405265334
40674,CT,2021,2022,66.56674757281553,69.28058229117818,-2.713834718362648,2.713834718362648,-4.076862423530696
40692,CT,2021,2022,78.92913385826772,87.24447806121344,-8.315344202945724,8.315344202945724,-10.535202651377762
40698,CT,2021,2022,248.9855855855856,335.39388469086845,-86.40829910528285,86.40829910528285,-34.70413714997213
40704,CT,2021,2022,166.9103825136612,215.8640819567313,-48.95369944307009,48.95369944307009,-29.329331528590412
40710,CT,2021,2022,273.3617647058824,308.82160591613666,-35.45984121025424,35.45984121025424,-12.971763351179153
40716,CT,2021,2022,69.50657370517928,71.98848561386725,-2.4819119086879766,2.4819119086879766,-3.5707585288483825
40722,CT,2021,2022,80.50906862745099,83.17792446797324,-2.668855840522255,2.668855840522255,-3.314975425777391
40740,CT,2021,2022,61.122381477398015,62.58284941588445,-1.4604679384864383,1.4604679384864383,-2.3894159605454734
40746,CT,2021,2022,101.9235494880546,114.91306681030534,-12.989517322250734,12.989517322250734,-12.744373000641133
40758,CT,2021,2022,233.3921568627451,340.1170509102269,-106.7248940474818,106.7248940474818,-45.727712311363284
40764,CT,2021,2022,180.12295081967213,311.51026712250666,-131.38731630283453,131.38731630283453,-72.94312895993545
40770,CT,2021,2022,100.93798342541436,116.57176140066997,-15.633777975255612,15.633777975255612,-15.488498427163256
40776,CT,2021,2022,134.40227272727273,186.53989182256606,-52.13761909529333,52.13761909529333,-38.79221536758555
40788,CT,2021,2022,121.8869395711501,140.46499243875846,-18.578052867608363,18.578052867608363,-15.24203736099522
40806,CT,2021,2022,101.03857280617164,107.79861497671922,-6.760042170547578,6.760042170547578,-6.690555876631168
40824,CT,2021,2022,124.4437772925764,146.01014909077415,-21.56637179819775,21.56637179819775,-17.330213102977126
40842,CT,2021,2022,336.9601123595506,455.6633552975079,-118.70324293795733,118.70324293795733,-35.22768380706616
40860,CT,2021,2022,61.2977631096443,64.5750873359884,-3.277324226344099,3.277324226344099,-5.346564148649105
40866,CT,2021,2022,97.87586872586871,109.45925571825545,-11.583386992386735,11.583386992386735,-11.834773109222203
40872,CT,2021,2022,141.8904486251809,156.29462007813078,-14.404171452949868,14.404171452949868,-10.151614567799456
40920,CT,2021,2022,709.7361635220126,1099.642172735975,-389.9060092139624,389.9060092139624,-54.93675386062943
40944,CT,2021,2022,293.1342070773263,387.3718827228487,-94.23767564552236,94.23767564552236,-32.1483038725205
40950,CT,2021,2022,137.27514851485148,148.35641432469276,-11.081265809841284,11.081265809841284,-8.072302911143765
40980,CT,2021,2022,796.1295809367297,1326.4874739543927,-530.3578930176631,530.3578930176631,-66.61703141260517
40986,CT,2021,2022,794.1111416781293,1457.9697071782005,-663.8585655000711,663.8585655000711,-83.59768937345392
41040,CT,2021,2022,695.6176728869374,1050.0318114286547,-354.4141385417173,354.4141385417173,-50.94955927022892
41100,CT,2021,2022,105.8032258064516,112.83414248909756,-7.030916682645966,7.030916682645966,-6.645276293851183
41106,CT,2021,2022,104.60238885202388,110.8806803582526,-6.278291506228726,6.278291506228726,-6.0020536577901025
41118,CT,2021,2022,538.5464480874317,792.3168814630491,-253.77043337561736,253.77043337561736,-47.12136423456986
41124,CT,2021,2022,83.63673064195896,98.34125005075805,-14.704519408799086,14.704519408799086,-17.58141344829434
41130,CT,2021,2022,123.43385300668152,137.30226167690404,-13.868408670222522,13.868408670222522,-11.235498473398396
41220,CT,2021,2022,816.8832835820896,1094.195578722209,-277.3122951401193,277.3122951401193,-33.947603129309464
41262,CT,2021,2022,293.35931623931623,395.49758967456796,-102.13827343525173,102.13827343525173,-34.81678193984115
41268,CT,2021,2022,791.2270557029178,1200.2419746014484,-409.0149188985306,409.0149188985306,-51.69374782503691
41280,CT,2021,2022,547.2183436532508,777.8211039185192,-230.60276026526833,230.60276026526833,-42.14090462058625
41298,CT,2021,2022,401.46726457399103,538.7749971745149,-137.30773260052382,137.30773260052382,-34.201476612601326
41340,CT,2021,2022,399.3719457013575,644.7094130002934,-245.33746729893585,245.33746729893585,-61.430821553598655
41376,CT,2021,2022,226.04549763033177,280.87216752499637,-54.826669894664604,54.826669894664604,-24.254705565658533
41382,CT,2021,2022,346.77334905660376,476.1809909882119,-129.4076419316081,129.4076419316081,-37.31764343588149
41406,CT,2021,2022,160.70283806343906,181.07637556235895,-20.373537498919887,20.373537498919887,-12.677770812533645
41412,CT,2021,2022,121.3427900552486,191.49429386797954,-70.15150381273094,70.15150381273094,-57.812667551809426
41418,CT,2021,2022,266.2718792866941,361.280887771539,-95.00900848484491,95.00900848484491,-35.681202513521534
41430,CT,2021,2022,138.4319018404908,155.83541880330793,-17.403516962817122,17.403516962817122,-12.5718976127847
41436,CT,2021,2022,90.48992537313433,99.63901873407758,-9.149093360943255,9.149093360943255,-10.110620959423999
41442,CT,2021,2022,110.31890838206628,127.12232348193969,-16.803415099873405,16.803415099873405,-15.231672744329847
42006,NJ,2021,2022,71.72615176151761,75.06847587167763,-3.342324110160021,3.342324110160021,-4.659840278721378
42012,NJ,2021,2022,67.9948607522251,79.02187370327769,-11.027012951052598,11.027012951052598,-16.21742118310279
42018,NJ,2021,2022,81.92975929978118,88.13143207366545,-6.201672773884269,6.201672773884269,-7.569499565099824
42024,NJ,2021,2022,143.47660550458716,170.1159245321869,-26.639319027599754,26.639319027599754,-18.567012325049784
42030,NJ,2021,2022,150.2486904761905,161.24872673049254,-11.000036254302046,11.000036254302046,-7.321219385965426
42036,NJ,2021,2022,185.0211701308699,218.38873851307605,-33.367568382206144,33.367568382206144,-18.034459709991275
42048,NJ,2021,2022,58.37792937399679,61.44489189382687,-3.066962519830078,3.066962519830078,-5.2536336124250935
42054,NJ,2021,2022,159.05232558139534,174.08641214423895,-15.034086562843612,15.034086562843612,-9.45228968384363
42060,NJ,2021,2022,95.95658612626656,106.08734247140144,-10.130756345134884,10.130756345134884,-10.5576456542588
42066,NJ,2021,2022,51.86639848556555,55.760025607175656,-3.893627121610109,3.893627121610109,-7.507031980818386
42072,NJ,2021,2022,102.31681415929204,119.97724694119215,-17.660432781900113,17.660432781900113,-17.26053818916356
42078,NJ,2021,2022,105.29788778877888,116.69977568848529,-11.40188789970641,11.40188789970641,-10.828220906555979
42084,NJ,2021,2022,97.3112676056338,125.89659450667476,-28.585326901040958,28.585326901040958,-29.375145966535555
42096,NJ,2021,2022,153.42225941422595,183.51467743267867,-30.09241801845272,30.09241801845272,-19.61411475319625
42102,NJ,2021,2022,47.20834715312327,54.85443931039523,-7.6460921572719585,7.6460921572719585,-16.196483499986503
42108,NJ,2021,2022,46.31185964912281,50.01514224722935,-3.70328259810654,3.70328259810654,-7.99640227398358
42120,NJ,2021,2022,179.7394856278366,203.86416008272235,-24.124674454885763,24.124674454885763,-13.422022640499605
42126,NJ,2021,2022,481.7119266055046,633.5469304131702,-151.83500380766566,151.83500380766566,-31.519876387036216
42132,NJ,2021,2022,48.49469273743017,59.14564602957823,-10.65095329214806,10.65095329214806,-21.963131821077038
42138,NJ,2021,2022,157.70899182561308,179.43016730725145,-21.72117548163837,21.72117548163837,-13.77294676111847
42144,NJ,2021,2022,130.40608345902464,156.70258827499705,-26.296504815972412,26.296504815972412,-20.165090552876798
42156,NJ,2021,2022,53.75858461538461,56.59401122422083,-2.8354266088362152,2.8354266088362152,-5.27436990598293
42162,NJ,2021,2022,104.31146245059288,125.96520289794506,-21.653740447352178,21.653740447352178,-20.758735366794873
42168,NJ,2021,2022,316.94755043227667,429.8876684215868,-112.94011798931012,112.94011798931012,-35.63369328309179
42174,NJ,2021,2022,69.82541630148992,74.49647063307873,-4.671054331588806,4.671054331588806,-6.689619022706974
42180,NJ,2021,2022,225.1145409950946,264.54127635313006,-39.42673535803547,39.42673535803547,-17.51407758190734
42186,NJ,2021,2022,78.45051783659379,87.48572966197597,-9.035211825382177,9.035211825382177,-11.517083729392082
42192,NJ,2021,2022,61.03050345508391,66.20017801296495,-5.169674557881045,5.169674557881045,-8.470640524349804
42198,NJ,2021,2022,92.6486301369863,99.75477722060491,-7.106147083618609,7.106147083618609,-7.669996926141017
42204,NJ,2021,2022,83.83489795918368,83.54303945472287,0.2918585044608051,0.2918585044608051,0.3481348597846459
42210,NJ,2021,2022,99.41323792486584,112.16928361626076,-12.756045691394917,12.756045691394917,-12.831335099492113
42216,NJ,2021,2022,60.71560283687944,67.05961729625878,-6.344014459379338,6.344014459379338,-10.44873831924782
42234,NJ,2021,2022,290.97637848876786,384.8480681726603,-93.87168968389244,93.87168968389244,-32.260931341378985
42240,NJ,2021,2022,183.37738985868663,217.98898824522013,-34.6115983865335,34.6115983865335,-18.874517961677675
42246,NJ,2021,2022,228.3195845697329,278.3774550310731,-50.0578704613402,50.0578704613402,-21.92447509733955
42252,NJ,2021,2022,199.90605601816804,253.86640350420782,-53.96034748603978,53.96034748603978,-26.992852823396056
42258,NJ,2021,2022,349.1425724637681,450.83853821181435,-101.69596574804626,101.69596574804626,-29.127346181365393
42264,NJ,2021,2022,170.68720770288857,203.7424170884492,-33.05520938556063,33.05520938556063,-19.36595590871643
42270,NJ,2021,2022,207.72066420664208,241.08451415021156,-33.36384994356948,33.36384994356948,-16.061882947947282
42276,NJ,2021,2022,428.84829268292685,472.8635707128593,-44.01527802993246,44.01527802993246,-10.263601087127466
42282,NJ,2021,2022,58.71471917366043,65.83077959386634,-7.116060420205912,7.116060420205912,-12.119721460574054
42300,NJ,2021,2022,45.28591916558018,48.98384307407048,-3.6979239084902957,3.6979239084902957,-8.165725630895274
42312,NJ,2021,2022,127.38584399504748,150.05169239052577,-22.665848395478292,22.665848395478292,-17.79306686256245
42324,NJ,2021,2022,114.24546666666669,132.06351543628998,-17.81804876962329,17.81804876962329,-15.59628516517938
42330,NJ,2021,2022,48.23760545100584,51.81942024199112,-3.581814790985277,3.581814790985277,-7.4253577836140074
42342,NJ,2021,2022,67.24797406807131,73.46060959421622,-6.212635526144908,6.212635526144908,-9.238398051748307
42348,NJ,2021,2022,199.6841155234657,217.4119768968689,-17.727861373403215,17.727861373403215,-8.877952723946107
42354,NJ,2021,2022,301.04321728691474,420.2546369073765,-119.21141962046175,119.21141962046175,-39.59943714886794
42360,NJ,2021,2022,52.76876083188908,60.590143665689546,-7.821382833800463,7.821382833800463,-14.821994510573887
42372,NJ,2021,2022,59.55165562913907,62.5936405147104,-3.041984885571331,3.041984885571331,-5.108144943132135
42378,NJ,2021,2022,53.23878954607978,56.284761028769125,-3.045971482689346,3.045971482689346,-5.72133872437683
42384,NJ,2021,2022,69.66909090909091,74.75178103339806,-5.082690124307149,5.082690124307149,-7.295473585179112
42390,NJ,2021,2022,70.38230912476723,77.75733982261876,-7.375030697851528,7.375030697851528,-10.478529036007837
42396,NJ,2021,2022,123.02788461538462,135.42976036177836,-12.401875746393742,12.401875746393742,-10.080540509304091
42402,NJ,2021,2022,111.0217435897436,120.41985990375119,-9.398116314007595,9.398116314007595,-8.465113238300656
42408,NJ,2021,2022,183.8153392330384,223.12811996675174,-39.31278073371334,39.31278073371334,-21.38710561248274
42414,NJ,2021,2022,260.6249211356467,362.1935877294711,-101.56866659382445,101.56866659382445,-38.9712028117838
42420,NJ,2021,2022,129.89634801288938,144.44068435600207,-14.54433634311269,14.54433634311269,-11.196878561720212
42426,NJ,2021,2022,82.48893653516295,87.88259343688314,-5.393656901720192,5.393656901720192,-6.5386427905044116
42432,NJ,2021,2022,91.16526946107784,91.24287354346463,-0.07760408238678451,0.07760408238678451,-0.08512461252573476
42438,NJ,2021,2022,80.09791271347248,83.50976597459258,-3.4118532611201005,3.4118532611201005,-4.259603210042483
42444,NJ,2021,2022,81.53653846153846,79.51663753714007,2.019900924398385,2.019900924398385,2.4772954095312634
42450,NJ,2021,2022,122.8252319109462,133.17539637800584,-10.350164467059642,10.350164467059642,-8.42674123714578
42456,NJ,2021,2022,190.6459817729909,208.7434739775154,-18.097492204524514,18.097492204524514,-9.492721554485138
42462,NJ,2021,2022,78.25694444444444,77.55428661737027,0.7026578270741766,0.7026578270741766,0.8978855896590773
42468,NJ,2021,2022,1044.1607907742998,1226.2890704492172,-182.1282796749174,182.1282796749174,-17.44255111704202
42474,NJ,2021,2022,237.7805929919137,303.7648394445306,-65.9842464526169,65.9842464526169,-27.750055470195946
42480,NJ,2021,2022,91.3267942583732,99.02409613789983,-7.697301879526634,7.697301879526634,-8.428306218381158
42486,NJ,2021,2022,144.09066059225512,168.8414539763461,-24.75079338409097,24.75079338409097,-17.177236388783218
42492,NJ,2021,2022,193.9530821917808,244.25595876926513,-50.30287657748434,50.30287657748434,-25.935590199976744
42498,NJ,2021,2022,84.964299933643,95.60828466675879,-10.643984733115786,10.643984733115786,-12.527596580479946
42516,NJ,2021,2022,166.9960826985854,185.65005337550429,-18.653970676918874,18.653970676918874,-11.170304342161009
42522,NJ,2021,2022,49.5688814385858,53.7187724114464,-4.149890972860604,4.149890972860604,-8.371968163135133
42528,NJ,2021,2022,61.22950819672131,59.40459630461197,1.8249118921093412,1.8249118921093412,2.980445124997853
42540,NJ,2021,2022,309.58033946251766,402.5083970627959,-92.92805760027824,92.92805760027824,-30.017428678325185
42552,NJ,2021,2022,218.1980113636364,282.2388458603332,-64.04083449669679,64.04083449669679,-29.349870833593428
42558,NJ,2021,2022,68.07427838357921,77.10114009170144,-9.026861708122226,9.026861708122226,-13.260312003982511
42564,NJ,2021,2022,127.5384395813511,132.28530283391353,-4.746863252562434,4.746863252562434,-3.721907895489517
42570,NJ,2021,2022,103.28870402802102,165.91218023490984,-62.623476206888824,62.623476206888824,-60.62954976170464
42612,NJ,2021,2022,82.3093309859155,134.4006585965954,-52.09132761067991,52.09132761067991,-63.28726887549798
42618,NJ,2021,2022,40.42795549374131,42.67994501967018,-2.2519895259288703,2.2519895259288703,-5.570376979062181
42624,NJ,2021,2022,42.62845046570703,47.31828712701328,-4.689836661306245,4.689836661306245,-11.001658774998262
42630,NJ,2021,2022,43.40933133732535,49.372012169463005,-5.962680832137657,5.962680832137657,-13.735942592164898
42636,NJ,2021,2022,43.38503674014696,48.17333088004455,-4.7882941398975944,4.7882941398975944,-11.036741004915823
42642,NJ,2021,2022,36.68749302065885,39.93807386686885,-3.250580846209999,3.250580846209999,-8.860187978447005
42648,NJ,2021,2022,36.11605902777778,38.22414570781386,-2.108086680036081,2.108086680036081,-5.836978720227193
42654,NJ,2021,2022,63.22054187192119,68.23451345768053,-5.013971585759343,5.013971585759343,-7.9309215601428615
42660,NJ,2021,2022,112.38629139072847,122.1549647082795,-9.76867331755102,9.76867331755102,-8.692050602140347
42666,NJ,2021,2022,42.58538570417552,52.33913009470196,-9.753744390526435,9.753744390526435,-22.90397099672171
42672,NJ,2021,2022,41.80046911649726,44.74893717643542,-2.9484680599381576,2.9484680599381576,-7.053672177029456
42684,NJ,2021,2022,37.88543689320388,44.459629402399514,-6.574192509195633,6.574192509195633,-17.352822214318852
43206,NJ,2021,2022,40.90387051372273,43.57104265979205,-2.667172146069319,2.667172146069319,-6.520586224656948
43212,NJ,2021,2022,44.54448651206815,46.59277131141176,-2.0482847993436124,2.0482847993436124,-4.598290292983137
43218,NJ,2021,2022,56.97351524879615,62.157822137728466,-5.184306888932319,5.184306888932319,-9.099503280240135
43224,NJ,2021,2022,73.6148097826087,79.20585261085301,-5.591042828244312,5.591042828244312,-7.59499731746258
43230,NJ,2021,2022,67.67319502074689,73.98972182780405,-6.3165268070571585,6.3165268070571585,-9.333868166148608
43236,NJ,2021,2022,37.78482202820685,39.90236215326966,-2.11754012506281,2.11754012506281,-5.604208280991874
43248,NJ,2021,2022,54.4373577749684,59.273836722972035,-4.836478948003638,4.836478948003638,-8.884485114058139
43812,NJ,2021,2022,200.78178331735376,227.99366037542765,-27.211877058073895,27.211877058073895,-13.55296113445863
43824,NJ,2021,2022,60.69137271568211,66.00051052591743,-5.3091378102353275,5.3091378102353275,-8.747763599130941
43830,NJ,2021,2022,59.61912762520194,69.68848361052922,-10.069355985327277,10.069355985327277,-16.88947219863513
43836,NJ,2021,2022,72.355672823219,75.07916030908721,-2.723487485868219,2.723487485868219,-3.764027587059144
43842,NJ,2021,2022,78.08588235294117,80.87898417550903,-2.7931018225678628,2.7931018225678628,-3.576961338469985
43860,NJ,2021,2022,194.4432518597237,210.4257594536976,-15.982507593973907,15.982507593973907,-8.219625747415545
43866,NJ,2021,2022,256.7164835164835,237.00802406649763,19.708459449985867,19.708459449985867,7.6771304982137645
44406,NJ,2021,2022,275.9105590062112,324.1184254043882,-48.207866398176975,48.207866398176975,-17.472280354841995
44418,NJ,2021,2022,95.7795061728395,103.98156908770413,-8.202062914864626,8.202062914864626,-8.56348423854216
44430,NJ,2021,2022,154.0627931769723,171.0480125961427,-16.98521941917042,16.98521941917042,-11.024867892443996
44442,NJ,2021,2022,70.96524886877827,76.62048199652733,-5.655233127749057,5.655233127749057,-7.969017537310605
44460,NJ,2021,2022,122.85857226448216,133.15788878252175,-10.29931651803959,10.29931651803959,-8.38306707314478
44496,NJ,2021,2022,66.41764705882353,68.34454876696104,-1.9269017081375068,1.9269017081375068,-2.901189357748438
44502,NJ,2021,2022,412.0897569444445,570.447314588582,-158.3575576441375,158.3575576441375,-38.42792861883396
44508,NJ,2021,2022,95.9287037037037,106.75761902133281,-10.82891531762911,10.82891531762911,-11.288503752825148
44514,NJ,2021,2022,84.07874762808349,98.03881909166452,-13.96007146358103,13.96007146358103,-16.60356731921417
44520,NJ,2021,2022,76.55542635658915,80.12126737284687,-3.565841016257721,3.565841016257721,-4.657855342152121
44526,NJ,2021,2022,97.53474576271186,103.32453272854089,-5.789786965829023,5.789786965829023,-5.936127603095157
44532,NJ,2021,2022,83.76170212765958,91.97065598911611,-8.208953861456536,8.208953861456536,-9.800366579162192
44538,NJ,2021,2022,375.8915,480.90131711735046,-105.00981711735045,105.00981711735045,-27.936204228441042
44544,NJ,2021,2022,95.0579570688379,106.00106718983176,-10.943110120993865,10.943110120993865,-11.512040084208016
44580,NJ,2021,2022,168.7998417721519,191.28421286068755,-22.484371088535653,22.484371088535653,-13.32013753833095
44592,NJ,2021,2022,120.2041095890411,136.2823558654125,-16.078246276371416,16.078246276371416,-13.375787509545562
44610,NJ,2021,2022,161.8173228346457,156.19710350786704,5.620219326778653,5.620219326778653,3.4731876836954707
44616,NJ,2021,2022,140.312715855573,154.9301047903055,-14.617388934732503,14.617388934732503,-10.417722189753995
44628,NJ,2021,2022,110.7993103448276,110.1663618539229,0.6329484909047096,0.6329484909047096,0.5712567063232242
44634,NJ,2021,2022,78.9130081300813,85.99144439159919,-7.0784362615178935,7.0784362615178935,-8.969923247444452
44640,NJ,2021,2022,100.91234042553192,110.17419801576462,-9.261857590232694,9.261857590232694,-9.178121874070957
44652,NJ,2021,2022,88.3991680532446,95.13935639539844,-6.740188342153843,6.740188342153843,-7.624719203346
44664,NJ,2021,2022,122.75104669887278,151.4206709668146,-28.669624267941828,28.669624267941828,-23.355910225574554
44676,NJ,2021,2022,201.61707953063885,234.73906801600435,-33.121988485365506,33.121988485365506,-16.428165987957435
44700,NJ,2021,2022,312.0132644272179,412.4500395986861,-100.43677517146818,100.43677517146818,-32.1899055656644
44712,NJ,2021,2022,247.19334565619224,320.6170223966825,-73.42367674049027,73.42367674049027,-29.702934173078937
44736,NJ,2021,2022,118.92363636363636,133.07549166439404,-14.151855300757674,14.151855300757674,-11.899951711437012
44742,NJ,2021,2022,99.8012658227848,109.92755669346647,-10.126290870681672,10.126290870681672,-10.146455345228519
44748,NJ,2021,2022,461.6986086956522,572.4896385889999,-110.79102989334774,110.79102989334774,-23.996396741663183
44760,NJ,2021,2022,98.30119760479042,102.8745797790415,-4.57338217425108,4.57338217425108,-4.652417555112482
44766,NJ,2021,2022,85.7943661971831,90.03648020137163,-4.242114004188537,4.242114004188537,-4.944513482900255
44772,NJ,2021,2022,78.13126760563381,82.47944296956155,-4.348175363927737,4.348175363927737,-5.56521799425433
44778,NJ,2021,2022,123.44481409001956,143.74274267428436,-20.297928584264795,20.297928584264795,-16.442917212757884
44790,NJ,2021,2022,97.96127167630058,112.18045387412434,-14.219182197823756,14.219182197823756,-14.515105770379408
44820,NJ,2021,2022,140.91923513820524,160.225297664248,-19.30606252604275,19.30606252604275,-13.700090344024723
44880,NJ,2021,2022,98.31428571428572,108.68120119705097,-10.36691548276525,10.36691548276525,-10.544668465468868
44886,NJ,2021,2022,268.69632802937576,367.9097145023617,-99.21338647298592,99.21338647298592,-36.92398299620202
45006,NJ,2021,2022,32.480208937899015,35.80057829115018,-3.3203693532511664,3.3203693532511664,-10.222746287130088
45012,NJ,2021,2022,43.93376168224299,46.745761495419224,-2.811999813176236,2.811999813176236,-6.400544149882757
45018,NJ,2021,2022,38.32903225806452,43.78267351530205,-5.453641257237528,5.453641257237528,-14.228486700417719
45024,NJ,2021,2022,41.32906666666667,45.57637933366944,-4.247312667002774,4.247312667002774,-10.276817285178083
45030,NJ,2021,2022,31.70846153846154,32.076162424595346,-0.36770088613380736,0.36770088613380736,-1.1596301690253743
45036,NJ,2021,2022,88.60676982591876,95.77303781285005,-7.166267986931288,7.166267986931288,-8.087720612105025
45048,NJ,2021,2022,77.87946287519748,80.27174212545287,-2.392279250255399,2.392279250255399,-3.071771635211516
45072,NJ,2021,2022,93.91966666666669,102.59124866877222,-8.671582002105538,8.671582002105538,-9.232977830811654
45078,NJ,2021,2022,34.74400606980273,37.447438347569474,-2.703432277766744,2.703432277766744,-7.7810033544646275
45084,NJ,2021,2022,37.97689282202557,41.60181124979075,-3.6249184277651807,3.6249184277651807,-9.54506321713299
45132,NJ,2021,2022,33.12497745716862,34.08943161860759,-0.9644541614389723,0.9644541614389723,-2.9115617140752303
45144,NJ,2021,2022,33.01806358381503,35.76865673086708,-2.750593147052051,2.750593147052051,-8.330570749764838
45606,NJ,2021,2022,69.37022562449637,74.96007628410597,-5.589850659609596,5.589850659609596,-8.057996942186215
45618,NJ,2021,2022,74.08315565031982,77.74390521396208,-3.6607495636422556,3.6607495636422556,-4.9414060882090025
45624,NJ,2021,2022,104.51417322834644,119.89512839176331,-15.380955163416871,15.380955163416871,-14.716621380922174
45630,NJ,2021,2022,125.97126436781608,145.4483399907663,-19.477075622950224,19.477075622950224,-15.46152268987335
45636,NJ,2021,2022,63.94965517241379,83.50564759169627,-19.555992419282482,19.555992419282482,-30.580293774153805
45642,NJ,2021,2022,98.69092702169624,109.23537166510305,-10.544444643406806,10.544444643406806,-10.684310059311441
45726,NJ,2021,2022,103.81689045936396,109.07404020187468,-5.25714974251072,5.25714974251072,-5.063867468240608
45744,NJ,2021,2022,227.1229007633588,282.8055000178267,-55.6825992544679,55.6825992544679,-24.516505850937527
45756,NJ,2021,2022,243.4938118811881,378.16815171438327,-134.67433983319518,134.67433983319518,-55.309142681173775
45762,NJ,2021,2022,351.5943231441048,466.66853420452276,-115.07421106041795,115.07421106041795,-32.72925740989667
45768,NJ,2021,2022,91.23836206896551,99.27764405792588,-8.039281988960369,8.039281988960369,-8.811295826292467
45780,NJ,2021,2022,139.43701657458564,167.6790711253022,-28.242054550716546,28.242054550716546,-20.2543451118733
45786,NJ,2021,2022,158.99939516129032,208.9045957086538,-49.90520054736348,49.90520054736348,-31.387037980074844
45792,NJ,2021,2022,351.3853146853147,504.0262148997574,-152.6409002144427,152.6409002144427,-43.43974942468532
45840,NJ,2021,2022,185.64632034632035,219.04459098009755,-33.3982706337772,33.3982706337772,-17.99026803842556
45846,NJ,2021,2022,248.0496894409938,336.01635284015265,-87.96666339915885,87.96666339915885,-35.46332333549823
45852,NJ,2021,2022,153.1943579766537,175.04373034294753,-21.849372366293835,21.849372366293835,-14.26251766375339
45858,NJ,2021,2022,67.04103448275862,74.60918701972585,-7.568152536967233,7.568152536967233,-11.288836151407516
45864,NJ,2021,2022,58.94237804878049,63.42692623646352,-4.484548187683032,4.484548187683032,-7.608359784825168
45870,NJ,2021,2022,188.1134615384616,232.60697146405957,-44.49350992559798,44.49350992559798,-23.652485878317037
45876,NJ,2021,2022,99.2823803967328,110.47541775705338,-11.193037360320574,11.193037360320574,-11.273941373678944
45882,NJ,2021,2022,128.26408163265307,144.96976401098811,-16.70568237833504,16.70568237833504,-13.024443137697686
45888,NJ,2021,2022,171.58642857142857,212.3614483227143,-40.775019751285726,40.775019751285726,-23.763545923045868
45894,NJ,2021,2022,213.72166246851384,238.50627689972808,-24.784614431214237,24.784614431214237,-11.596678663710836
45900,NJ,2021,2022,68.32933070866142,73.6537008539809,-5.324370145319477,5.324370145319477,-7.792217617381931
45912,NJ,2021,2022,148.37687642153145,170.90429690625166,-22.52742048472021,22.52742048472021,-15.18256821953908
45936,NJ,2021,2022,165.67516198704104,188.29591304802702,-22.62075106098598,22.62075106098598,-13.653676742899673
45942,NJ,2021,2022,82.46357388316152,90.48959357249693,-8.026019689335413,8.026019689335413,-9.732806027431065
45960,NJ,2021,2022,74.15558698727015,84.39847498735365,-10.242888000083497,10.242888000083497,-13.812698970128617
45966,NJ,2021,2022,142.73760984182778,152.11047335457226,-9.372863512744487,9.372863512744487,-6.566498852776689
45972,NJ,2021,2022,88.13503184713376,96.71559012207702,-8.580558274943257,8.580558274943257,-9.735695438138434
45978,NJ,2021,2022,96.36040353089534,100.82913351444276,-4.468729983547419,4.468729983547419,-4.637516884323386
45996,NJ,2021,2022,142.7361993160723,171.0122399245341,-28.276040608461813,28.276040608461813,-19.809999666481165
46020,NJ,2021,2022,394.4660091047041,563.0345119714232,-168.5685028667191,168.5685028667191,-42.73334050994887
46050,NJ,2021,2022,178.38370206489677,235.45138735892272,-57.06768529402595,57.06768529402595,-31.991535456117216
46056,NJ,2021,2022,161.21006423982868,179.5529378502111,-18.342873610382412,18.342873610382412,-11.378243471880342
46062,NJ,2021,2022,292.1904761904762,385.6359388877237,-93.44546269724748,93.44546269724748,-31.98100907174376
46206,NJ,2021,2022,156.63776758409787,166.1747714403121,-9.537003856214227,9.537003856214227,-6.088572381557894
46212,NJ,2021,2022,205.33155339805825,253.77280682468307,-48.441253426624826,48.441253426624826,-23.591724031189703
46224,NJ,2021,2022,338.5116197183099,450.2588535577361,-111.7472338394262,111.7472338394262,-33.01134357881597
46266,NJ,2021,2022,226.22388059701493,246.17958783967399,-19.95570724265906,19.95570724265906,-8.821220460896992
46272,NJ,2021,2022,108.03486460348162,114.04666713729148,-6.011802533809856,6.011802533809856,-5.564687432964224
46296,NJ,2021,2022,158.92326621923937,168.9862992427366,-10.06303302349724,10.06303302349724,-6.332007429053835
46302,NJ,2021,2022,221.09339622641508,257.3066019932671,-36.21320576685204,36.21320576685204,-16.379144011052773
46308,NJ,2021,2022,96.91265432098766,102.8600503474146,-5.947396026426944,5.947396026426944,-6.1368621756333015
46314,NJ,2021,2022,130.79515859766278,149.83124165480578,-19.036083057143003,19.036083057143003,-14.554119021866581
46320,NJ,2021,2022,122.11120689655172,120.11773286778516,1.9934740287665562,1.9934740287665562,1.6325070232541035
46326,NJ,2021,2022,82.74858490566038,78.69196491343405,4.056619992226331,4.056619992226331,4.902343643521135
46332,NJ,2021,2022,319.0637450199203,473.5781601065462,-154.5144150866259,154.5144150866259,-48.42744357463083
46338,NJ,2021,2022,218.27272727272728,532.2653231612865,-313.9925958885592,313.9925958885592,-143.85333422632866
46344,NJ,2021,2022,104.10159872102318,126.54657468187119,-22.444975960848012,22.444975960848012,-21.560644828325078
46356,NJ,2021,2022,139.22459821428572,153.94738119354741,-14.722782979261694,14.722782979261694,-10.57484321599644
46362,NJ,2021,2022,126.34336492890996,153.44551748123118,-27.102152552321215,27.102152552321215,-21.45118785428176
46368,NJ,2021,2022,114.3429081814934,123.45710178211493,-9.114193600621533,9.114193600621533,-7.970930375633634
46380,NJ,2021,2022,97.33730512249444,109.92194587090879,-12.584640748414344,12.584640748414344,-12.928897849161904
46386,NJ,2021,2022,94.0477536597678,99.20361945797572,-5.155865798207913,5.155865798207913,-5.482178571601028
46392,NJ,2021,2022,120.70240963855422,139.39662658274665,-18.694216944192434,18.694216944192434,-15.487857284848447
46398,NJ,2021,2022,257.4858009708738,323.4927933849119,-66.00699241403811,66.00699241403811,-25.635197034225847
46404,NJ,2021,2022,60.451136363636365,61.78427730863683,-1.3331409450004656,1.3331409450004656,-2.205319908266274
46410,NJ,2021,2022,75.49573604060913,79.3225726012682,-3.826836560659075,3.826836560659075,-5.068943971353058
46422,NJ,2021,2022,118.39904306220096,129.34650848796585,-10.94746542576489,10.94746542576489,-9.246244853527774
46428,NJ,2021,2022,211.3985835694051,240.73027314699942,-29.331689577594318,29.331689577594318,-13.875064384224842
46434,NJ,2021,2022,277.6904918032787,335.0721141558268,-57.381622352548106,57.381622352548106,-20.66387724690205
46440,NJ,2021,2022,82.06285714285714,97.02625203207552,-14.963394889218378,14.963394889218378,-18.234065215606268
46476,NJ,2021,2022,182.4266304347826,205.6264695811451,-23.199839146362507,23.199839146362507,-12.7173533223026
46482,NJ,2021,2022,111.38801204819278,121.57304077422495,-10.185028726032172,10.185028726032172,-9.143738665185577
46488,NJ,2021,2022,135.79243167484233,154.16971700668327,-18.377285331840937,18.377285331840937,-13.533364934391711
46500,NJ,2021,2022,265.1098901098901,347.6540243360944,-82.54413422620428,82.54413422620428,-31.13581850605011
46506,NJ,2021,2022,177.1890279114533,204.2277065721388,-27.03867866068549,27.03867866068549,-15.259792877354423
46518,NJ,2021,2022,79.37537493952588,88.39690800970814,-9.021533070182258,9.021533070182258,-11.365657267200993
46530,NJ,2021,2022,153.94092526690392,193.48036685541211,-39.5394415885082,39.5394415885082,-25.684814820980463
46536,NJ,2021,2022,117.43658536585366,137.85830400216247,-20.42171863630881,20.42171863630881,-17.389571207889283
46542,NJ,2021,2022,178.3367741935484,183.61200426335006,-5.275230069801665,5.275230069801665,-2.9580158627723483
46548,NJ,2021,2022,96.64112903225806,102.56305067476913,-5.921921642511066,5.921921642511066,-6.127744679529121
46560,NJ,2021,2022,569.2807053941908,716.073424716392,-146.79271932220115,146.79271932220115,-25.78564808736254
46572,NJ,2021,2022,196.39304703476483,267.377779750512,-70.98473271574716,70.98473271574716,-36.144218844561074
46584,NJ,2021,2022,117.94135802469135,133.21370047737145,-15.272342452680093,15.272342452680093,-12.949098355712325
46806,NJ,2021,2022,54.636436950146624,58.5801094506312,-3.943672500484574,3.943672500484574,-7.218026505064749
46818,NJ,2021,2022,76.9689497716895,88.02925921131411,-11.060309439624618,11.060309439624618,-14.369832864333548
46926,NJ,2021,2022,119.8507658643326,133.08268329444155,-13.23191743010895,13.23191743010895,-11.040327806571613
46932,NJ,2021,2022,107.60192307692309,114.18092349730786,-6.579000420384773,6.579000420384773,-6.114203382481872
46938,NJ,2021,2022,74.40321715817694,83.31806709386514,-8.914849935688196,8.914849935688196,-11.98180707258362
46950,NJ,2021,2022,102.5798715203426,135.56687528009383,-32.98700375975122,32.98700375975122,-32.15738455395664
46956,NJ,2021,2022,96.10779661016949,114.70831542705885,-18.600518816889362,18.600518816889362,-19.353808403637025
46962,NJ,2021,2022,70.58955223880596,77.73669930804807,-7.147147069242109,7.147147069242109,-10.124936116697777
46968,NJ,2021,2022,90.09194444444444,93.87889113544182,-3.7869466909973823,3.7869466909973823,-4.203424306523453
46980,NJ,2021,2022,196.78246153846155,299.8284427108937,-103.04598117243214,103.04598117243214,-52.36542950363062
46992,NJ,2021,2022,87.15263157894736,102.42148172125547,-15.26885014230811,15.26885014230811,-17.5196662059215
47004,NJ,2021,2022,160.45628997867803,176.0454602565292,-15.589170277851167,15.589170277851167,-9.715524570537378
47016,NJ,2021,2022,130.86666666666667,144.35549925122274,-13.488832584556064,13.488832584556064,-10.307309667261382
47028,NJ,2021,2022,96.88058823529413,104.0780261828587,-7.197437947564566,7.197437947564566,-7.4291848126315365
47040,NJ,2021,2022,92.1346081504702,101.59150156800654,-9.456893417536335,9.456893417536335,-10.264214074793427
47058,NJ,2021,2022,86.1984399375975,87.1098777422257,-0.911437804628207,0.911437804628207,-1.0573715780564397
47082,NJ,2021,2022,79.46631578947368,82.85271672885021,-3.3864009393765286,3.3864009393765286,-4.261429393993751
47088,NJ,2021,2022,104.02339449541284,111.24694629621398,-7.223551800801133,7.223551800801133,-6.944160816747498
47094,NJ,2021,2022,112.0076062639821,115.66552534997578,-3.657919085993683,3.657919085993683,-3.2657773949499607
47100,NJ,2021,2022,87.66209912536443,98.88602132046282,-11.223922195098382,11.223922195098382,-12.803620158635711
47106,NJ,2021,2022,99.755,110.22702859616194,-10.472028596161948,10.472028596161948,-10.49774807895539
47112,NJ,2021,2022,107.71121076233185,113.96200358121982,-6.250792818887973,6.250792818887973,-5.80328897488725
47118,NJ,2021,2022,165.99695512820512,203.85285689392094,-37.85590176571583,37.85590176571583,-22.80517840612102
47136,NJ,2021,2022,106.19114391143911,133.21615875204367,-27.025014840604555,27.025014840604555,-25.44940552024072
47142,NJ,2021,2022,68.37947368421052,69.31886708085096,-0.9393933966404404,0.9393933966404404,-1.37379442400908
47160,NJ,2021,2022,94.08207771609834,104.0127816446722,-9.930703928573863,9.930703928573863,-10.555362051570237
47178,NJ,2021,2022,82.69095238095238,83.13403070440589,-0.4430783234535056,0.4430783234535056,-0.5358244290285469
47190,NJ,2021,2022,104.33537414965988,117.13769985553326,-12.802325705873372,12.802325705873372,-12.270359703229285
47196,NJ,2021,2022,108.14955175224124,120.4100049846979,-12.260453232456669,12.260453232456669,-11.336573322600563
47214,NJ,2021,2022,163.5549689440994,189.9803588122905,-26.425389868191104,26.425389868191104,-16.156885993003918
47226,NJ,2021,2022,157.82045454545454,178.6985114074561,-20.878056862001557,20.878056862001557,-13.228992985816285
47244,NJ,2021,2022,87.7916488222698,91.7509781925974,-3.9593293703275947,3.9593293703275947,-4.509915719139842
47256,NJ,2021,2022,120.95380333951762,128.9882235757549,-8.034420236237267,8.034420236237267,-6.642552788261341
47292,NJ,2021,2022,85.81622691292876,91.14146462418152,-5.325237711252768,5.325237711252768,-6.205397164170227
47310,NJ,2021,2022,77.90520393811533,84.18622362120664,-6.281019683091301,6.281019683091301,-8.062387832372126
47406,NJ,2021,2022,453.19104744852285,622.784330075643,-169.59328262712012,169.59328262712012,-37.422028431923934
47520,NJ,2021,2022,256.23012490815574,326.9939031190527,-70.76377821089693,70.76377821089693,-27.617274993040652
47526,NJ,2021,2022,153.5693304535637,178.19680160527764,-24.627471151713934,24.627471151713934,-16.03671193914646
47532,NJ,2021,2022,210.31265625,259.16011028641174,-48.84745403641173,48.84745403641173,-23.226112449621887
47544,NJ,2021,2022,339.32331606217616,483.70150516979004,-144.37818910761388,144.37818910761388,-42.548855994663995
47562,NJ,2021,2022,133.47556561085972,150.45044911616796,-16.97488350530824,16.97488350530824,-12.717596233903613
47568,NJ,2021,2022,363.6299892125135,475.4834570259636,-111.8534678134501,111.8534678134501,-30.760242865469607
47580,NJ,2021,2022,243.87857142857143,328.8100000343135,-84.93142860574204,84.93142860574204,-34.82529363208823
47586,NJ,2021,2022,760.1114457831326,1134.248236462015,-374.13679067888245,374.13679067888245,-49.22130731677305
47592,NJ,2021,2022,244.07222222222225,440.83522453784667,-196.76300231562442,196.76300231562442,-80.61671275991257
47598,NJ,2021,2022,163.35,193.3414251569933,-29.9914251569933,29.9914251569933,-18.360223542695625
47604,NJ,2021,2022,436.52972972972975,506.18483992480935,-69.6551101950796,69.6551101950796,-15.956555865783855
47610,NJ,2021,2022,349.1322580645161,452.72249451646667,-103.59023645195055,103.59023645195055,-29.670772052466177
47616,NJ,2021,2022,156.38137583892615,176.64490469779005,-20.263528858863907,20.263528858863907,-12.957763512539675
47640,NJ,2021,2022,263.0250663129973,338.4713575350123,-75.44629122201502,75.44629122201502,-28.684068891074688
47670,NJ,2021,2022,365.4632608695652,513.1948389730816,-147.73157810351637,147.73157810351637,-40.4230996440001
47676,NJ,2021,2022,183.428025477707,218.36919913493512,-34.94117365722812,34.94117365722812,-19.04898314542164
47700,NJ,2021,2022,151.15705128205127,194.32873049832534,-43.17167921627407,43.17167921627407,-28.560810660243657
47760,NJ,2021,2022,207.142899408284,264.00779628935084,-56.86489688106684,56.86489688106684,-27.45201358265468
47844,NJ,2021,2022,213.36229773462784,294.22349104173054,-80.8611933071027,80.8611933071027,-37.898538854167604
47856,NJ,2021,2022,662.3931034482758,1574.849563208295,-912.4564597600191,912.4564597600191,-137.75150360261412
47880,NJ,2021,2022,133.744,164.7187306613277,-30.974730661327698,30.974730661327698,-23.159716070498636
47886,NJ,2021,2022,142.1586744639376,161.671381053951,-19.51270659001341,19.51270659001341,-13.726004877010398
48012,NJ,2021,2022,91.66806722689076,97.36062188734851,-5.692554660457759,5.692554660457759,-6.209964748539885
48018,NJ,2021,2022,158.91420079260237,181.90336661447404,-22.989165821871666,22.989165821871666,-14.46640118202818
48024,NJ,2021,2022,73.12145214521452,77.5823380365737,-4.460885891359183,4.460885891359183,-6.100652763979782
48030,NJ,2021,2022,82.63721413721414,93.1452415988297,-10.508027461615555,10.508027461615555,-12.715853954330559
48042,NJ,2021,2022,75.53582089552239,76.86291794293442,-1.3270970474120247,1.3270970474120247,-1.7569108691459157
48048,NJ,2021,2022,176.1592841163311,217.7972479833245,-41.6379638669934,41.6379638669934,-23.63654239165547
48054,NJ,2021,2022,83.65836627140975,88.65277064307665,-4.994404371666903,4.994404371666903,-5.969999886758177
48060,NJ,2021,2022,59.51292639138241,67.36353830508104,-7.8506119136986285,7.8506119136986285,-13.191439893359727
48072,NJ,2021,2022,75.42947421638019,81.18890596559575,-5.759431749215565,5.759431749215565,-7.635518885752559
48084,NJ,2021,2022,64.48,72.74013110205595,-8.26013110205595,8.26013110205595,-12.81037701931754
48090,NJ,2021,2022,56.99021406727829,61.53690738519091,-4.54669331791262,4.54669331791262,-7.978024635150768
48096,NJ,2021,2022,76.5298364354202,83.37669459972324,-6.846858164303043,6.846858164303043,-8.946652029082506
48114,NJ,2021,2022,81.63125,86.88425026348371,-5.253000263483713,5.253000263483713,-6.435035924947509
48120,NJ,2021,2022,111.75506329113924,129.46151018930777,-17.706446898168537,17.706446898168537,-15.843977334647025
48126,NJ,2021,2022,55.24261945392492,61.82489106143595,-6.582271607511032,6.582271607511032,-11.91520545654243
48132,NJ,2021,2022,115.9657894736842,133.25116272373256,-17.285373250048366,17.285373250048366,-14.90557976494515
48156,NJ,2021,2022,89.36896551724138,105.81508871279988,-16.4461231955585,16.4461231955585,-18.402499234911314
48162,NJ,2021,2022,74.58677042801557,77.76474438884978,-3.1779739608342084,3.1779739608342084,-4.260774320428986
48168,NJ,2021,2022,73.47364253393665,79.83909741841731,-6.3654548844806556,6.3654548844806556,-8.663589642422483
48174,NJ,2021,2022,67.76032388663968,72.59337382598336,-4.833049939343681,4.833049939343681,-7.132566171657002
48180,NJ,2021,2022,53.81700468018721,54.84351305438768,-1.0265083742004677,1.0265083742004677,-1.9074052528575192
48186,NJ,2021,2022,61.27893864013267,62.951352709959025,-1.6724140698263525,1.6724140698263525,-2.729182500447321
48198,NJ,2021,2022,297.2137761377614,266.33499520494274,30.878780932818643,30.878780932818643,10.38941779014511
48204,NJ,2021,2022,115.57067745197168,126.65825219973789,-11.087574747766212,11.087574747766212,-9.593761144451138
48210,NJ,2021,2022,117.65274151436032,130.20987919502386,-12.557137680663544,12.557137680663544,-10.673051489523395
48216,NJ,2021,2022,118.0466463414634,130.01416486510604,-11.967518523642639,11.967518523642639,-10.137957235163823
48222,NJ,2021,2022,80.86917355371901,89.27427370437655,-8.405100150657546,8.405100150657546,-10.393453749189469
48246,NJ,2021,2022,104.5625,113.32872215619639,-8.766222156196392,8.766222156196392,-8.383715152369533
48258,NJ,2021,2022,139.44787752261655,169.8777047733542,-30.429827250737645,30.429827250737645,-21.821649630918436
48270,NJ,2021,2022,54.29210526315789,60.046057524768166,-5.753952261610273,5.753952261610273,-10.598138041839483
48276,NJ,2021,2022,57.229342027267336,66.68875665707169,-9.459414629804357,9.459414629804357,-16.528959262361166
48288,NJ,2021,2022,106.81863354037267,114.32820297546684,-7.509569435094164,7.509569435094164,-7.030205485877033
48294,NJ,2021,2022,65.7057761732852,64.55888202929845,1.1468941439867564,1.1468941439867564,1.7454997273939261
48300,NJ,2021,2022,88.80652472527473,96.52893239787034,-7.722407672595608,7.722407672595608,-8.69576610106642
48306,NJ,2021,2022,79.59982269503546,84.63579247632778,-5.035969781292323,5.035969781292323,-6.326609294830013
48312,NJ,2021,2022,61.55530227948464,62.985528945542875,-1.430226666058232,1.430226666058232,-2.323482483384543
48318,NJ,2021,2022,111.74269617706236,124.6873303336406,-12.944634156578246,12.944634156578246,-11.584322375814855
48324,NJ,2021,2022,112.86936082474227,125.69112501295167,-12.8217641882094,12.8217641882094,-11.359827055385185
48330,NJ,2021,2022,156.92668918918918,184.38013409164054,-27.453444902451366,27.453444902451366,-17.494439629293257
48336,NJ,2021,2022,163.19828326180257,186.92747541373194,-23.729192151929368,23.729192151929368,-14.54009912215989
48342,NJ,2021,2022,245.8165242165242,321.1044931182008,-75.28796890167663,75.28796890167663,-30.627708670780912
48354,NJ,2021,2022,71.49633333333334,69.08205276077314,2.4142805725602017,2.4142805725602017,3.3767893540837077
48360,NJ,2021,2022,77.27341678939617,81.77795202819124,-4.5045352387950715,4.5045352387950715,-5.829346528149388
48366,NJ,2021,2022,107.11616766467066,119.56013686329311,-12.443969198622455,12.443969198622455,-11.617265133661759
48372,NJ,2021,2022,169.3467418546366,185.7471879415483,-16.4004460869117,16.4004460869117,-9.684535945184862
48378,NJ,2021,2022,61.26118421052632,61.68230977351207,-0.42112556298575043,0.42112556298575043,-0.6874264159480445
48390,NJ,2021,2022,69.39590792838875,78.27127541687719,-8.875367488488436,8.875367488488436,-12.789468073026919
48396,NJ,2021,2022,49.89845360824742,49.04438330807817,0.8540703001692549,0.8540703001692549,1.7116167704806198
48402,NJ,2021,2022,88.72696629213483,93.66454296040753,-4.937576668272698,4.937576668272698,-5.564910956174986
48408,NJ,2021,2022,60.87852760736196,64.93707393794105,-4.058546330579091,4.058546330579091,-6.666630239080054
48414,NJ,2021,2022,52.8089552238806,54.49364440917997,-1.6846891852993693,1.6846891852993693,-3.190158142983939
48420,NJ,2021,2022,67.30567484662576,75.1587035564076,-7.853028709781839,7.853028709781839,-11.667706664671433
48426,NJ,2021,2022,86.66507276507276,95.73249933999386,-9.0674265749211,9.0674265749211,-10.462607698375347
48450,NJ,2021,2022,76.58551587301588,84.29416198959551,-7.708646116579629,7.708646116579629,-10.065409926024527
48462,NJ,2021,2022,110.73402985074628,121.53774215273985,-10.80371230199357,10.80371230199357,-9.75645184823079
48468,NJ,2021,2022,63.16125907990315,64.11696760075264,-0.9557085208494982,0.9557085208494982,-1.5131245557351287
48474,NJ,2021,2022,61.04094827586207,65.18096718069566,-4.140018904833589,4.140018904833589,-6.782363350784822
48480,NJ,2021,2022,110.1549059481444,115.15915229123925,-5.004246343094849,5.004246343094849,-4.542917358079908
48486,NJ,2021,2022,75.63221789883268,81.8556040229596,-6.223386124126918,6.223386124126918,-8.228485554200535
48498,NJ,2021,2022,72.0973282442748,74.52154454161675,-2.4242162973419425,2.4242162973419425,-3.362421821136552
48504,NJ,2021,2022,74.14602272727272,76.98183862475474,-2.8358158974820213,2.8358158974820213,-3.8246365660270794
48510,NJ,2021,2022,113.3560418648906,122.59286622592751,-9.23682436103691,9.23682436103691,-8.148506430778792
48516,NJ,2021,2022,84.14072398190045,93.6160851171993,-9.475361135298854,9.475361135298854,-11.261325891772815
48522,NJ,2021,2022,73.70581570996978,87.61943305298306,-13.913617343013271,13.913617343013271,-18.87723134055384
48528,NJ,2021,2022,101.2180790960452,114.82670178248604,-13.608622686440839,13.608622686440839,-13.444853733617787
48534,NJ,2021,2022,73.10804020100502,79.39675275186237,-6.2887125508573405,6.2887125508573405,-8.601943826652994
48540,NJ,2021,2022,86.69684684684685,94.33110094031268,-7.634254093465827,7.634254093465827,-8.805688293314768
48546,NJ,2021,2022,78.16078431372549,94.56534331600352,-16.404559002278035,16.404559002278035,-20.98822209412924
48552,NJ,2021,2022,92.98177083333331,107.75940133043217,-14.777630497098855,14.777630497098855,-15.893040501010955
48558,NJ,2021,2022,57.84122448979592,57.56936917674435,0.2718553130515673,0.2718553130515673,0.4700026934933349
48564,NJ,2021,2022,77.23180722891566,84.84360611278623,-7.611798883870577,7.611798883870577,-9.855782425638633
48576,NJ,2021,2022,74.49619358346928,83.92167906446018,-9.4254854809909,9.4254854809909,-12.652304805922887
48582,NJ,2021,2022,83.44294117647058,86.4546176888328,-3.0116765123622145,3.0116765123622145,-3.60926457037621
48588,NJ,2021,2022,95.63181818181818,127.64403686321423,-32.01221868139605,32.01221868139605,-33.474443224046446
48612,NJ,2021,2022,35.03581560283688,31.40295131281789,3.6328642900189863,3.6328642900189863,10.369001627365657
48618,NJ,2021,2022,35.44288659793814,33.860608657888065,1.5822779400500764,1.5822779400500764,4.464303254978459
48624,NJ,2021,2022,30.434563758389263,28.17477665802916,2.2597871003601036,2.2597871003601036,7.425068150474787
48630,NJ,2021,2022,32.29267461669506,32.84508802694742,-0.5524134102523632,0.5524134102523632,-1.7106461970380422
48636,NJ,2021,2022,83.34850894632207,85.32664035469641,-1.9781314083743382,1.9781314083743382,-2.373325490019612
48642,NJ,2021,2022,68.79623493975903,72.47084690145098,-3.6746119616919515,3.6746119616919515,-5.341298059275483
48648,NJ,2021,2022,106.53076109936576,113.13377464153041,-6.603013542164646,6.603013542164646,-6.198222442066039
48654,NJ,2021,2022,67.21950171821305,71.43555816294102,-4.216056444727968,4.216056444727968,-6.272073337291093
48660,NJ,2021,2022,46.65014272121789,48.26599801692257,-1.6158552957046837,1.6158552957046837,-3.4637735309001405
49206,NJ,2021,2022,68.57118055555556,68.90240604165673,-0.3312254861011752,0.3312254861011752,-0.4830389143334352
49212,NJ,2021,2022,257.4746835443038,295.0575349808903,-37.58285143658651,37.58285143658651,-14.596717207002454
49218,NJ,2021,2022,113.89027431421448,124.18100223910103,-10.290727924886554,10.290727924886554,-9.035651188700475
49224,NJ,2021,2022,90.87847533632286,106.99855757992412,-16.12008224360126,16.12008224360126,-17.73806413888888
49230,NJ,2021,2022,70.87350369872226,73.97814614765005,-3.104642448927791,3.104642448927791,-4.380540380965761
49260,NJ,2021,2022,80.38112359550561,80.75418094546197,-0.37305734995635476,0.37305734995635476,-0.4641106434809947
49290,NJ,2021,2022,70.03145400593472,73.44607151097011,-3.4146175050353946,3.4146175050353946,-4.8758340855610784
49326,NJ,2021,2022,134.72063492063492,166.7027970089819,-31.982162088346968,31.982162088346968,-23.739616508776056
49338,NJ,2021,2022,99.9467248908297,106.97836367843507,-7.031638787605374,7.031638787605374,-7.035386897655653
49350,NJ,2021,2022,86.31940928270042,94.76135097253153,-8.441941689831111,8.441941689831111,-9.779888161865573
49356,NJ,2021,2022,141.42924836601307,170.69177528967856,-29.26252692366549,29.26252692366549,-20.69057656867077
49380,NJ,2021,2022,96.0037617554859,106.51776796410442,-10.514006208618525,10.514006208618525,-10.951660660336291
49392,NJ,2021,2022,37.08900778210117,35.8107543255858,1.2782534565153725,1.2782534565153725,3.446448241552168
49404,NJ,2021,2022,72.2852127220157,78.49181123683827,-6.2065985148225735,6.2065985148225735,-8.586263055890887
49446,NJ,2021,2022,99.48166666666668,105.75246209632454,-6.270795429657852,6.270795429657852,-6.303468407570424
49452,NJ,2021,2022,52.76681818181818,54.67778000468406,-1.910961822865879,1.910961822865879,-3.6215217985691197
49458,NJ,2021,2022,146.76363636363635,169.81337480014793,-23.049738436511575,23.049738436511575,-15.705347051636975
49464,NJ,2021,2022,68.16936936936936,74.44803015415279,-6.278660784783426,6.278660784783426,-9.210384140071898
49482,NJ,2021,2022,203.1877551020408,304.20190782255884,-101.01415272051804,101.01415272051804,-49.71468515402849
49506,NJ,2021,2022,54.74740124740125,57.436216043276126,-2.688814795874876,2.688814795874876,-4.911310372019729
49560,NJ,2021,2022,72.1866935483871,77.22753679970978,-5.040843251322684,5.040843251322684,-6.983064334348244
49620,NJ,2021,2022,71.93516483516484,74.18460284950305,-2.2494380143382102,2.2494380143382102,-3.12703532339526
49812,NJ,2021,2022,56.87845659163988,60.81324899738825,-3.934792405748368,3.934792405748368,-6.917895881033298
49860,NJ,2021,2022,68.12555555555555,72.63252479505849,-4.506969239502936,4.506969239502936,-6.615680712985244
49866,NJ,2021,2022,56.66494845360825,55.33355858321939,1.331389870388854,1.331389870388854,2.3495827786358383
49872,NJ,2021,2022,65.46699507389162,69.36683691324379,-3.899841839352163,3.899841839352163,-5.956958670472763
49884,NJ,2021,2022,57.42727272727273,63.14409285375716,-5.7168201264844285,5.7168201264844285,-9.95488703361227
49902,NJ,2021,2022,74.35762711864406,77.71984577219793,-3.3622186535538674,3.3622186535538674,-4.521686320340958
49908,NJ,2021,2022,84.4641541038526,91.51638896607929,-7.0522348622266975,7.0522348622266975,-8.349381979905521
49914,NJ,2021,2022,81.86,89.10561148005661,-7.24561148005661,7.24561148005661,-8.85122340588396
49932,NJ,2021,2022,96.14891944990175,96.06494530556013,0.08397414434162442,0.08397414434162442,0.08733758509410917
49938,NJ,2021,2022,81.26756756756757,89.17228108012635,-7.904713512558786,7.904713512558786,-9.726775082798731
49944,NJ,2021,2022,52.31428571428572,60.407325189903155,-8.093039475617438,8.093039475617438,-15.470037228105424
49956,NJ,2021,2022,56.857317073170734,52.83684392576368,4.020473147407053,4.020473147407053,7.07116226084504
49962,NJ,2021,2022,56.05,62.106566252307985,-6.056566252307988,6.056566252307988,-10.805648978247973
49968,NJ,2021,2022,68.69090909090909,76.2398537651242,-7.548944674215107,7.548944674215107,-10.989728879879062
49980,NJ,2021,2022,69.1724404378622,76.0859562334175,-6.913515795555298,6.913515795555298,-9.994610211512963
49992,NJ,2021,2022,60.02359686179843,67.22150414282052,-7.19790728102209,7.19790728102209,-11.991795989158964
50040,NJ,2021,2022,85.0093023255814,85.92325188227841,-0.9139495566970055,0.9139495566970055,-1.0751171127091765
50046,NJ,2021,2022,56.23170731707317,58.1381389940592,-1.9064316769860241,1.9064316769860241,-3.3903144114693986
50058,NJ,2021,2022,99.6406113537118,109.81712341645888,-10.17651206274708,10.17651206274708,-10.213217205805497
50064,NJ,2021,2022,80.94867549668874,87.8866100881458,-6.937934591457065,6.937934591457065,-8.57078210222336
50070,NJ,2021,2022,60.142857142857146,61.10031333630758,-0.9574561934504331,0.9574561934504331,-1.5919699178510764
50076,NJ,2021,2022,53.16052631578948,59.697419029737546,-6.536892713948063,6.536892713948063,-12.29651616900284
50088,NJ,2021,2022,61.81428571428572,83.91979500265933,-22.10550928837361,22.10550928837361,-35.761165939129945
50094,NJ,2021,2022,52.57125,51.84058706149666,0.7306629385033361,0.7306629385033361,1.389852701815795
50100,NJ,2021,2022,73.22972972972973,68.24779936703203,4.981930362697696,4.981930362697696,6.803152737398589
50118,NJ,2021,2022,64.26153846153846,71.81672053970183,-7.555182078163369,7.555182078163369,-11.756926863313838
50160,NJ,2021,2022,52.42383521333987,56.69676694081863,-4.272931727478756,4.272931727478756,-8.150742329495683
50166,NJ,2021,2022,90.0412834224599,106.75846347132335,-16.717180048863455,16.717180048863455,-18.56612812861519
50406,NJ,2021,2022,38.72208513263418,43.397812607903134,-4.675727475268957,4.675727475268957,-12.075092183835807
50412,NJ,2021,2022,177.2541095890411,200.75146690484348,-23.49735731580239,23.49735731580239,-13.25631172686511
50418,NJ,2021,2022,202.0960784313725,292.28381703159033,-90.18773860021784,90.18773860021784,-44.62616954284132
50436,NJ,2021,2022,89.84034334763949,118.74141690638169,-28.901073558742198,28.901073558742198,-32.169371222134316
51006,NJ,2021,2022,148.81863905325443,174.02192880819103,-25.203289754936606,25.203289754936606,-16.93557333629268
51012,NJ,2021,2022,236.2121100917431,297.1019360336185,-60.88982594187536,60.88982594187536,-25.777605525062274
51030,NJ,2021,2022,94.16246215943492,101.32071874942227,-7.158256589987346,7.158256589987346,-7.602027841909082
51060,NJ,2021,2022,180.8837301587301,215.58567474726294,-34.701944588532854,34.701944588532854,-19.18466882459855
51066,NJ,2021,2022,83.15510204081633,84.79598343009755,-1.640881389281219,1.640881389281219,-1.9732780659397173
51072,NJ,2021,2022,157.50590163934427,207.04355200179066,-49.537650362446385,49.537650362446385,-31.451297917634406
51084,NJ,2021,2022,126.87991452991452,143.94090980680173,-17.060995276887212,17.060995276887212,-13.44656901771851
51090,NJ,2021,2022,151.48219178082192,161.75574642127788,-10.273554640455956,10.273554640455956,-6.78202138461309
51108,NJ,2021,2022,77.32236842105263,85.06186885178477,-7.739500430732136,7.739500430732136,-10.009393903439841
51120,NJ,2021,2022,92.29391361256543,111.40335612565593,-19.1094425130905,19.1094425130905,-20.704986672586855
51150,NJ,2021,2022,164.0,226.31686655646294,-62.31686655646294,62.31686655646294,-37.99808936369691
51162,NJ,2021,2022,103.51193809874724,94.4299172429646,9.08202085578263,9.08202085578263,8.773887362749075
51168,NJ,2021,2022,117.20434782608696,134.93549786124163,-17.73115003515467,17.73115003515467,-15.128406380849405
51180,NJ,2021,2022,145.79481865284973,182.34419488724095,-36.54937623439122,36.54937623439122,-25.069050170718683
51198,NJ,2021,2022,92.5875,96.95121165012797,-4.363711650127968,4.363711650127968,-4.713067800867252
51204,NJ,2021,2022,231.4798751950078,285.26166283683835,-53.78178764183056,53.78178764183056,-23.233893484918575
51210,NJ,2021,2022,177.1583969465649,195.62313316663978,-18.464736220074883,18.464736220074883,-10.422727083968974
51216,NJ,2021,2022,153.75216473072862,174.28262774108475,-20.53046301035613,20.53046301035613,-13.352958669760406
51240,NJ,2021,2022,271.7008996851102,386.18877967579056,-114.48787999068037,114.48787999068037,-42.13746812151412
51252,NJ,2021,2022,150.78011363636364,286.3729134897767,-135.59279985341306,135.59279985341306,-89.92750872997892
51300,NJ,2021,2022,249.23812038014785,317.54611083655163,-68.30799045640379,68.30799045640379,-27.406718664150464
51306,NJ,2021,2022,166.9303886925795,195.8875627567677,-28.957174064188195,28.957174064188195,-17.34685595054594
51318,NJ,2021,2022,153.35897435897436,213.30551324883913,-59.94653888986477,59.94653888986477,-39.08903221375566
51324,NJ,2021,2022,66.94564102564102,66.47383756852962,0.47180345711140603,0.47180345711140603,0.7047560526468024
51348,NJ,2021,2022,300.8201612903226,424.3273537185071,-123.50719242818451,123.50719242818451,-41.05682009424471
51354,NJ,2021,2022,162.77439024390245,183.15476791446605,-20.380377670563604,20.380377670563604,-12.520629098978949
51360,NJ,2021,2022,171.8659217877095,205.64091135968795,-33.77498957197844,33.77498957197844,-19.651941013470744
51372,NJ,2021,2022,72.192578125,80.98295339735606,-8.790375272356059,8.790375272356059,-12.176286677469395
51648,NJ,2021,2022,33.59318181818182,31.04314414974739,2.5500376684344275,2.5500376684344275,7.590938191672743
51654,NJ,2021,2022,35.282459016393446,33.731244223331956,1.5512147930614901,1.5512147930614901,4.396560886928948
51660,NJ,2021,2022,57.63360655737705,63.05078521769608,-5.417178660319031,5.417178660319031,-9.399340044642127
51666,NJ,2021,2022,34.767379182156134,35.89340040837992,-1.1260212262237843,1.1260212262237843,-3.2387290981130348
51708,NJ,2021,2022,50.42987341772152,56.75109205870059,-6.321218640979076,6.321218640979076,-12.534670846026241
51714,NJ,2021,2022,83.12957969865187,89.13555070147315,-6.005971002821283,6.005971002821283,-7.22483022841349
51720,NJ,2021,2022,97.23178170144462,104.29167083200292,-7.059889130558304,7.059889130558304,-7.260886314143734
51768,NJ,2021,2022,87.54495726495726,95.90389429395765,-8.358937029000387,8.358937029000387,-9.548165068722154
51774,NJ,2021,2022,41.97920489296636,42.459107182827715,-0.4799022898613572,0.4799022898613572,-1.143190517983739
51828,NJ,2021,2022,55.64616048317515,62.18555402309532,-6.5393935399201695,6.5393935399201695,-11.75174258769818
51840,NJ,2021,2022,61.3468085106383,54.161008877418425,7.185799633219872,7.185799633219872,11.71340418136628
51846,NJ,2021,2022,59.17453416149068,47.72400061234704,11.450533549143643,11.450533549143643,19.350441387328008
51888,NJ,2021,2022,109.5962915601023,120.53802816576115,-10.941736605658846,10.941736605658846,-9.983674127931993
52140,NJ,2021,2022,100.42889305816136,112.73311263087857,-12.304219572717201,12.304219572717201,-12.251672997721345
52146,NJ,2021,2022,162.39735894357744,175.6753747044748,-13.278015760897347,13.278015760897347,-8.176251046983218
52206,NJ,2021,2022,92.35784716516024,67.69352847946777,24.664318685692464,24.664318685692464,26.705168475382656
52326,NJ,2021,2022,83.60509383378016,89.24763506056865,-5.642541226788495,5.642541226788495,-6.74904000228352
52332,NJ,2021,2022,72.02090592334494,73.76908148373703,-1.7481755603920845,1.7481755603920845,-2.427316815832261
52338,NJ,2021,2022,83.05800344234079,89.98082909927471,-6.922825656933924,6.922825656933924,-8.334929049600595
52344,NJ,2021,2022,88.68872246696036,93.49027610396301,-4.801553637002655,4.801553637002655,-5.413939341376127
52380,NJ,2021,2022,206.17849462365592,240.63844266868523,-34.45994804502931,34.45994804502931,-16.713648097940638
52386,NJ,2021,2022,87.19023539668702,95.5857684219256,-8.395533025238578,8.395533025238578,-9.628983093165939
52398,NJ,2021,2022,53.50510948905109,53.6093527258875,-0.10424323683641035,0.10424323683641035,-0.19482856465837523
52404,NJ,2021,2022,92.07289002557545,103.51533209952079,-11.442442073945344,11.442442073945344,-12.427590869328563
52410,NJ,2021,2022,154.99481865284974,206.89085219600037,-51.89603354315062,51.89603354315062,-33.482431215578224
52416,NJ,2021,2022,170.5875901875902,207.40717056631507,-36.81958037872488,36.81958037872488,-21.58397356937598
52428,NJ,2021,2022,487.1898305084746,458.0194349843292,29.170395524145363,29.170395524145363,5.9874803818668685
52446,NJ,2021,2022,103.94013605442176,112.07139789294297,-8.131261838521212,8.131261838521212,-7.823024047480354
52452,NJ,2021,2022,127.2146501457726,153.6545935654217,-26.439943419649097,26.439943419649097,-20.783725293708013
52500,NJ,2021,2022,278.0627358490566,382.04679861642865,-103.98406276737205,103.98406276737205,-37.3959000474694
52506,NJ,2021,2022,85.36952380952381,100.27069076294639,-14.901166953422575,14.901166953422575,-17.45490227480946
52512,NJ,2021,2022,130.3984496124031,173.774524117843,-43.376074505439874,43.376074505439874,-33.26425631161344
52518,NJ,2021,2022,88.9474835230677,93.48914560281281,-4.541662079745109,4.541662079745109,-5.106004014792921
52530,NJ,2021,2022,89.35065034429992,95.60095771892593,-6.250307374626004,6.250307374626004,-6.995256722297309
52542,NJ,2021,2022,59.33890625,73.19757941914658,-13.858673169146577,13.858673169146577,-23.355120687190922
52548,NJ,2021,2022,88.66430155210644,106.46784476058848,-17.80354320848204,17.80354320848204,-20.079719680664503
52554,NJ,2021,2022,63.26598746081505,85.13845345049624,-21.872465989681196,21.872465989681196,-34.57223520494058
52806,NJ,2021,2022,175.1529715762274,198.71289591496148,-23.559924338734078,23.559924338734078,-13.451056026463522
52812,NJ,2021,2022,129.62110552763818,155.10189548187157,-25.480789954233387,25.480789954233387,-19.657902044972374
52824,NJ,2021,2022,125.71548387096774,117.48330960790275,8.23217426306499,8.23217426306499,6.54825802644514
52830,NJ,2021,2022,66.6885593220339,74.05585695953728,-7.367297637503384,7.367297637503384,-11.047318629162872
52842,NJ,2021,2022,147.91009174311927,177.39436813114236,-29.48427638802309,29.48427638802309,-19.933917990686858
52854,NJ,2021,2022,140.2512027491409,140.5768334629479,-0.32563071380698716,0.32563071380698716,-0.23217677098243766
52860,NJ,2021,2022,155.82139303482586,219.78627143397858,-63.964878399152724,63.964878399152724,-41.05012614337022
52872,NJ,2021,2022,111.55883134130146,128.47174619054755,-16.912914849246093,16.912914849246093,-15.160534263309883
52896,NJ,2021,2022,130.12177519701368,163.42641873689882,-33.30464353988515,33.30464353988515,-25.59498092418393
52902,NJ,2021,2022,87.53911894273128,92.86010862055086,-5.320989677819583,5.320989677819583,-6.078413561942076
52920,NJ,2021,2022,166.48959694989108,191.1004830901293,-24.61088614023822,24.61088614023822,-14.782236602834375
52932,NJ,2021,2022,139.44954954954954,161.67015321783737,-22.220603668287822,22.220603668287822,-15.934510896639608
52938,NJ,2021,2022,101.42495088408644,109.09695268631646,-7.672001802230014,7.672001802230014,-7.564215447338954
52944,NJ,2021,2022,138.71297709923664,153.95328441634624,-15.240307317109597,15.240307317109597,-10.986936936842277
52950,NJ,2021,2022,108.63430962343097,117.24522174024023,-8.61091211680926,8.61091211680926,-7.926512486394079
52956,NJ,2021,2022,123.430223880597,126.6383965730796,-3.2081726924826057,3.2081726924826057,-2.5991791893581135
52962,NJ,2021,2022,125.84405286343612,152.2843634560109,-26.44031059257479,26.44031059257479,-21.010377519601484
52968,NJ,2021,2022,83.01549295774647,95.44122218077878,-12.425729223032306,12.425729223032306,-14.967964147796845
52974,NJ,2021,2022,105.8745945945946,110.39065724813103,-4.516062653536437,4.516062653536437,-4.2654828297845535
52980,NJ,2021,2022,101.44898580121703,117.60037601507422,-16.151390213857184,16.151390213857184,-15.92070150952995
52986,NJ,2021,2022,132.87194839563347,163.86481660914401,-30.992868213510548,30.992868213510548,-23.325365954014305
52992,NJ,2021,2022,47.229447852760735,47.71645251418872,-0.4870046614279815,0.4870046614279815,-1.0311462097677568
52998,NJ,2021,2022,198.5401301518438,273.6922387416249,-75.15210858978111,75.15210858978111,-37.852351830486185
53010,NJ,2021,2022,60.73717277486911,64.3201744406356,-3.5830016657664885,3.5830016657664885,-5.899190729616917
53016,NJ,2021,2022,236.8298969072165,260.9793499885526,-24.149453081336105,24.149453081336105,-10.196961362018074
53022,NJ,2021,2022,108.27992916174736,158.28940829271122,-50.009479130963854,50.009479130963854,-46.18536373094616
53040,NJ,2021,2022,141.25794701986754,161.15163327272725,-19.89368625285971,19.89368625285971,-14.0832333136356
53064,NJ,2021,2022,146.28439944776807,162.248139027901,-15.963739580132938,15.963739580132938,-10.912810689586152
53076,NJ,2021,2022,82.43168187744459,85.23984565325664,-2.808163775812048,2.808163775812048,-3.40665592628219
53088,NJ,2021,2022,112.41595238095238,127.69491973823187,-15.278967357279498,15.278967357279498,-13.591458359488442
53100,NJ,2021,2022,119.60963302752292,128.20603668794723,-8.596403660424315,8.596403660424315,-7.18704960698795
53112,NJ,2021,2022,132.92433011789925,158.69733145349193,-25.77300133559268,25.77300133559268,-19.389227925943224
53118,NJ,2021,2022,180.69216417910448,187.79143400845024,-7.099269829345758,7.099269829345758,-3.928930654850571
53124,NJ,2021,2022,91.75167535368578,100.85785242798467,-9.106177074298884,9.106177074298884,-9.924807409996877
53142,NJ,2021,2022,98.2198029094322,106.8782596974613,-8.658456788029099,8.658456788029099,-8.81538806997302
53154,NJ,2021,2022,81.40770478507704,87.48876809981435,-6.081063314737307,6.081063314737307,-7.469886702728947
53166,NJ,2021,2022,43.700399334442594,46.49117805183883,-2.790778717396236,2.790778717396236,-6.386162963954144
53178,NJ,2021,2022,81.97216494845361,85.06090079986618,-3.088735851412565,3.088735851412565,-3.7680301030902976
53190,NJ,2021,2022,68.33975195822454,73.61443341812293,-5.274681459898389,5.274681459898389,-7.718321048520564
53202,NJ,2021,2022,178.169921875,232.99959676818833,-54.829674893188326,54.829674893188326,-30.77381093069996
53214,NJ,2021,2022,87.0752808988764,95.2896913235533,-8.214410424676899,8.214410424676899,-9.433688114330154
53232,NJ,2021,2022,86.22028708133972,88.28589565410512,-2.0656085727653988,2.0656085727653988,-2.395733814730535
53238,NJ,2021,2022,96.91386738471896,118.0113300445515,-21.097462659832544,21.097462659832544,-21.769291876550493
53256,NJ,2021,2022,113.2563137254902,126.48412575410735,-13.227812028617151,13.227812028617151,-11.679536083682382
53274,NJ,2021,2022,79.75098199672668,85.33958324819771,-5.588601251471033,5.588601251471033,-7.007564184852812
53280,NJ,2021,2022,68.80118577075099,70.66098206510406,-1.8597962943530746,1.8597962943530746,-2.7031456994796708
53292,NJ,2021,2022,70.66441717791412,78.3479046250123,-7.683487447098187,7.683487447098187,-10.873205715053475
53304,NJ,2021,2022,83.52404761904762,92.08382590838231,-8.559778289334687,8.559778289334687,-10.248280026341341
53316,NJ,2021,2022,107.21209439528025,113.88773277853706,-6.6756383832568105,6.6756383832568105,-6.226572124078092
53322,NJ,2021,2022,88.735,97.79554961919895,-9.060549619198952,9.060549619198952,-10.21079576176137
53334,NJ,2021,2022,168.27486338797814,267.0565200435177,-98.78165665553956,98.78165665553956,-58.70256238318046
53406,NJ,2021,2022,47.27346524606799,50.48876475019304,-3.215299504125049,3.215299504125049,-6.801488927009607
53412,NJ,2021,2022,89.21839389860924,97.25277543300565,-8.034381534396417,8.034381534396417,-9.0052972075769
53424,NJ,2021,2022,106.58446215139442,118.25574684939895,-11.671284698004527,11.671284698004527,-10.950268418511538
60006,NY,2021,2022,264.14298349056605,310.9737385664354,-46.83075507586932,46.83075507586932,-17.729320104216168
60012,NY,2021,2022,80.70661282180717,94.08982312741074,-13.38321030560357,13.38321030560357,-16.582544896478897
60018,NY,2021,2022,305.01235059760955,413.9197838417267,-108.90743324411716,108.90743324411716,-35.70590929538927
60024,NY,2021,2022,412.298755186722,649.2399827101265,-236.94122752340445,236.94122752340445,-57.468334440180016
60030,NY,2021,2022,386.4944532488114,609.3213729659319,-222.82691971712052,222.82691971712052,-57.65332926360847
60036,NY,2021,2022,330.1596,393.7193885470384,-63.55978854703841,63.55978854703841,-19.25123138840682
60042,NY,2021,2022,894.9903614457832,1588.9929122825024,-694.0025508367193,694.0025508367193,-77.54301953773171
60054,NY,2021,2022,103.29012903225806,116.91853213049961,-13.628403098241549,13.628403098241549,-13.194293807092954
60060,NY,2021,2022,281.31965248651886,420.7528836507638,-139.43323116424494,139.43323116424494,-49.563985285715766
60066,NY,2021,2022,356.0007319623562,544.9793706806892,-188.97863871833295,188.97863871833295,-53.08377813625273
60072,NY,2021,2022,346.32444821731747,506.5371540913295,-160.21270587401204,160.21270587401204,-46.26087089684153
60078,NY,2021,2022,581.055785123967,1101.4136737877247,-520.3578886637578,520.3578886637578,-89.55386074552902
60084,NY,2021,2022,426.81586695747,717.0940833870826,-290.2782164296126,290.2782164296126,-68.01017462139882
60096,NY,2021,2022,229.5003717472119,320.7702100383167,-91.2698382911048,91.2698382911048,-39.76892830118634
60102,NY,2021,2022,410.6870651204282,693.1047017757944,-282.4176366553662,282.4176366553662,-68.76711263661328
60108,NY,2021,2022,399.12718023255815,588.610737134084,-189.4835569015259,189.4835569015259,-47.47448088880344
60114,NY,2021,2022,328.01895979343414,546.4615537925818,-218.44259399914762,218.44259399914762,-66.5945023838589
60126,NY,2021,2022,571.4375946547884,980.5232254070435,-409.08563075225504,409.08563075225504,-71.58885494738723
60132,NY,2021,2022,789.0632212744606,1104.8234557758187,-315.7602345013581,315.7602345013581,-40.01710205062604
60138,NY,2021,2022,419.6650835532102,610.1108696811765,-190.4457861279663,190.4457861279663,-45.38042205358247
60144,NY,2021,2022,425.6443454420836,677.6708170575588,-252.0264716154752,252.0264716154752,-59.2105766972459
60150,NY,2021,2022,192.60387505871304,267.32972388042396,-74.72584882171091,74.72584882171091,-38.79768711763022
60156,NY,2021,2022,90.46883720930232,103.78441364454463,-13.315576435242306,13.315576435242306,-14.718412268786354
60162,NY,2021,2022,85.23674471299094,98.12086367202582,-12.884118959034879,12.884118959034879,-15.115686318639066
60168,NY,2021,2022,454.2012581168832,716.1750094007338,-261.97375128385056,261.97375128385056,-57.67790084289788
60174,NY,2021,2022,65.82916786639792,90.41326773230698,-24.584099865909053,24.584099865909053,-37.34529945115385
60180,NY,2021,2022,56.23197172034564,65.30552493266796,-9.073553212322324,9.073553212322324,-16.13593287720225
60186,NY,2021,2022,53.98319882611886,62.287533253231345,-8.304334427112487,8.304334427112487,-15.383183300902456
60192,NY,2021,2022,49.34698795180723,59.235544240646924,-9.888556288839695,9.888556288839695,-20.038824453676806
60198,NY,2021,2022,57.263665212217376,67.8812084156115,-10.61754320339412,10.61754320339412,-18.541501253972886
60204,NY,2021,2022,55.55692883895131,65.99225980644518,-10.435330967493869,10.435330967493869,-18.783131439363498
60210,NY,2021,2022,62.27703703703704,67.49481830700739,-5.217781269970352,5.217781269970352,-8.378338980493345
60216,NY,2021,2022,225.68810572687224,451.2684396738174,-225.58033394694516,225.58033394694516,-99.95224747020673
60222,NY,2021,2022,60.76771159874608,70.61489023860408,-9.847178639857994,9.847178639857994,-16.204623114458677
60228,NY,2021,2022,201.85963302752293,244.07435156587897,-42.21471853835604,42.21471853835604,-20.91290760079812
60234,NY,2021,2022,51.94221146085553,58.418303814871564,-6.476092354016032,6.476092354016032,-12.467879537428853
60240,NY,2021,2022,54.20418535127055,65.56447941323958,-11.360294061969029,11.360294061969029,-20.958333730778488
60264,NY,2021,2022,119.4158762886598,141.7309137321034,-22.3150374434436,22.3150374434436,-18.686826355904508
60390,NY,2021,2022,570.8974042829332,939.6420009247959,-368.7445966418627,368.7445966418627,-64.5903438823686
60414,NY,2021,2022,555.3134730538923,824.5961278081511,-269.28265475425883,269.28265475425883,-48.49200817573633
60450,NY,2021,2022,496.5614830813535,855.4405029239196,-358.87901984256604,358.87901984256604,-72.27282664285292
60768,NY,2021,2022,435.3812264150943,721.6243121309544,-286.2430857158601,286.2430857158601,-65.74539009703525
60972,NY,2021,2022,332.12432432432433,363.35542031987234,-31.231095995548003,31.231095995548003,-9.40343531269043
61680,NY,2021,2022,272.32524038461537,337.13066458037645,-64.80542419576108,64.80542419576108,-23.797068572943843
61692,NY,2021,2022,821.3107476635514,1075.0892055281508,-253.77845786459943,253.77845786459943,-30.899200891567947
61806,NY,2021,2022,81.67483407079646,96.55207840463503,-14.877244333838561,14.877244333838561,-18.215212192464126
61812,NY,2021,2022,59.035300794551645,65.44472487793904,-6.409424083387393,6.409424083387393,-10.856934744336758
61818,NY,2021,2022,53.81913385826772,58.12584568607479,-4.306711827807071,4.306711827807071,-8.002194608238705
61824,NY,2021,2022,83.89377128953771,92.63383002490579,-8.74005873536808,8.74005873536808,-10.418006725676955
61830,NY,2021,2022,67.77755491881567,74.14312779082638,-6.365572872010716,6.365572872010716,-9.391859708771488
61836,NY,2021,2022,82.30079612322604,90.2307826343753,-7.9299865111492664,7.9299865111492664,-9.635370354468966
61842,NY,2021,2022,118.93125925925926,127.13788714278448,-8.206627883525215,8.206627883525215,-6.900311940391984
61848,NY,2021,2022,88.64932767162067,97.72574962542079,-9.076421953800121,9.076421953800121,-10.2385682917094
61854,NY,2021,2022,106.57577092511012,114.24085354041219,-7.665082615302069,7.665082615302069,-7.1921437196905265
61860,NY,2021,2022,73.7664418212479,82.68364477105258,-8.91720294980469,8.91720294980469,-12.088427650357609
61872,NY,2021,2022,96.2098582261787,101.60655604399061,-5.396697817811912,5.396697817811912,-5.609298171009539
61884,NY,2021,2022,82.95702147746047,85.32858560605163,-2.37156412859116,2.37156412859116,-2.858786497337681
62706,NY,2021,2022,41.20275415147833,52.41474553586393,-11.211991384385598,11.211991384385598,-27.211752260942777
62712,NY,2021,2022,34.47885254988913,50.36645529058992,-15.887602740700785,15.887602740700785,-46.07926762560395
62718,NY,2021,2022,33.4773422818792,50.25790980476567,-16.780567522886464,16.780567522886464,-50.12514847084961
62724,NY,2021,2022,35.97790549169859,43.61154770367487,-7.63364221197628,7.63364221197628,-21.217583702135297
62730,NY,2021,2022,35.26408602150538,44.03724387032392,-8.773157848818542,8.773157848818542,-24.87844954628439
62736,NY,2021,2022,33.88908906368942,49.10116695444234,-15.212077890752923,15.212077890752923,-44.88783355068684
62742,NY,2021,2022,33.852939421068335,49.363852163422564,-15.510912742354229,15.510912742354229,-45.81851091105263
62748,NY,2021,2022,35.09868613138686,49.24344549551783,-14.14475936413097,14.14475936413097,-40.29996824149515
62754,NY,2021,2022,35.635280373831776,45.74637529525271,-10.111094921420936,10.111094921420936,-28.37383294126083
62760,NY,2021,2022,35.90718401844026,47.84921047490238,-11.942026456462116,11.942026456462116,-33.25804231913382
62766,NY,2021,2022,60.21664621676892,68.73320713225603,-8.516560915487105,8.516560915487105,-14.143200345015963
62772,NY,2021,2022,48.59921875,60.31874511022787,-11.719526360227874,11.719526360227874,-24.114639415325733
62778,NY,2021,2022,76.38260351504319,95.51190134389577,-19.129297828852586,19.129297828852586,-25.04405054101771
62784,NY,2021,2022,106.0646511627907,114.93252139290227,-8.867870230111578,8.867870230111578,-8.36081591076083
62790,NY,2021,2022,70.84360672440143,81.20450875687466,-10.360902032473234,10.360902032473234,-14.625034652427596
62796,NY,2021,2022,48.06665609137056,60.14645153149355,-12.079795440122986,12.079795440122986,-25.131341396331663
62802,NY,2021,2022,41.50151717983043,57.56323316046317,-16.06171598063274,16.06171598063274,-38.70151520253016
62808,NY,2021,2022,36.94689635535308,51.8850896282317,-14.938193272878614,14.938193272878614,-40.43152401545165
62814,NY,2021,2022,54.51955430006277,64.4307414914164,-9.911187191353626,9.911187191353626,-18.179141995190918
62820,NY,2021,2022,61.62496697490092,70.66197612004134,-9.037009145140424,9.037009145140424,-14.6645257413624
62826,NY,2021,2022,153.43114919354838,214.62549626884913,-61.194347075300755,61.194347075300755,-39.88391366221607
62832,NY,2021,2022,36.956947368421055,48.06816518085516,-11.111217812434106,11.111217812434106,-30.065301935430984
62838,NY,2021,2022,46.66425470332851,58.66717602631196,-12.002921322983447,12.002921322983447,-25.72187512538862
62844,NY,2021,2022,34.3318,40.99631772430924,-6.664517724309242,6.664517724309242,-19.412083620169177
62850,NY,2021,2022,56.10531962449709,68.0542646903701,-11.948945065873012,11.948945065873012,-21.297347819859457
63006,NY,2021,2022,179.84571428571428,204.77024511900024,-24.924530833285957,24.924530833285957,-13.858840580259404
63012,NY,2021,2022,236.70736842105265,279.12685908114634,-42.419490660093686,42.419490660093686,-17.920646468697303
63024,NY,2021,2022,546.0884318766067,785.6930315476035,-239.60459967099678,239.60459967099678,-43.87651993425443
63030,NY,2021,2022,154.726582278481,194.39586545279082,-39.66928317430981,39.66928317430981,-25.63831152355707
63036,NY,2021,2022,498.2910394265233,748.6781096490755,-250.3870702225522,250.3870702225522,-50.24916171695952
63042,NY,2021,2022,362.086231884058,647.2817566062043,-285.19552472214633,285.19552472214633,-78.76453165263338
63054,NY,2021,2022,104.79406614785992,122.81290834951464,-18.01884220165472,18.01884220165472,-17.19452528565015
63060,NY,2021,2022,317.0618,420.2895455881678,-103.2277455881678,103.2277455881678,-32.557610405343
63066,NY,2021,2022,96.68925619834712,112.76618493778379,-16.076928739436667,16.076928739436667,-16.627420017025116
63072,NY,2021,2022,103.53924528301889,118.85764864309843,-15.318403360079543,15.318403360079543,-14.794779813400726
63084,NY,2021,2022,561.0383763837639,959.5288849862632,-398.4905086024993,398.4905086024993,-71.0273174485879
63096,NY,2021,2022,213.77773722627737,193.63394110257337,20.143796123703993,20.143796123703993,9.422775441945287
63108,NY,2021,2022,224.3057142857143,281.3019413853,-56.996227099585695,56.996227099585695,-25.41006468831441
63120,NY,2021,2022,179.5456386292835,209.68009386198707,-30.134455232703573,30.134455232703573,-16.783730010241925
63132,NY,2021,2022,194.2395833333333,288.75505392533717,-94.51547059200388,94.51547059200388,-48.65922227078015
63138,NY,2021,2022,85.11647509578545,94.18521284911546,-9.068737753330012,9.068737753330012,-10.654503423837216
63144,NY,2021,2022,191.9308056872038,269.45777215845885,-77.52696647125507,77.52696647125507,-40.39318555125717
63156,NY,2021,2022,233.21515151515152,226.45069026279546,6.764461252356057,6.764461252356057,2.9005239189686964
63162,NY,2021,2022,202.89777777777772,250.52730132953258,-47.62952355175486,47.62952355175486,-23.474640320566124
63168,NY,2021,2022,294.36765676567654,424.6037390790211,-130.23608231334458,130.23608231334458,-44.24266026515797
63180,NY,2021,2022,152.50631868131867,179.92573334403193,-27.41941466271325,27.41941466271325,-17.979199091422306
63192,NY,2021,2022,123.88403041825094,143.88010512426357,-19.99607470601262,19.99607470601262,-16.14096234882163
63198,NY,2021,2022,355.98713136729225,523.1181661059014,-167.13103473860917,167.13103473860917,-46.948616961709924
63210,NY,2021,2022,79.27428571428571,99.34771541182218,-20.07342969753647,20.07342969753647,-25.321489202543663
63216,NY,2021,2022,341.3284615384615,494.91708840085016,-153.58862686238865,153.58862686238865,-44.99731026534452
63222,NY,2021,2022,78.90731707317073,85.21772103142958,-6.310403958258846,6.310403958258846,-7.997235481225664
63228,NY,2021,2022,568.4071428571428,846.2669691082948,-277.85982625115196,277.85982625115196,-48.88394344491659
63246,NY,2021,2022,110.25388679245285,126.2602221328469,-16.00633534039406,16.00633534039406,-14.517706183479179
63258,NY,2021,2022,220.50010131712256,309.73306674153594,-89.23296542441338,89.23296542441338,-40.468446450316506
63276,NY,2021,2022,250.3442857142857,450.7050499692997,-200.360764255014,200.360764255014,-80.03408733031073
63282,NY,2021,2022,103.53910761154856,115.84575621054009,-12.30664859899153,12.30664859899153,-11.885990600926204
63288,NY,2021,2022,99.84464285714286,110.14327220996172,-10.298629352818864,10.298629352818864,-10.314653904420375
63294,NY,2021,2022,229.35901442307693,329.1421485582051,-99.7831341351282,99.7831341351282,-43.50521577977645
63300,NY,2021,2022,49.35596043727225,57.29528559882285,-7.939325161550599,7.939325161550599,-16.085848783432937
63312,NY,2021,2022,93.09936936936936,105.80070726914596,-12.701337899776604,12.701337899776604,-13.642775440706126
63318,NY,2021,2022,62.90850340136054,66.90240015589808,-3.9938967545375377,3.9938967545375377,-6.348739102973415
63360,NY,2021,2022,237.20318181818183,309.3421583200386,-72.13897650185677,72.13897650185677,-30.41231401236088
63372,NY,2021,2022,103.5537627934979,119.9675769344335,-16.4138141409356,16.4138141409356,-15.850524112452838
63396,NY,2021,2022,67.23705972434915,74.19365581010797,-6.956596085758818,6.956596085758818,-10.346371650215938
63402,NY,2021,2022,133.72102713178293,151.02861966432152,-17.307592532538592,17.307592532538592,-12.943059819217398
63420,NY,2021,2022,226.80486223662885,276.3626388763785,-49.557776639749676,49.557776639749676,-21.85040309587601
63438,NY,2021,2022,121.70056065239552,146.19779230603746,-24.497231653641933,24.497231653641933,-20.129103368399097
63456,NY,2021,2022,344.41167315175096,509.3683963918106,-164.95672324005966,164.95672324005966,-47.89521845485714
63462,NY,2021,2022,990.167549668874,1832.5854762671293,-842.4179265982552,842.4179265982552,-85.07832102556499
63468,NY,2021,2022,112.25909090909092,124.97238846655003,-12.713297557459114,12.713297557459114,-11.324960370251468
63474,NY,2021,2022,127.52334801762116,137.9404380051452,-10.41708998752405,10.41708998752405,-8.168770777634084
63480,NY,2021,2022,793.0115613825983,1233.8254106851684,-440.81384930257013,440.81384930257013,-55.58731685248331
63498,NY,2021,2022,660.420725933719,874.5390920444357,-214.1183661107167,214.1183661107167,-32.42150915357644
63528,NY,2021,2022,106.13969465648854,119.16359335567401,-13.023898699185466,13.023898699185466,-12.270525877557994
63534,NY,2021,2022,153.59254658385092,186.94621746590894,-33.353670882058026,33.353670882058026,-21.715683230663295
63540,NY,2021,2022,242.2118181818182,274.61902991592507,-32.40721173410688,32.40721173410688,-13.379698801393808
63546,NY,2021,2022,171.05679806918744,205.32681148053916,-34.27001341135173,34.27001341135173,-20.034289077181555
63564,NY,2021,2022,147.80555555555554,173.01089868385884,-25.205343128303298,25.205343128303298,-17.05304177069947
63570,NY,2021,2022,151.34777448071216,178.28306111831262,-26.935286637600456,26.935286637600456,-17.796949264710264
63582,NY,2021,2022,492.5270833333333,647.3827868888122,-154.85570355547895,154.85570355547895,-31.441053455871675
63588,NY,2021,2022,138.79410582719356,163.8498041097397,-25.055698282546132,25.055698282546132,-18.05242242328495
63606,NY,2021,2022,217.51532385466035,193.8387502866974,23.676573567962947,23.676573567962947,10.88501405251944
63618,NY,2021,2022,98.12758274824472,109.70116106700782,-11.573578318763097,11.573578318763097,-11.794419055910273
63624,NY,2021,2022,181.3565916398714,213.68381729016556,-32.32722565029417,32.32722565029417,-17.825227833178467
63630,NY,2021,2022,185.1209257473481,241.56425705075867,-56.44333130341056,56.44333130341056,-30.489978955941517
63636,NY,2021,2022,98.52077185017026,118.90173247028552,-20.38096062011526,20.38096062011526,-20.686968075230357
63642,NY,2021,2022,123.82398081534772,138.06895106160476,-14.24497024625704,14.24497024625704,-11.50420956623889
64206,NY,2021,2022,60.46300559026636,68.32147703541854,-7.858471445152176,7.858471445152176,-12.997156473506955
64218,NY,2021,2022,64.70637119113573,72.64772676819034,-7.941355577054608,7.941355577054608,-12.272911354581591
64224,NY,2021,2022,76.60410724472334,86.32707994942757,-9.722972704704233,9.722972704704233,-12.69249529094143
64230,NY,2021,2022,59.244866310160425,67.16216921862753,-7.9173029084671,7.9173029084671,-13.363694445723295
64236,NY,2021,2022,242.63963963963965,311.66793115701114,-69.02829151737149,69.02829151737149,-28.448893025018506
64242,NY,2021,2022,147.59418386491558,176.8661407142537,-29.271956849338125,29.271956849338125,-19.83273058789976
64248,NY,2021,2022,381.25584872471416,537.2913648854505,-156.0355161607364,156.0355161607364,-40.92672064774064
64254,NY,2021,2022,174.42224409448818,203.19404494048638,-28.7718008459982,28.7718008459982,-16.49548828784241
64260,NY,2021,2022,93.71257817929116,107.29234164051803,-13.579763461226875,13.579763461226875,-14.490865287310775
64806,NY,2021,2022,84.82283236994219,105.82790713177944,-21.00507476183725,21.00507476183725,-24.763467777433714
64818,NY,2021,2022,320.05626043405675,444.90234298597943,-124.84608255192268,124.84608255192268,-39.00754273095855
64824,NY,2021,2022,316.48615384615385,372.2846476570709,-55.79849381091702,55.79849381091702,-17.630627164195328
64830,NY,2021,2022,98.7748140276302,107.25170710428189,-8.476893076651692,8.476893076651692,-8.582039014804378
65406,NY,2021,2022,151.4964539007092,179.82045683338873,-28.32400293267952,28.32400293267952,-18.696149119927966
65478,NY,2021,2022,153.984496124031,196.6065426071035,-42.622046483072495,42.622046483072495,-27.6794401747702
65496,NY,2021,2022,116.17787234042554,138.7126417919326,-22.534769451507074,22.534769451507074,-19.39678270701625
65502,NY,2021,2022,106.17363636363636,111.13265425543392,-4.959017891797558,4.959017891797558,-4.670667843393167
65508,NY,2021,2022,103.23433835845896,109.72538617429039,-6.491047815831436,6.491047815831436,-6.287682876692322
65514,NY,2021,2022,88.46724137931035,90.71230394989033,-2.245062570579975,2.245062570579975,-2.5377332169249973
65520,NY,2021,2022,111.68406113537118,122.77625139925996,-11.092190263888781,11.092190263888781,-9.93175763052173
65526,NY,2021,2022,93.17973568281938,97.30496265704315,-4.125226974223764,4.125226974223764,-4.427171792229477
65538,NY,2021,2022,74.04016064257029,81.60220151487327,-7.562040872302987,7.562040872302987,-10.213431206354109
65544,NY,2021,2022,126.47155688622756,137.0614310358563,-10.589874149628727,10.589874149628727,-8.373324730362308
65550,NY,2021,2022,90.16285714285716,104.48179090049474,-14.31893375763758,14.31893375763758,-15.881189007742028
65556,NY,2021,2022,81.9375,86.68164011138704,-4.74414011138704,4.74414011138704,-5.78994979269204
65562,NY,2021,2022,52.90743670886076,54.94217587711354,-2.0347391682527842,2.0347391682527842,-3.8458471905368516
65568,NY,2021,2022,66.4191111111111,68.66078924365551,-2.2416781325444077,2.2416781325444077,-3.3750498840527277
65580,NY,2021,2022,109.09976958525344,125.05060267472264,-15.9508330894692,15.9508330894692,-14.620409511502036
65640,NY,2021,2022,65.54590225563909,71.4456323892279,-5.899730133588804,5.899730133588804,-9.000913757474798
65646,NY,2021,2022,74.58488372093024,79.45548886879496,-4.8706051478647225,4.8706051478647225,-6.530284562873051
65700,NY,2021,2022,91.87700258397932,89.54366950749612,2.3333330764832,2.3333330764832,2.539626904295706
65712,NY,2021,2022,126.33664302600472,139.669455069231,-13.33281204322627,13.33281204322627,-10.553400600079177
65724,NY,2021,2022,100.58071428571428,115.3268118103393,-14.746097524625014,14.746097524625014,-14.66095923989619
65736,NY,2021,2022,141.5391171060699,158.34827838272344,-16.809161276653526,16.809161276653526,-11.87598285218685
65748,NY,2021,2022,95.13780487804878,99.07206120894251,-3.9342563308937315,3.9342563308937315,-4.135323845170497
65760,NY,2021,2022,134.5836627140975,194.06967233288486,-59.486009618787364,59.486009618787364,-44.20002281046276
65772,NY,2021,2022,133.43082706766918,194.52593645997229,-61.0951093923031,61.0951093923031,-45.78785182926194
65778,NY,2021,2022,82.37209302325581,86.63203233898147,-4.25993931572566,4.25993931572566,-5.171580761609356
65784,NY,2021,2022,318.61066666666665,381.7277326177207,-63.11706595105403,63.11706595105403,-19.81009192548085
65790,NY,2021,2022,120.94184049079756,139.21313093434318,-18.271290443545624,18.271290443545624,-15.107501563890855
65808,NY,2021,2022,163.93225806451613,208.80259858368453,-44.870340519168394,44.870340519168394,-27.37126972380842
65814,NY,2021,2022,92.95970149253732,96.97336606495267,-4.013664572415351,4.013664572415351,-4.317639265157884
65820,NY,2021,2022,98.4682745825603,108.8874264189297,-10.419151836369409,10.419151836369409,-10.581227182602367
65838,NY,2021,2022,97.34867256637168,106.92502022542841,-9.576347659056736,9.576347659056736,-9.837163062010575
65844,NY,2021,2022,104.03559322033898,118.84665674934757,-14.811063529008592,14.811063529008592,-14.236534892092129
65850,NY,2021,2022,73.90666666666667,72.20116378355019,1.7055028831164805,1.7055028831164805,2.3076441680269895
65856,NY,2021,2022,99.92409638554216,112.14576819639493,-12.221671810852769,12.221671810852769,-12.230955548196581
65862,NY,2021,2022,71.94477491961415,68.98281820944118,2.96195671017297,2.96195671017297,4.1169865545933595
65880,NY,2021,2022,104.22534435261709,115.84283955675393,-11.617495204136844,11.617495204136844,-11.146516498743647
65898,NY,2021,2022,128.66258064516128,145.8088139839654,-17.14623333880411,17.14623333880411,-13.326511292425986
65904,NY,2021,2022,95.57,103.51255879542823,-7.942558795428241,7.942558795428241,-8.310723862538707
65910,NY,2021,2022,95.02,106.59402857013032,-11.574028570130324,11.574028570130324,-12.18062362674208
65916,NY,2021,2022,103.20927835051546,118.69463501611537,-15.485356665599909,15.485356665599909,-15.003841624596118
65922,NY,2021,2022,200.92146341463413,248.6266481530013,-47.705184738367166,47.705184738367166,-23.743199918825873
65934,NY,2021,2022,113.0476861167002,129.3832360289121,-16.335549912211903,16.335549912211903,-14.450140885987317
65940,NY,2021,2022,124.71376884422112,142.16038272205563,-17.44661387783451,17.44661387783451,-13.989324546535773
65952,NY,2021,2022,92.0478787878788,98.44376125219917,-6.395882464320366,6.395882464320366,-6.9484300437378455
65958,NY,2021,2022,57.45970149253731,58.62441010260401,-1.1647086100666968,1.1647086100666968,-2.027000801975913
65964,NY,2021,2022,152.16321243523316,174.78757848355568,-22.624366048322514,22.624366048322514,-14.868486072448267
65976,NY,2021,2022,83.75615384615385,75.20742187907109,8.548731967082759,8.548731967082759,10.206691179713625
65988,NY,2021,2022,98.2699421965318,105.5635505209483,-7.293608324416496,7.293608324416496,-7.422013447234842
66006,NY,2021,2022,107.96731167933656,121.49521192560911,-13.527900246272551,13.527900246272551,-12.52962589867059
66018,NY,2021,2022,66.04425963488843,70.6069265792101,-4.562666944321663,4.562666944321663,-6.908498890812602
66024,NY,2021,2022,81.24177777777778,90.33755653567974,-9.095778757901954,9.095778757901954,-11.195937615720098
66030,NY,2021,2022,179.09246575342465,225.45623806623843,-46.36377231281378,46.36377231281378,-25.888175763154457
66060,NY,2021,2022,92.78452107279692,102.618480603546,-9.833959530749084,9.833959530749084,-10.5987070009593
66120,NY,2021,2022,220.69485530546623,288.83595335077723,-68.141098045311,68.141098045311,-30.875707524308226
66126,NY,2021,2022,221.96979936642023,281.52112337886786,-59.55132401244762,59.55132401244762,-26.828570455272754
66138,NY,2021,2022,231.17961165048544,298.8111228974141,-67.63151124692868,67.63151124692868,-29.254963603442263
66144,NY,2021,2022,335.7307692307692,583.4099060740526,-247.6791368432834,247.6791368432834,-73.77314191689047
66180,NY,2021,2022,470.90984162895927,620.430863231449,-149.52102160248978,149.52102160248978,-31.751517675925072
66240,NY,2021,2022,131.57989252127183,153.44968111110268,-21.869788589830847,21.869788589830847,-16.620919937516497
66252,NY,2021,2022,809.5375,965.5880725408754,-156.05057254087535,156.05057254087535,-19.276509431728037
66300,NY,2021,2022,272.1957755775577,356.9201180591656,-84.72434248160789,84.72434248160789,-31.126251794994182
66576,NY,2021,2022,53.093556085918856,60.220248224112474,-7.126692138193619,7.126692138193619,-13.42289472315778
66606,NY,2021,2022,135.12062228654125,146.28201646268775,-11.161394176146501,11.161394176146501,-8.260318807944268
66612,NY,2021,2022,77.69717804002052,90.5336230784826,-12.836445038462088,12.836445038462088,-16.5211213100304
66618,NY,2021,2022,72.05630585898709,77.84671681516033,-5.790410956173247,5.790410956173247,-8.035953116310152
66624,NY,2021,2022,78.21929945054946,86.97935427547604,-8.760054824926584,8.760054824926584,-11.199352188604967
66630,NY,2021,2022,80.97522216414009,86.72191933465011,-5.746697170510018,5.746697170510018,-7.0968587883108585
66636,NY,2021,2022,76.45499541704858,80.96995705656597,-4.514961639517395,4.514961639517395,-5.905384749405937
66654,NY,2021,2022,217.63882352941167,253.41873262382862,-35.77990909441695,35.77990909441695,-16.440039747587434
67206,NY,2021,2022,278.00287434984944,381.02827439595364,-103.02540004610421,103.02540004610421,-37.05911325091305
67218,NY,2021,2022,52.26577979054628,63.40740228308984,-11.141622492543554,11.141622492543554,-21.317241486099146
67224,NY,2021,2022,70.00948604992658,86.84660276839833,-16.837116718471748,16.837116718471748,-24.049764779682175
67230,NY,2021,2022,107.58668110449378,109.5541196467505,-1.9674385422567156,1.9674385422567156,-1.8287008410881613
67236,NY,2021,2022,60.61196146641692,63.855345191666956,-3.243383725250034,3.243383725250034,-5.3510621447997275
67242,NY,2021,2022,44.02139303482587,55.582937888232266,-11.561544853406396,11.561544853406396,-26.263468864467587
67248,NY,2021,2022,39.61501706484642,50.29098340236657,-10.675966337520151,10.675966337520151,-26.949291275186127
67254,NY,2021,2022,92.8616238317757,98.06058043587761,-5.198956604101909,5.198956604101909,-5.598606172901009
67260,NY,2021,2022,91.3714135021097,98.59098307903032,-7.21956957692062,7.21956957692062,-7.90134386697862
67266,NY,2021,2022,121.0506679092886,124.70891005673583,-3.6582421474472255,3.6582421474472255,-3.0220751447555765
67272,NY,2021,2022,39.97805676855895,53.31872426321319,-13.340667494654241,13.340667494654241,-33.36997486367599
67278,NY,2021,2022,57.08991892844554,60.79282785125094,-3.702908922805399,3.702908922805399,-6.486099459076991
67284,NY,2021,2022,51.85709531732826,51.54447382114827,0.312621496179986,0.312621496179986,0.6028519227059798
67290,NY,2021,2022,205.4932808716707,239.4044243648699,-33.911143493199205,33.911143493199205,-16.502312557059472
67296,NY,2021,2022,82.42273351648352,84.08703313362383,-1.6642996171403155,1.6642996171403155,-2.01922400063021
67302,NY,2021,2022,194.6638099673964,239.36322069777714,-44.69941073038075,44.69941073038075,-22.962363028786555
67308,NY,2021,2022,80.87241379310345,73.31307755204055,7.559336241062894,7.559336241062894,9.347237069493195
67314,NY,2021,2022,55.8072335400059,49.28678629870495,6.52044724130095,6.52044724130095,11.6838747017028
67320,NY,2021,2022,37.59145217057242,39.87204524038994,-2.2805930698175203,2.2805930698175203,-6.0667862988353205
67326,NY,2021,2022,62.74830836152731,65.67202149628551,-2.923713134758202,2.923713134758202,-4.659429411089606
67332,NY,2021,2022,124.44672742336373,121.59505594257143,2.851671480792291,2.851671480792291,2.291479687602388
67338,NY,2021,2022,94.44793165467624,95.77165960914,-1.323727954463763,1.323727954463763,-1.4015425550065221
67344,NY,2021,2022,51.391348477525376,60.09124762342705,-8.699899145901675,8.699899145901675,-16.928723226062733
67350,NY,2021,2022,71.37051630434783,73.6992612484564,-2.328744944108564,2.328744944108564,-3.2628949105230154
67356,NY,2021,2022,58.72328554823712,67.14106791392169,-8.417782365684566,8.417782365684566,-14.33465836779507
67368,NY,2021,2022,69.8061669829222,74.9841216429917,-5.177954660069489,5.177954660069489,-7.4176177891793635
67374,NY,2021,2022,73.36953166577968,70.16975265797271,3.199779007806967,3.199779007806967,4.361182271658656
67380,NY,2021,2022,92.973206401766,115.25817645742875,-22.28497005566274,22.28497005566274,-23.969239007808856
67386,NY,2021,2022,217.15727810650887,259.19863809439994,-42.04135998789107,42.04135998789107,-19.35986689208321
67392,NY,2021,2022,59.20427074939565,62.786133454746604,-3.5818627053509573,3.5818627053509573,-6.0500073052373855
67398,NY,2021,2022,57.55009554140128,64.14514986930328,-6.595054327902005,6.595054327902005,-11.459675724009099
67404,NY,2021,2022,81.22227805695142,85.92954208902567,-4.707264032074249,4.707264032074249,-5.795533127959808
67410,NY,2021,2022,70.08761083743842,77.09925676510906,-7.011645927670642,7.011645927670642,-10.004116054024857
67416,NY,2021,2022,55.27598944591029,68.0787492790733,-12.802759833163016,12.802759833163016,-23.16152087280322
67422,NY,2021,2022,54.02989949748744,53.663036440157185,0.3668630573302565,0.3668630573302565,0.6790000735561552
67428,NY,2021,2022,144.78206724782066,158.22302927142476,-13.4409620236041,13.4409620236041,-9.283582061718644
67434,NY,2021,2022,46.04237695078031,51.68152351301505,-5.6391465622347425,5.6391465622347425,-12.247731189601783
68124,NY,2021,2022,48.19775600505689,55.00250833118414,-6.80475232612725,6.80475232612725,-14.118400710218332
68130,NY,2021,2022,34.730457541682824,39.3952819815869,-4.6648244399040735,4.6648244399040735,-13.431508739282924
68136,NY,2021,2022,46.64369003690037,55.35144292942453,-8.707752892524162,8.707752892524162,-18.668662118360185
68142,NY,2021,2022,94.69400570884872,113.0556885042965,-18.361682795447777,18.361682795447777,-19.390543950483618
68148,NY,2021,2022,64.6389534883721,72.60892044220905,-7.969966953836959,7.969966953836959,-12.32997522967428
68160,NY,2021,2022,104.38960155490768,125.04785078849318,-20.658249233585494,20.658249233585494,-19.789566130990067
68166,NY,2021,2022,79.55700416088766,85.93821239409881,-6.381208233211154,6.381208233211154,-8.020925750681203
68172,NY,2021,2022,95.52372143634383,105.81019048921638,-10.286469052872548,10.286469052872548,-10.768496974573337
68178,NY,2021,2022,149.66532951289398,168.0691111336463,-18.403781620752312,18.403781620752312,-12.296623192993264
68184,NY,2021,2022,78.29742489270386,85.61024978417912,-7.312824891475259,7.312824891475259,-9.339802556082152
68190,NY,2021,2022,62.596,69.23996456921,-6.643964569210006,6.643964569210006,-10.614040145073178
68196,NY,2021,2022,77.71139971139971,88.4564592388415,-10.745059527441796,10.745059527441796,-13.826876838335437
68202,NY,2021,2022,71.71414456578263,78.59420407791347,-6.880059512130842,6.880059512130842,-9.593727365484831
68208,NY,2021,2022,35.536155238286746,40.453777376123746,-4.917622137837,4.917622137837,-13.838362942929574
68214,NY,2021,2022,45.54983905579399,52.84187434733557,-7.2920352915415805,7.2920352915415805,-16.008915602554747
68220,NY,2021,2022,54.29906407487401,63.97633719493575,-9.677273120061741,9.677273120061741,-17.82217296916493
68232,NY,2021,2022,59.30894690525081,64.63881412952364,-5.3298672242728315,5.3298672242728315,-8.986615852052774
68238,NY,2021,2022,43.33881604319321,45.32969517671966,-1.9908791335264482,1.9908791335264482,-4.593755241357442
68244,NY,2021,2022,74.76463993100474,82.63087627039918,-7.866236339394447,7.866236339394447,-10.521332473016212
68250,NY,2021,2022,119.04432814710044,132.20696814329273,-13.162639996192283,13.162639996192283,-11.05692324957095
68262,NY,2021,2022,53.91291602380428,56.6914890459698,-2.7785730221655243,2.7785730221655243,-5.153816983185801
68268,NY,2021,2022,62.582323788546255,67.85262796082625,-5.2703041722799995,5.2703041722799995,-8.421394178470191
68274,NY,2021,2022,80.50247797356828,90.55326955485644,-10.050791581288166,10.050791581288166,-12.485071061524573
68310,NY,2021,2022,59.89247073072265,55.083366570121925,4.809104160600725,4.809104160600725,8.029563819837259
68466,NY,2021,2022,63.67741626794258,70.52006758910912,-6.842651321166535,6.842651321166535,-10.745805533902233
68472,NY,2021,2022,54.96134020618557,61.24944081014023,-6.2881006039546605,6.2881006039546605,-11.440952095354787
68478,NY,2021,2022,60.750376293508936,69.71947451248914,-8.969098218980207,8.969098218980207,-14.763856236292217
68484,NY,2021,2022,83.09501116902457,95.06283206597524,-11.96782089695067,11.96782089695067,-14.402574509084282
68490,NY,2021,2022,82.52401280683031,88.04624802398511,-5.522235217154801,5.522235217154801,-6.69167073840808
68496,NY,2021,2022,43.27251370399374,49.19950083856322,-5.92698713456948,5.92698713456948,-13.69688660823617
68502,NY,2021,2022,53.40791180285344,58.40160740438461,-4.993695601531172,4.993695601531172,-9.350104568709936
68508,NY,2021,2022,52.20657748049052,57.92980473376903,-5.723227253278509,5.723227253278509,-10.96265553017197
68514,NY,2021,2022,42.32879156528792,41.47478515257445,0.8540064127134741,0.8540064127134741,2.017554437849365
68520,NY,2021,2022,50.34623344370861,50.807577796561056,-0.4613443528524428,0.4613443528524428,-0.9163433315587851
68526,NY,2021,2022,48.19507959479016,54.59589284774549,-6.400813252955331,6.400813252955331,-13.281051316382205
68532,NY,2021,2022,61.25679398872887,67.72178143758809,-6.464987448859219,6.464987448859219,-10.553910885458295
68538,NY,2021,2022,58.93440643863179,65.8149977489111,-6.880591310279307,6.880591310279307,-11.674998911618879
68556,NY,2021,2022,74.18563772775991,81.39937207978964,-7.213734352029732,7.213734352029732,-9.723896124613871
68562,NY,2021,2022,70.67390557939915,86.49426274773951,-15.820357168340365,15.820357168340365,-22.385004817042216
68568,NY,2021,2022,57.58716148445336,63.89017627067336,-6.303014786219997,6.303014786219997,-10.945173583389074
68574,NY,2021,2022,54.141761579347,59.02336372052961,-4.881602141182611,4.881602141182611,-9.016334154603413
68592,NY,2021,2022,57.5906885479843,65.36375175754245,-7.773063209558146,7.773063209558146,-13.49708330554455
68598,NY,2021,2022,45.69578700994734,50.106263786529865,-4.410476776582527,4.410476776582527,-9.651823647598908
68604,NY,2021,2022,53.14781538461538,63.26754048269896,-10.119725098083585,10.119725098083585,-19.04071696051862
68610,NY,2021,2022,51.10850751741841,58.16247831226607,-7.0539707948476575,7.0539707948476575,-13.80195027695453
68616,NY,2021,2022,50.3461918892186,54.77039736881817,-4.424205479599571,4.424205479599571,-8.787567268909953
69006,NY,2021,2022,107.0117235345582,123.01375363015168,-16.002030095593483,16.002030095593483,-14.953529919014727
69042,NY,2021,2022,151.4811855670103,172.1830012902694,-20.701815723259102,20.701815723259102,-13.666262015160491
69054,NY,2021,2022,291.7487804878049,434.46614700623934,-142.71736651843446,142.71736651843446,-48.91789651350404
69060,NY,2021,2022,88.66752226296491,97.4903469935451,-8.822824730580194,8.822824730580194,-9.950458189655938
69084,NY,2021,2022,107.68924302788844,113.39779911882289,-5.708556090934451,5.708556090934451,-5.300952936827774
69096,NY,2021,2022,181.31993769470404,218.0569011436076,-36.736963448903566,36.736963448903566,-20.260851573178414
69108,NY,2021,2022,131.23127147766323,156.1975082242606,-24.96623674659736,24.96623674659736,-19.024609352235718
69120,NY,2021,2022,63.52110091743119,68.6914833761589,-5.170382458727708,5.170382458727708,-8.13962979868454
69180,NY,2021,2022,357.3915426251692,555.6295170261401,-198.23797440097087,198.23797440097087,-55.4680093840055
69252,NY,2021,2022,100.86882232811436,121.74227026247685,-20.87344793436249,20.87344793436249,-20.693656823377623
69270,NY,2021,2022,408.84016393442624,534.7055581409998,-125.86539420657351,125.86539420657351,-30.785966083988026
69288,NY,2021,2022,198.1428571428572,256.31718884496183,-58.17433170210464,58.17433170210464,-29.35979249565482
69300,NY,2021,2022,50.68796419098143,54.65731957946926,-3.969355388487827,3.969355388487827,-7.830962343510469
69312,NY,2021,2022,101.08856502242152,108.60257373980991,-7.514008717388393,7.514008717388393,-7.433094648956367
69318,NY,2021,2022,54.73527106466362,55.27846402151057,-0.5431929568469513,0.5431929568469513,-0.9924002316627416
69324,NY,2021,2022,99.76009852216748,108.6619878567699,-8.901889334602416,8.901889334602416,-8.923296454668542
69342,NY,2021,2022,220.297542997543,308.15192122486667,-87.85437822732368,87.85437822732368,-39.879872027580234
69348,NY,2021,2022,97.93391304347826,104.40417734493612,-6.47026430145786,6.47026430145786,-6.606765828488189
69354,NY,2021,2022,392.6846361185984,528.8673715203582,-136.18273540175983,136.18273540175983,-34.67992451852127
69360,NY,2021,2022,370.2627976190476,700.2032182571958,-329.94042063814817,329.94042063814817,-89.10979519406486
69366,NY,2021,2022,131.49309449636553,155.61925612294877,-24.12616162658324,24.12616162658324,-18.347854477825894
69378,NY,2021,2022,106.3971551724138,118.59793269651757,-12.20077752410377,12.20077752410377,-11.467202769033372
69390,NY,2021,2022,142.2846638655462,153.1467145750218,-10.862050709475596,10.862050709475596,-7.634027740150433
69396,NY,2021,2022,161.01555676855895,169.19462698294564,-8.179070214386684,8.179070214386684,-5.079677006702614
69408,NY,2021,2022,776.2605714285714,1098.3205082459997,-322.05993681742825,322.05993681742825,-41.48863779397341
69420,NY,2021,2022,191.96438068579425,246.07402482131909,-54.10964413552483,54.10964413552483,-28.1873355578872
69432,NY,2021,2022,118.22747387830364,127.13254914350449,-8.90507526520085,8.90507526520085,-7.532153883594947
69450,NY,2021,2022,49.54467005076142,53.48967032446056,-3.9450002736991436,3.9450002736991436,-7.962511950644256
69456,NY,2021,2022,370.66532507739936,447.4344162725423,-76.76909119514295,76.76909119514295,-20.711160715967335
69462,NY,2021,2022,225.24838187702267,275.2582526518828,-50.00987077486013,50.00987077486013,-22.202099903280853
69474,NY,2021,2022,204.4453125,238.40267908230533,-33.957366582305326,33.957366582305326,-16.60951095775567
69480,NY,2021,2022,79.47801539777588,84.55762307558311,-5.079607677807232,5.079607677807232,-6.391211019027761
69486,NY,2021,2022,109.11024734982333,123.60104584152012,-14.490798491696793,14.490798491696793,-13.280877684418757
69540,NY,2021,2022,88.02659778032913,102.35715116663337,-14.330553386304246,14.330553386304246,-16.279799228485718
69576,NY,2021,2022,152.8359430604982,169.28253881930993,-16.446595758811725,16.446595758811725,-10.7609476079207
69588,NY,2021,2022,261.602508361204,322.06365429349137,-60.461145932287366,60.461145932287366,-23.111837233917683
70146,NY,2021,2022,52.67601713062098,59.45953732849625,-6.783520197875276,6.783520197875276,-12.877815308348293
70152,NY,2021,2022,53.37196367763904,58.23352856030036,-4.86156488266132,4.86156488266132,-9.108836452083068
70158,NY,2021,2022,64.74615384615385,72.97466391469744,-8.2285100685436,8.2285100685436,-12.70887856612413
70164,NY,2021,2022,110.41052631578948,124.75394869189033,-14.343422376100847,14.343422376100847,-12.990991760220997
70182,NY,2021,2022,125.93949579831931,141.3276317981791,-15.388135999859799,15.388135999859799,-12.218673659375693
70206,NY,2021,2022,72.75985732814527,79.29950609189932,-6.539648763754045,6.539648763754045,-8.987990086704514
70212,NY,2021,2022,147.18143405889884,165.25248193408993,-18.071047875191084,18.071047875191084,-12.278075689872297
70218,NY,2021,2022,80.78939237899073,84.11950077986018,-3.330108400869449,3.330108400869449,-4.121962429482813
70224,NY,2021,2022,75.41408775981525,79.62326934226563,-4.209181582450384,4.209181582450384,-5.581426106825185
70230,NY,2021,2022,158.2115207373272,157.7300558409272,0.48146489639998435,0.48146489639998435,0.3043172166958328
70236,NY,2021,2022,71.14168834923389,75.28205523807586,-4.140366888841967,4.140366888841967,-5.819888429575841
70254,NY,2021,2022,135.00328767123287,155.37293859047583,-20.369650919242957,20.369650919242957,-15.08826286427054
70260,NY,2021,2022,131.42362728785358,139.76453178288844,-8.340904495034863,8.340904495034863,-6.346579125202509
70278,NY,2021,2022,84.55034602076124,92.7093482640757,-8.159002243314461,8.159002243314461,-9.649874456233482
70284,NY,2021,2022,95.12977883096366,101.59114671755027,-6.461367886586615,6.461367886586615,-6.792161157094495
70290,NY,2021,2022,131.70495867768594,145.6318035839322,-13.92684490624626,13.92684490624626,-10.574275293862424
70296,NY,2021,2022,100.35149384885764,110.83863998657098,-10.487146137713339,10.487146137713339,-10.450413576810664
70302,NY,2021,2022,47.1292463768116,48.391526315005294,-1.2622799381936929,1.2622799381936929,-2.678336776492052
70308,NY,2021,2022,191.96647727272727,257.7995029179449,-65.83302564521762,65.83302564521762,-34.29402184199508
70314,NY,2021,2022,131.05,161.74170985734565,-30.691709857345643,30.691709857345643,-23.419847277638794
70320,NY,2021,2022,87.54586614173229,95.40234291758274,-7.856476775850453,7.856476775850453,-8.974126503164888
70326,NY,2021,2022,201.21407624633432,255.5452448157261,-54.33116856939179,54.33116856939179,-27.001673830650596
70332,NY,2021,2022,52.586251189343486,53.784691962542034,-1.1984407731985485,1.1984407731985485,-2.279000206505328
70344,NY,2021,2022,511.8906832298137,655.599633858349,-143.70895062853526,143.70895062853526,-28.074148511903473
70350,NY,2021,2022,132.45233022636484,148.74196103227024,-16.289630805905404,16.289630805905404,-12.29848563484384
70356,NY,2021,2022,58.76268146883006,62.57721903219206,-3.814537563362002,3.814537563362002,-6.491428689116878
70362,NY,2021,2022,75.94881486226778,82.17465844820553,-6.225843585937753,6.225843585937753,-8.197420324765096
70374,NY,2021,2022,77.858177278402,81.81290712462396,-3.9547298462219658,3.9547298462219658,-5.0794020415875
70380,NY,2021,2022,122.41764705882352,139.31565016342725,-16.89800310460373,16.89800310460373,-13.803567958207843
70386,NY,2021,2022,117.6889650872818,131.9552144441637,-14.266249356881886,14.266249356881886,-12.121994059767278
70392,NY,2021,2022,217.4154255319149,245.9393509412167,-28.523925409301796,28.523925409301796,-13.119549976510156
70398,NY,2021,2022,360.8636363636364,567.5076733470086,-206.6440369833722,206.6440369833722,-57.26374623547284
70410,NY,2021,2022,96.05634517766498,103.13339335879336,-7.077048181128376,7.077048181128376,-7.3676009305150325
70428,NY,2021,2022,84.55602755453502,89.79976014453766,-5.243732590002637,5.243732590002637,-6.20148881358062
70440,NY,2021,2022,150.58987603305786,177.2303438089644,-26.64046777590653,26.64046777590653,-17.69074288238231
70446,NY,2021,2022,94.14143344709898,101.96084710891036,-7.819413661811382,7.819413661811382,-8.306027830142778
70452,NY,2021,2022,94.80329985652796,102.47667714476405,-7.673377288236097,7.673377288236097,-8.093998099062713
70458,NY,2021,2022,200.1184710561202,256.90108299702,-56.78261194089981,56.78261194089981,-28.37449818661466
70476,NY,2021,2022,125.21360697216755,137.319667911077,-12.106060938909451,12.106060938909451,-9.668326974719594
70482,NY,2021,2022,243.05388692579504,312.72833268606394,-69.6744457602689,69.6744457602689,-28.666254484356664
70494,NY,2021,2022,75.25445026178011,85.60074105306234,-10.346290791282229,10.346290791282229,-13.748410566141436
70506,NY,2021,2022,111.418625,118.34613288410301,-6.927507884103008,6.927507884103008,-6.217549250947055
70512,NY,2021,2022,85.80837988826816,91.86176470326271,-6.053384814994544,6.053384814994544,-7.054538056628862
70518,NY,2021,2022,228.4854294478528,317.9155930942361,-89.4301636463833,89.4301636463833,-39.140423029379185
70524,NY,2021,2022,113.26417759838549,128.4186634925054,-15.154485894119915,15.154485894119915,-13.379769504754638
70530,NY,2021,2022,110.8163779527559,114.65027252889885,-3.833894576142953,3.833894576142953,-3.45968226625982
70536,NY,2021,2022,88.88481288076588,93.04675207292058,-4.161939192154705,4.161939192154705,-4.682396302884407
70542,NY,2021,2022,78.25181518151815,80.13381907067634,-1.8820038891581845,1.8820038891581845,-2.405061000556424
70548,NY,2021,2022,129.62079752492266,134.3321182484842,-4.711320723561528,4.711320723561528,-3.634695059375533
70572,NY,2021,2022,128.73069727891158,140.3377796823183,-11.607082403406736,11.607082403406736,-9.016561433096646
70578,NY,2021,2022,76.7631679389313,81.3775571852103,-4.6143892462790035,4.6143892462790035,-6.0112022082647325
70584,NY,2021,2022,127.48730886850151,148.31298970828593,-20.82568083978441,20.82568083978441,-16.33549333233266
70590,NY,2021,2022,1335.7096774193549,1961.7833505488024,-626.0736731294476,626.0736731294476,-46.871987506974364
70596,NY,2021,2022,146.20105580693817,161.26391559709919,-15.062859790161014,15.062859790161014,-10.302839269541161
70602,NY,2021,2022,118.90175913396482,135.25476162789795,-16.353002493933133,16.353002493933133,-13.753373047667402
70608,NY,2021,2022,190.61678445229683,251.0736217487271,-60.45683729643028,60.45683729643028,-31.71642910153068
70614,NY,2021,2022,115.86836935166994,134.60968603513106,-18.741316683461122,18.741316683461122,-16.17466163399581
70626,NY,2021,2022,330.9080459770115,472.3968089049596,-141.48876292794807,141.48876292794807,-42.75772821123166
70632,NY,2021,2022,79.95454545454545,85.04641519768772,-5.091869743142269,5.091869743142269,-6.368455619620803
70656,NY,2021,2022,83.30497322111707,88.3654721702004,-5.060498949083339,5.060498949083339,-6.0746660774395975
70662,NY,2021,2022,194.8617234468938,285.4897868447242,-90.62806339783043,90.62806339783043,-46.50890990529987
70668,NY,2021,2022,89.6203363914373,92.10563904455769,-2.4853026531203852,2.4853026531203852,-2.7731458653148295
70674,NY,2021,2022,88.49553483807655,88.80887861450228,-0.3133437764257252,0.3133437764257252,-0.3540786289376764
70680,NY,2021,2022,251.4965811965812,345.2092897576074,-93.7127085610262,93.7127085610262,-37.26202086531589
70692,NY,2021,2022,127.2780905752754,160.6903905674473,-33.41229999217191,33.41229999217191,-26.25141518163415
70698,NY,2021,2022,118.71952714535902,127.84866166521681,-9.129134519857786,9.129134519857786,-7.68966549932444
70704,NY,2021,2022,72.4540971168437,76.64866074165366,-4.194563624809959,4.194563624809959,-5.789270437040381
70716,NY,2021,2022,126.58899082568809,139.61959782251057,-13.030606996822485,13.030606996822485,-10.293633681593619
70722,NY,2021,2022,138.66589147286822,164.23892859816917,-25.573037125300942,25.573037125300942,-18.442197178896468
70728,NY,2021,2022,125.52519596864502,154.15511981488584,-28.629923846240814,28.629923846240814,-22.808109260703556
70734,NY,2021,2022,86.18567774936061,90.77564436689572,-4.5899666175351115,4.5899666175351115,-5.325672127198841
70740,NY,2021,2022,151.63276353276353,177.93563794684712,-26.30287441408359,26.30287441408359,-17.34643213067886
70746,NY,2021,2022,275.4399196787149,325.34688811850947,-49.90696843979458,49.90696843979458,-18.11900341025667
70752,NY,2021,2022,130.31013513513514,140.26923242021311,-9.959097285077974,9.959097285077974,-7.642611432142342
70758,NY,2021,2022,125.52142857142856,140.99069190039017,-15.469263328961617,15.469263328961617,-12.324001969240463
70770,NY,2021,2022,128.5012148823083,134.2151724871567,-5.713957604848417,5.713957604848417,-4.446617574846836
70776,NY,2021,2022,107.10368421052632,118.10509804455349,-11.001413834027161,11.001413834027161,-10.271741738036239
70782,NY,2021,2022,499.170893970894,526.9239394842984,-27.75304551340446,27.75304551340446,-5.559828477303547
70788,NY,2021,2022,54.64711538461538,56.18336980478203,-1.5362544201666495,1.5362544201666495,-2.8112269226915974
70806,NY,2021,2022,79.84376590330788,80.89173010972516,-1.0479642064172765,1.0479642064172765,-1.3125185098187608
70818,NY,2021,2022,166.92079790712884,214.78645320700153,-47.865655299872685,47.865655299872685,-28.675668880102112
70824,NY,2021,2022,164.318359375,209.95779392451402,-45.63943454951402,45.63943454951402,-27.775006227610728
71406,NY,2021,2022,66.71194331983806,77.6770564859467,-10.965113166108637,10.965113166108637,-16.43650689882984
71598,NY,2021,2022,91.0243455497382,104.1607444766898,-13.1363989269516,13.1363989269516,-14.431742241720938
71604,NY,2021,2022,108.45382882882885,121.27388760245012,-12.82005877362127,12.82005877362127,-11.820752583899079
71610,NY,2021,2022,186.23705583756345,230.7062239819241,-44.46916814436065,44.46916814436065,-23.877722907704683
71622,NY,2021,2022,315.5727182539683,354.8231162585637,-39.25039800459541,39.25039800459541,-12.437829930852029
71634,NY,2021,2022,247.4,184.93812348586886,62.46187651413115,62.46187651413115,25.247322762381224
71640,NY,2021,2022,136.7410344827586,150.74542331133276,-14.00438882857415,14.00438882857415,-10.241540793915767
71646,NY,2021,2022,134.43239436619717,143.12041303314578,-8.688018666948608,8.688018666948608,-6.46274189187037
71652,NY,2021,2022,156.5730627306273,163.7027404427574,-7.129677712130103,7.129677712130103,-4.553578749619404
71664,NY,2021,2022,108.76065573770492,141.2849736085408,-32.52431787083589,32.52431787083589,-29.904488576525218
71676,NY,2021,2022,93.37894736842104,108.46259751725373,-15.083650148832689,15.083650148832689,-16.15315932971599
71688,NY,2021,2022,127.31492537313432,154.1320689326251,-26.817143559490773,26.817143559490773,-21.06362901356235
71694,NY,2021,2022,103.16164736164735,114.67574372573755,-11.514096364090193,11.514096364090193,-11.16121800936926
71700,NY,2021,2022,59.37210401891253,60.46528120813253,-1.0931771892200004,1.0931771892200004,-1.841230334151165
71706,NY,2021,2022,58.56426470588235,60.00852207982475,-1.4442573739423992,1.4442573739423992,-2.46610690187208
71712,NY,2021,2022,168.23176470588234,211.67428213148133,-43.44251742559899,43.44251742559899,-25.823017134456773
71718,NY,2021,2022,73.23884992987378,80.16775940428619,-6.928909474412407,6.928909474412407,-9.460702183399713
71724,NY,2021,2022,199.97509293680292,223.87729341921877,-23.90220048241585,23.90220048241585,-11.952588760626073
71730,NY,2021,2022,84.3558282208589,99.15508571427105,-14.799257493412156,14.799257493412156,-17.543847064917685
71742,NY,2021,2022,256.92826086956524,346.15706886038515,-89.22880799081992,89.22880799081992,-34.729074835453275
71748,NY,2021,2022,149.1734693877551,172.94749290473573,-23.774023516980634,23.774023516980634,-15.937166048731804
71766,NY,2021,2022,80.78455284552845,93.48281409826537,-12.698261252736913,12.698261252736913,-15.718674926650635
71778,NY,2021,2022,298.22062350119904,437.4586241936827,-139.23800069248364,139.23800069248364,-46.68959478985323
71802,NY,2021,2022,67.67760342368045,70.4675823391145,-2.789978915434048,2.789978915434048,-4.122455250030074
71808,NY,2021,2022,255.28285714285715,407.6384400788065,-152.35558293594937,152.35558293594937,-59.68108655674074
71826,NY,2021,2022,161.60093457943924,210.11324425829548,-48.51230967885624,48.51230967885624,-30.019819999870563
71856,NY,2021,2022,698.5096774193548,1057.8167236029565,-359.30704618360164,359.30704618360164,-51.439093515649226
71862,NY,2021,2022,190.1109589041096,268.70357533792514,-78.59261643381555,78.59261643381555,-41.34039241444099
71868,NY,2021,2022,232.3907407407408,313.2880833541535,-80.89734261341272,80.89734261341272,-34.81091473591162
71880,NY,2021,2022,95.23217665615142,102.84463131957223,-7.612454663420806,7.612454663420806,-7.993574158140475
72048,NY,2021,2022,98.2,105.42631893923715,-7.226318939237146,7.226318939237146,-7.358776923866747
72054,NY,2021,2022,104.10967741935484,118.27352793205199,-14.163850512697152,14.163850512697152,-13.604739601338903
72060,NY,2021,2022,63.75919117647059,64.69794059496854,-0.9387494184979559,0.9387494184979559,-1.4723358329620528
72090,NY,2021,2022,98.68685714285716,118.30717300388918,-19.62031586103201,19.62031586103201,-19.881386872651163
72102,NY,2021,2022,175.01176470588234,183.17118781749082,-8.159423111608476,8.159423111608476,-4.66221406619199
72108,NY,2021,2022,94.88787128712872,103.83063673777302,-8.942765450644302,8.942765450644302,-9.424561147107706
72114,NY,2021,2022,110.26737089201876,123.58561750385533,-13.318246611836571,13.318246611836571,-12.078139257422484
72120,NY,2021,2022,88.96853994490358,93.96462821237729,-4.996088267473709,4.996088267473709,-5.615567334889036
72132,NY,2021,2022,66.79302325581395,70.80698963110814,-4.0139663752941885,4.0139663752941885,-6.009559351612065
72138,NY,2021,2022,75.04563106796117,81.02051121755393,-5.974880149592764,5.974880149592764,-7.961662877059325
72150,NY,2021,2022,75.0360294117647,79.90768491482487,-4.871655503060168,4.871655503060168,-6.49242176225326
72162,NY,2021,2022,109.6,119.8235845716971,-10.223584571697103,10.223584571697103,-9.328088112862321
72168,NY,2021,2022,66.12982456140351,74.32382524110068,-8.194000679697169,8.194000679697169,-12.390779401038325
72174,NY,2021,2022,133.45,182.46436328906333,-49.01436328906334,49.01436328906334,-36.72863491125016
72192,NY,2021,2022,73.66304347826087,84.7857585238101,-11.122715045549228,11.122715045549228,-15.099450851269424
72198,NY,2021,2022,94.05169082125605,103.57750163741292,-9.525810816156877,9.525810816156877,-10.128271733317959
72210,NY,2021,2022,57.94594594594594,59.24956785768685,-1.3036219117409118,1.3036219117409118,-2.2497206499260143
72222,NY,2021,2022,90.55082872928176,115.58263058862634,-25.031801859344583,25.031801859344583,-27.643923540646686
72246,NY,2021,2022,76.85833333333333,89.4767051173893,-12.618371784055967,12.618371784055967,-16.417701551411863
72252,NY,2021,2022,68.52272727272727,75.08827900902637,-6.565551736299099,6.565551736299099,-9.581568039706813
72258,NY,2021,2022,68.75242424242424,69.33307103559582,-0.5806467931715815,0.5806467931715815,-0.8445473735212505
72276,NY,2021,2022,80.0,90.53213666045559,-10.532136660455592,10.532136660455592,-13.165170825569488
72282,NY,2021,2022,78.12142857142857,94.55935145165857,-16.437922880230005,16.437922880230005,-21.04150318398282
72306,NY,2021,2022,75.13142857142857,76.08149348925733,-0.9500649178287546,0.9500649178287546,-1.264537272741345
72312,NY,2021,2022,81.0575,91.95174961365646,-10.894249613656456,10.894249613656456,-13.440150033811127
72318,NY,2021,2022,89.93348416289592,100.01961604358117,-10.086131880685244,10.086131880685244,-11.215101888431565
72324,NY,2021,2022,123.65361050328228,140.29558826519346,-16.64197776191118,16.64197776191118,-13.458545766821286
72336,NY,2021,2022,87.77094017094016,95.45757163655908,-7.686631465618916,7.686631465618916,-8.757604112077018
72342,NY,2021,2022,65.41772151898734,65.10660862664423,0.3111128923431039,0.3111128923431039,0.47557891824893983
72348,NY,2021,2022,68.30833333333334,74.5100572083854,-6.201723875052068,6.201723875052068,-9.079015066563963
72354,NY,2021,2022,85.10625,101.7171167167818,-16.6108667167818,16.6108667167818,-19.517798888779378
72360,NY,2021,2022,123.86285714285714,149.4592947184662,-25.59643757560906,25.59643757560906,-20.665143826036104
72366,NY,2021,2022,103.4630738522954,115.27408829715509,-11.811014444859694,11.811014444859694,-11.41568098172028
72372,NY,2021,2022,82.8635294117647,82.26376301511074,0.5997663966539619,0.5997663966539619,0.7238002060877811
72378,NY,2021,2022,103.35,125.08519018664234,-21.735190186642342,21.735190186642342,-21.030662976915668
72384,NY,2021,2022,46.96363636363636,47.00813020927612,-0.04449384563975656,0.04449384563975656,-0.09474105730494041
72390,NY,2021,2022,104.5156652360515,107.32294128873964,-2.807276052688138,2.807276052688138,-2.685985920242509
72396,NY,2021,2022,69.59494949494949,74.44415144247888,-4.849201947529394,4.849201947529394,-6.967749790351239
72402,NY,2021,2022,100.75526315789472,94.48965588796142,6.265607269933298,6.265607269933298,6.2186401717937
72408,NY,2021,2022,80.39172932330827,63.06597913621667,17.3257501870916,17.3257501870916,21.551657531104112
72420,NY,2021,2022,85.41692307692308,82.79594627308562,2.620976803837465,2.620976803837465,3.0684514372838243
72426,NY,2021,2022,51.52857142857143,49.31991758180415,2.208653846767284,2.208653846767284,4.286270287599386
72432,NY,2021,2022,64.96875,65.60821195891668,-0.6394619589166837,0.6394619589166837,-0.9842608314253909
72444,NY,2021,2022,83.05945945945946,87.62815260983973,-4.56869315038027,4.56869315038027,-5.500509129378823
72450,NY,2021,2022,107.85477707006368,139.98926554580987,-32.134488475746195,32.134488475746195,-29.79421899400086
72456,NY,2021,2022,73.434375,76.39107955762577,-2.95670455762577,2.95670455762577,-4.02632221984019
72462,NY,2021,2022,125.07118155619597,142.22116286252492,-17.149981306328954,17.149981306328954,-13.712176612502269
72468,NY,2021,2022,56.26233502538071,56.86582666853239,-0.6034916431516848,0.6034916431516848,-1.0726388140119698
72498,NY,2021,2022,73.56852791878173,77.0587666764803,-3.4902387576985774,3.4902387576985774,-4.744200891924513
72504,NY,2021,2022,97.22190082644627,95.4084075782396,1.8134932482066688,1.8134932482066688,1.865313507338218
72510,NY,2021,2022,49.56315789473684,57.15383435099241,-7.590676456255572,7.590676456255572,-15.315159038850576
72516,NY,2021,2022,71.39894736842105,76.43282284693053,-5.033875478509486,5.033875478509486,-7.050349709687614
72522,NY,2021,2022,74.12622950819672,77.5623363938257,-3.4361068856289876,3.4361068856289876,-4.635480461405407
72540,NY,2021,2022,64.41857142857143,64.21563802686848,0.20293340170294982,0.20293340170294982,0.31502313261939746
72552,NY,2021,2022,63.89821428571429,62.30296055060522,1.5952537351090683,1.5952537351090683,2.4965544858203006
72558,NY,2021,2022,65.2041095890411,68.65759596263466,-3.453486373593563,3.453486373593563,-5.296424405393603
72564,NY,2021,2022,74.16347826086957,79.03948053046363,-4.876002269594068,4.876002269594068,-6.574667725861995
72570,NY,2021,2022,62.25547445255474,63.45886165675144,-1.2033872041966944,1.2033872041966944,-1.932982142982145
72636,NY,2021,2022,99.90629921259844,118.50072830063274,-18.594429088034303,18.594429088034303,-18.611868555420877
72648,NY,2021,2022,67.65,84.26567894556923,-16.61567894556923,16.61567894556923,-24.56124012648814
72660,NY,2021,2022,96.49724011039558,104.0179724186105,-7.520732308214917,7.520732308214917,-7.793727882383979
72696,NY,2021,2022,64.00365853658536,65.0789319590551,-1.075273422469735,1.075273422469735,-1.6800186849554766
72702,NY,2021,2022,80.25637583892617,80.46867933310516,-0.21230349417898253,0.21230349417898253,-0.26453162376167316
72708,NY,2021,2022,91.43252032520326,99.07451977398007,-7.641999448776815,7.641999448776815,-8.358075902967652
72720,NY,2021,2022,77.65357142857142,81.26182778794754,-3.6082563593761137,3.6082563593761137,-4.646607094813557
72726,NY,2021,2022,85.08,87.28917624195219,-2.2091762419521928,2.2091762419521928,-2.596587026271971
72732,NY,2021,2022,65.26282722513089,70.92762049405876,-5.664793268927866,5.664793268927866,-8.679969149032686
72738,NY,2021,2022,82.6212927756654,89.19978440334137,-6.578491627675973,6.578491627675973,-7.962223062205036
72750,NY,2021,2022,71.90675675675676,88.17024965333243,-16.26349289657567,16.26349289657567,-22.61747522780251
72780,NY,2021,2022,70.67551020408163,73.78603448690012,-3.1105242828184885,3.1105242828184885,-4.401134528546849
72804,NY,2021,2022,77.31968085106384,80.10075916391895,-2.781078312855115,2.781078312855115,-3.5968569479899117
72816,NY,2021,2022,148.34666666666666,183.5165718635696,-35.16990519690293,35.16990519690293,-23.70791739859536
72822,NY,2021,2022,76.64615384615385,83.04461897075379,-6.398465124599937,6.398465124599937,-8.348057669590442
72828,NY,2021,2022,70.35902777777778,78.38006790538637,-8.021040127608586,8.021040127608586,-11.400157706758355
72834,NY,2021,2022,88.86153846153846,88.62731761789853,0.2342208436399318,0.2342208436399318,0.2635795504950756
72840,NY,2021,2022,87.61444444444444,98.0447610718198,-10.430316627375362,10.430316627375362,-11.904791148894557
72858,NY,2021,2022,71.06401673640167,73.3818180001337,-2.3178012637320364,2.3178012637320364,-3.2615680483267298
72864,NY,2021,2022,76.47316409791478,79.79744743236776,-3.3242833344529856,3.3242833344529856,-4.346993319377549
72882,NY,2021,2022,76.59333333333333,95.96957210317365,-19.376238769840313,19.376238769840313,-25.29755257616892
72888,NY,2021,2022,142.77250996015937,173.75731501539002,-30.98480505523065,30.98480505523065,-21.702220591258747
72894,NY,2021,2022,59.52523364485981,58.45835461546056,1.066879029399253,1.066879029399253,1.7923138878622131
72900,NY,2021,2022,65.73958333333333,72.0613859751517,-6.3218026418183655,6.3218026418183655,-9.616432476858867
72906,NY,2021,2022,97.8622641509434,106.27908313548387,-8.41681898454047,8.41681898454047,-8.600678778040852
72918,NY,2021,2022,88.4,96.62823367770076,-8.228233677700757,8.228233677700757,-9.307956648982756
72924,NY,2021,2022,82.72837837837838,88.85430835187303,-6.1259299734946495,6.1259299734946495,-7.404871331426584
72930,NY,2021,2022,57.80125,57.7477395312161,0.053510468783905196,0.053510468783905196,0.09257666362562261
72936,NY,2021,2022,85.85777777777778,93.97979637264076,-8.122018594862979,8.122018594862979,-9.459851867916814
72942,NY,2021,2022,71.63384615384615,80.214694669077,-8.580848515230855,8.580848515230855,-11.978762799922805
72948,NY,2021,2022,87.80835820895523,107.63047419968926,-19.822115990734034,19.822115990734034,-22.574292920457374
72954,NY,2021,2022,158.91909871244636,189.8187156561038,-30.899616943657435,30.899616943657435,-19.443614514557662
72960,NY,2021,2022,65.32765957446809,75.63451999164297,-10.306860417174889,10.306860417174889,-15.777176902267447
72984,NY,2021,2022,75.92068965517241,88.10891177912012,-12.18822212394771,12.18822212394771,-16.053887523026916
72990,NY,2021,2022,130.24347826086955,162.05854199074497,-31.81506372987542,31.81506372987542,-24.427375677231097
72996,NY,2021,2022,59.04090909090909,59.30626777524503,-0.26535868433594345,0.26535868433594345,-0.44944884559171266
73002,NY,2021,2022,63.76018518518519,64.6017787325742,-0.8415935473890102,0.8415935473890102,-1.3199358580039948
73008,NY,2021,2022,76.38295454545455,78.89435426742793,-2.511399721973376,2.511399721973376,-3.287905969228872
73014,NY,2021,2022,70.31,84.36872041394372,-14.058720413943718,14.058720413943718,-19.995335533983383
73020,NY,2021,2022,92.38300395256915,95.25936990996419,-2.8763659573950378,2.8763659573950378,-3.113522871449177
73038,NY,2021,2022,84.85555555555555,81.39482313252086,3.460732423034699,3.460732423034699,4.078380490678577
73050,NY,2021,2022,69.12368421052632,75.85451048780118,-6.730826277274858,6.730826277274858,-9.737366221359293
73056,NY,2021,2022,74.4,110.28444697613482,-35.88444697613481,35.88444697613481,-48.23178357007367
73080,NY,2021,2022,68.12333894028596,69.94393001482112,-1.8205910745351588,1.8205910745351588,-2.6724924274939195
73092,NY,2021,2022,59.65741007194245,63.39797664652521,-3.7405665745827577,3.7405665745827577,-6.270078721271857
73098,NY,2021,2022,60.10261437908497,61.130930794544604,-1.028316415459635,1.028316415459635,-1.7109345842657344
73104,NY,2021,2022,101.22434782608696,109.82800699646648,-8.60365917037953,8.60365917037953,-8.499594569047195
73110,NY,2021,2022,75.72828282828283,85.22570099965151,-9.497418171368679,9.497418171368679,-12.541441343526152
73116,NY,2021,2022,125.4997084548105,138.2219533150416,-12.722244860231086,12.722244860231086,-10.137270450163689
73122,NY,2021,2022,68.22941176470589,73.60045989380276,-5.371048129096877,5.371048129096877,-7.872042261802475
73128,NY,2021,2022,84.03715277777778,87.60740541000517,-3.570252632227394,3.570252632227394,-4.248421697089538
73134,NY,2021,2022,68.80760749724367,72.90329554821153,-4.0956880509678655,4.0956880509678655,-5.95237677916927
73140,NY,2021,2022,66.46388888888889,70.15489099049041,-3.6910021016015264,3.6910021016015264,-5.553394728033391
73152,NY,2021,2022,70.60945945945946,77.90363390647204,-7.29417444701258,7.29417444701258,-10.33030772767853
73158,NY,2021,2022,84.36796116504854,113.46695292581478,-29.09899176076624,29.09899176076624,-34.49057125351181
73176,NY,2021,2022,101.4445945945946,110.22797257402343,-8.78337797942882,8.78337797942882,-8.658300636450901
73182,NY,2021,2022,65.094,70.45302738808172,-5.359027388081728,5.359027388081728,-8.232751694598162
73188,NY,2021,2022,91.00122249388752,97.58125822997592,-6.580035736088391,6.580035736088391,-7.23071136382851
73212,NY,2021,2022,38.363703703703706,34.31561195299977,4.048091750703939,4.048091750703939,10.551879406557738
73218,NY,2021,2022,98.33316618911176,104.77976198511938,-6.446595796007614,6.446595796007614,-6.555871275017923
73224,NY,2021,2022,84.12450495049505,100.80370866360973,-16.679203713114674,16.679203713114674,-19.826807566867615
73230,NY,2021,2022,71.30552188552188,75.47278218892023,-4.167260303398351,4.167260303398351,-5.84423224626098
73236,NY,2021,2022,41.72743902439024,40.18150500753513,1.5459340168551137,1.5459340168551137,3.7048379986883324
73242,NY,2021,2022,56.11610169491525,49.629842964544785,6.486258730370466,6.486258730370466,11.558640986207696
73248,NY,2021,2022,74.04866204162538,75.25522579471524,-1.206563753089867,1.206563753089867,-1.6294200594895485
73254,NY,2021,2022,56.13869731800767,56.838218300901694,-0.6995209828940219,0.6995209828940219,-1.2460584522142728
73260,NY,2021,2022,52.92390350877193,53.02644075177428,-0.10253724300235234,0.10253724300235234,-0.19374467150813468
73266,NY,2021,2022,165.62831423895253,202.34050230587303,-36.712188066920504,36.712188066920504,-22.165405858056193
73812,NY,2021,2022,81.5,87.12059599065286,-5.620595990652859,5.620595990652859,-6.896436798347066
73818,NY,2021,2022,76.86006578947368,82.5898407114282,-5.729774921954515,5.729774921954515,-7.45481397016867
73824,NY,2021,2022,54.49232981783317,55.33984405680805,-0.847514238974874,0.847514238974874,-1.5552908855394842
73830,NY,2021,2022,67.18689956331878,54.66678507656172,12.520114486757052,12.520114486757052,18.634755537361496
73836,NY,2021,2022,69.40892733564014,73.51960568685897,-4.110678351218823,4.110678351218823,-5.922405818693685
73842,NY,2021,2022,31.89144736842105,26.42705363264531,5.46439373577574,5.46439373577574,17.13435477747112
73848,NY,2021,2022,52.31596899224806,53.12497964478981,-0.8090106525417511,0.8090106525417511,-1.546393325261024
73854,NY,2021,2022,115.75063532401524,140.28522971874153,-24.534594394726298,24.534594394726298,-21.19607752134386
74406,NY,2021,2022,73.27617071724956,73.34855448372056,-0.07238376647100608,0.07238376647100608,-0.09878213580553086
74424,NY,2021,2022,116.95730994152046,146.06874118586558,-29.111431244345113,29.111431244345113,-24.890647073621178
74430,NY,2021,2022,63.51875,65.44791246810408,-1.9291624681040815,1.9291624681040815,-3.0371543333331994
74436,NY,2021,2022,62.60344827586207,74.35242719123887,-11.748978915376803,11.748978915376803,-18.76730314216069
74442,NY,2021,2022,65.93636363636364,67.85025726104593,-1.913893624682288,1.913893624682288,-2.902637511582127
74454,NY,2021,2022,156.95283018867926,188.85494864806415,-31.902118459384894,31.902118459384894,-20.325927491102956
74460,NY,2021,2022,117.87058823529412,162.4246451985416,-44.55405696324749,44.55405696324749,-37.79913007162428
74466,NY,2021,2022,76.95769230769231,74.19342210542375,2.7642702022685626,2.7642702022685626,3.5919348922476195
74472,NY,2021,2022,97.1375,102.1741633075098,-5.036663307509798,5.036663307509798,-5.1850864058780575
74478,NY,2021,2022,62.21756756756757,60.57792028997174,1.6396472775958273,1.6396472775958273,2.6353445525095287
74484,NY,2021,2022,70.44907597535935,75.96517477938147,-5.516098804022121,5.516098804022121,-7.829909374469953
74508,NY,2021,2022,77.66923076923077,78.6871758226699,-1.017945053439135,1.017945053439135,-1.3106155981686398
74514,NY,2021,2022,92.37878787878788,102.38178765931161,-10.002999780523737,10.002999780523737,-10.828243160809688
74526,NY,2021,2022,99.42380952380952,149.6128844234317,-50.18907489962217,50.18907489962217,-50.47993548024645
74532,NY,2021,2022,71.76923076923077,99.72949194552388,-27.960261176293102,27.960261176293102,-38.958563268146875
74538,NY,2021,2022,62.725,63.66430969640792,-0.9393096964079177,0.9393096964079177,-1.4975044980596537
74544,NY,2021,2022,95.00833333333334,143.53445126675535,-48.526117933422015,48.526117933422015,-51.075643820810825
74562,NY,2021,2022,52.55,97.48481069738301,-44.934810697383014,44.934810697383014,-85.50867877713229
74568,NY,2021,2022,57.93345454545455,57.69035392365472,0.24310062179983305,0.24310062179983305,0.41962044850803165
74580,NY,2021,2022,73.07058823529412,79.97750942882142,-6.906921193527296,6.906921193527296,-9.452395772819514
74586,NY,2021,2022,73.89878048780488,85.02191896668009,-11.123138478875205,11.123138478875205,-15.051856614482018
74598,NY,2021,2022,112.88695652173914,180.43259920506495,-67.54564268332581,67.54564268332581,-59.83476281453141
74604,NY,2021,2022,54.12903225806452,51.3552919473672,2.7737403106973204,2.7737403106973204,5.124311658618411
74610,NY,2021,2022,64.45294117647059,75.57882140567969,-11.125880229209102,11.125880229209102,-17.26202098170619
74634,NY,2021,2022,82.17058823529412,89.10614537358323,-6.935557138289113,6.935557138289113,-8.440437493801626
74640,NY,2021,2022,103.85050505050503,134.46927452727783,-30.618769476772798,30.618769476772798,-29.48350560440909
74652,NY,2021,2022,90.46818181818182,112.21292219180125,-21.744740373619436,21.744740373619436,-24.035787982697464
74658,NY,2021,2022,109.90940594059406,121.46858829829425,-11.559182357700195,11.559182357700195,-10.517009221165223
74664,NY,2021,2022,130.21875,170.08935896840342,-39.87060896840342,39.87060896840342,-30.618178233475145
74676,NY,2021,2022,81.50550847457627,100.20403798621055,-18.698529511634277,18.698529511634277,-22.94143041567165
74688,NY,2021,2022,106.65833333333332,126.94160921653547,-20.28327588320215,20.28327588320215,-19.017056848068275
74694,NY,2021,2022,67.59454545454545,66.53552529067336,1.0590201638720913,1.0590201638720913,1.5667242922496443
74706,NY,2021,2022,72.90602409638554,70.0252129114872,2.8808111848983344,2.8808111848983344,3.9514034959439748
74724,NY,2021,2022,70.26153846153846,84.99030829538846,-14.728769833849995,14.728769833849995,-20.96277729801291
74730,NY,2021,2022,74.8126582278481,83.72613212861613,-8.913473900768025,8.913473900768025,-11.914392713625157
74736,NY,2021,2022,56.24864864864865,56.70528811321795,-0.4566394645692995,0.4566394645692995,-0.8118229958227984
74742,NY,2021,2022,108.40555555555557,178.11581961304927,-69.7102640574937,69.7102640574937,-64.30506600906506
74748,NY,2021,2022,62.16132075471698,68.47142112087309,-6.310100366156107,6.310100366156107,-10.151168426834428
74760,NY,2021,2022,70.28461538461538,85.06705442448087,-14.782439039865494,14.782439039865494,-21.03225429771823
74766,NY,2021,2022,110.64883720930231,124.20309098307078,-13.554253773768465,13.554253773768465,-12.24979323382257
74778,NY,2021,2022,76.20779220779221,89.86732519058631,-13.659532982794104,13.659532982794104,-17.924063389147
74784,NY,2021,2022,98.46136363636364,132.05636412476792,-33.59500048840428,33.59500048840428,-34.11998295339169
74790,NY,2021,2022,77.85833333333333,95.74101212996356,-17.88267879663023,17.88267879663023,-22.96822707476857
74796,NY,2021,2022,75.89177215189873,80.29233602591427,-4.400563874015532,4.400563874015532,-5.798472942768717
74808,NY,2021,2022,70.6859649122807,72.81939294296313,-2.1334280306824382,2.1334280306824382,-3.0181777009480775
74814,NY,2021,2022,70.253125,89.05140565617508,-18.79828065617508,18.79828065617508,-26.757928072487996
74820,NY,2021,2022,65.752,65.07008716814897,0.6819128318510224,0.6819128318510224,1.0370982355685339
74832,NY,2021,2022,74.6297619047619,82.13695456964892,-7.507192664887015,7.507192664887015,-10.059247776332517
74838,NY,2021,2022,69.17884615384615,81.98324668596916,-12.804400532123012,12.804400532123012,-18.509127058360345
74844,NY,2021,2022,75.92,98.11508805111716,-22.195088051117153,22.195088051117153,-29.234836737509422
74862,NY,2021,2022,81.99855072463768,87.01880235330303,-5.020251628665349,5.020251628665349,-6.12236629098975
74880,NY,2021,2022,78.45925925925926,106.70134308825857,-28.242083828999313,28.242083828999313,-35.995858354559175
74886,NY,2021,2022,91.27941176470588,111.59274887165145,-20.313337106945568,20.313337106945568,-22.254018419080047
74892,NY,2021,2022,51.14545454545455,48.83480648584843,2.310648059606116,2.310648059606116,4.517797485898911
74904,NY,2021,2022,133.99319727891157,130.27773121606458,3.7154660628469856,3.7154660628469856,2.772876637246824
74910,NY,2021,2022,77.48867924528302,96.0083991274457,-18.519719882162676,18.519719882162676,-23.899903911822097
74916,NY,2021,2022,80.38354430379746,85.74679171999186,-5.3632474161943975,5.3632474161943975,-6.672071333312717
74922,NY,2021,2022,82.00844155844156,88.84582836823523,-6.837386809793671,6.837386809793671,-8.337418294824142
74946,NY,2021,2022,90.391,114.1598692033158,-23.768869203315788,23.768869203315788,-26.29561483257823
74952,NY,2021,2022,106.23333333333332,161.83367321754994,-55.60033988421662,55.60033988421662,-52.3379415289143
74964,NY,2021,2022,122.846875,142.01644385218117,-19.169568852181172,19.169568852181172,-15.60444158809996
74970,NY,2021,2022,122.05,213.3009987283026,-91.2509987283026,91.2509987283026,-74.7652590973393
74976,NY,2021,2022,125.29027777777776,147.51237469197966,-22.2220969142019,22.2220969142019,-17.73648946139007
74988,NY,2021,2022,172.3638211382114,170.25061734453504,2.113203793676348,2.113203793676348,1.2260135449085094
75006,NY,2021,2022,156.80550458715595,206.33140118878606,-49.52589660163011,49.52589660163011,-31.58428444972257
75012,NY,2021,2022,117.17592592592592,177.65082555018523,-60.47489962425931,60.47489962425931,-51.610344997392374
75018,NY,2021,2022,121.17647058823528,157.43047869425004,-36.254008106014766,36.254008106014766,-29.918356203992776
75048,NY,2021,2022,89.94873765093304,92.37422681524055,-2.425489164307507,2.425489164307507,-2.6965238508629
75078,NY,2021,2022,97.45370370370372,116.50822849958396,-19.05452479588024,19.05452479588024,-19.55238648888423
75084,NY,2021,2022,128.03333333333333,180.37483009011436,-52.34149675678103,52.34149675678103,-40.881148208889115
75090,NY,2021,2022,70.84736842105264,70.77971755930169,0.06765086175094837,0.06765086175094837,0.0954881786842002
75096,NY,2021,2022,94.4890243902439,113.01069748699165,-18.521673096747747,18.521673096747747,-19.601930717638073
75102,NY,2021,2022,88.16842105263157,106.56484843102109,-18.396427378389518,18.396427378389518,-20.865097910064524
75108,NY,2021,2022,105.52574257425742,120.3238871339652,-14.79814455970778,14.79814455970778,-14.023255557092595
75120,NY,2021,2022,127.12634730538922,150.87138698208187,-23.745039676692656,23.745039676692656,-18.678299329761394
75126,NY,2021,2022,120.28219178082192,122.56709366987482,-2.284901889052904,2.284901889052904,-1.899617769866091
75132,NY,2021,2022,71.23598326359833,81.28549811931607,-10.049514855717746,10.049514855717746,-14.107357539420756
75138,NY,2021,2022,87.07391304347826,88.86077292461393,-1.786859881135669,1.786859881135669,-2.0521185033265286
75144,NY,2021,2022,93.74933171324425,107.64643134725682,-13.897099634012577,13.897099634012577,-14.823678611939686
75150,NY,2021,2022,105.64652406417112,120.31584495194915,-14.669320887778028,14.669320887778028,-13.885284932675765
75156,NY,2021,2022,114.21808510638296,127.90804242951505,-13.689957323132091,13.689957323132091,-11.985805321794038
75168,NY,2021,2022,85.34859943977591,90.82108307771468,-5.472483637938765,5.472483637938765,-6.41191967280059
75174,NY,2021,2022,143.19147286821706,170.2541758829783,-27.06270301476124,27.06270301476124,-18.899661043131925
75186,NY,2021,2022,109.43855421686747,119.38430435696776,-9.945750140100287,9.945750140100287,-9.087976546539004
75198,NY,2021,2022,118.42289336316182,129.3006756361833,-10.877782273021495,10.877782273021495,-9.185540028702999
75204,NY,2021,2022,80.38341836734693,86.4110133478373,-6.027594980490363,6.027594980490363,-7.498555178313829
75228,NY,2021,2022,83.67885462555066,87.6356720486674,-3.956817423116746,3.956817423116746,-4.72857502749394
75240,NY,2021,2022,131.4804568527919,161.08390961991182,-29.603452767119933,29.603452767119933,-22.515477566574432
75252,NY,2021,2022,91.98557692307692,98.87890792089237,-6.893330997815454,6.893330997815454,-7.4939259266482745
75258,NY,2021,2022,64.15796178343949,67.18495249453849,-3.0269907110990033,3.0269907110990033,-4.718028171338094
75270,NY,2021,2022,183.58264840182648,223.2830155332121,-39.70036713138563,39.70036713138563,-21.625337403614147
75276,NY,2021,2022,107.75878378378378,180.5626579472073,-72.80387416342352,72.80387416342352,-67.56189296781902
75282,NY,2021,2022,86.05403726708074,87.23019708394611,-1.1761598168653649,1.1761598168653649,-1.3667688980297208
75288,NY,2021,2022,77.19594594594595,79.62037128555787,-2.424425339611915,2.424425339611915,-3.1406122561274694
75294,NY,2021,2022,97.02234848484848,111.65624786009788,-14.633899375249399,14.633899375249399,-15.083019122686672
75300,NY,2021,2022,69.61745213549337,75.91648484865821,-6.2990327131648485,6.2990327131648485,-9.048065563941236
75318,NY,2021,2022,79.64863701578193,84.32169975255225,-4.673062736770319,4.673062736770319,-5.86709692953613
75366,NY,2021,2022,105.9532279314888,130.2978572155261,-24.34462928403731,24.34462928403731,-22.97676980618181
75378,NY,2021,2022,86.46296296296296,100.89173712295738,-14.428774159994418,14.428774159994418,-16.68780905203895
75384,NY,2021,2022,110.99834710743802,151.7123437377531,-40.713996630315066,40.713996630315066,-36.67982243997471
75390,NY,2021,2022,61.01159420289855,64.95526148357985,-3.9436672806812965,3.9436672806812965,-6.4637997616753635
75396,NY,2021,2022,79.89099099099099,91.67175431894867,-11.780763327957686,11.780763327957686,-14.746047309997895
75402,NY,2021,2022,112.79248120300753,169.72838540901233,-56.93590420600481,56.93590420600481,-50.47845707333075
75414,NY,2021,2022,104.84541910331384,118.26375538657837,-13.418336283264523,13.418336283264523,-12.798209400109508
75420,NY,2021,2022,109.89558011049724,125.1934315845094,-15.297851474012162,15.297851474012162,-13.920351900076927
75426,NY,2021,2022,115.14884696016772,118.71779587811409,-3.568948917946372,3.568948917946372,-3.09942219324258
75432,NY,2021,2022,214.43471615720523,253.3810649945554,-38.94634883735017,38.94634883735017,-18.162333756068694
75450,NY,2021,2022,103.45801526717555,112.66786275330787,-9.209847486132318,9.209847486132318,-8.902014466784726
75462,NY,2021,2022,100.75964912280702,110.58194796740419,-9.82229884459717,9.82229884459717,-9.748246376508954
75468,NY,2021,2022,117.93362068965516,132.778904395099,-14.845283705443848,14.845283705443848,-12.587830017115753
75480,NY,2021,2022,104.87315789473683,122.37398198708563,-17.500824092348793,17.500824092348793,-16.687610484576712
75486,NY,2021,2022,159.03366336633664,158.36613976448146,0.66752360185518,0.66752360185518,0.4197372982080709
75492,NY,2021,2022,106.93166666666669,117.38394257048085,-10.452275903814169,10.452275903814169,-9.774724578451192
75498,NY,2021,2022,105.9849557522124,116.63737542350475,-10.65241967129235,10.65241967129235,-10.050879009844738
75510,NY,2021,2022,116.6122448979592,139.65476296699848,-23.042518069039275,23.042518069039275,-19.759947241563253
75516,NY,2021,2022,75.99114114114114,80.57536020977118,-4.584219068630034,4.584219068630034,-6.032570375691024
75534,NY,2021,2022,88.05151515151515,91.20781489604668,-3.1562997445315375,3.1562997445315375,-3.584605828872242
75540,NY,2021,2022,88.60862337662337,99.3958300290303,-10.787206652406923,10.787206652406923,-12.173991922385278
75552,NY,2021,2022,73.98,86.26062383180249,-12.280623831802487,12.280623831802487,-16.599924076510526
75564,NY,2021,2022,74.15943396226415,78.11543191271423,-3.955997950450083,3.955997950450083,-5.334450034318066
75606,NY,2021,2022,63.07471143756558,68.69057861405078,-5.615867176485196,5.615867176485196,-8.903516240488955
75618,NY,2021,2022,92.3954971020954,109.2370863159295,-16.841589213834098,16.841589213834098,-18.227716438631674
76206,NY,2021,2022,54.022,54.73835364884888,-0.7163536488488802,0.7163536488488802,-1.3260405924417464
76314,NY,2021,2022,95.63617021276596,120.15108536340581,-24.51491515063985,24.51491515063985,-25.633518255802638
76326,NY,2021,2022,75.93661538461538,78.25120212906936,-2.314586744453976,2.314586744453976,-3.0480509734739996
76338,NY,2021,2022,76.43291139240506,87.14740687079662,-10.714495478391555,10.714495478391555,-14.018170030686841
76350,NY,2021,2022,108.61176470588236,130.22247990748735,-21.61071520160499,21.61071520160499,-19.897213952950864
76356,NY,2021,2022,85.39607843137254,88.51689724184357,-3.1208188104710217,3.1208188104710217,-3.654522394701096
76374,NY,2021,2022,61.37407407407407,68.06269662206277,-6.6886225479887,6.6886225479887,-10.898123758113265
76392,NY,2021,2022,83.26153846153846,98.5483738866428,-15.286835425104343,15.286835425104343,-18.360020373831897
76398,NY,2021,2022,56.43703703703704,47.63807265455352,8.798964382483518,8.798964382483518,15.590762457478343
76404,NY,2021,2022,56.779591836734696,57.114491109117516,-0.33489927238282036,0.33489927238282036,-0.5898233177614189
76422,NY,2021,2022,84.66516853932585,98.35382236837921,-13.688653829053365,13.688653829053365,-16.167987456016423
76428,NY,2021,2022,64.15,67.65940893293849,-3.5094089329384843,3.5094089329384843,-5.470629669428658
76440,NY,2021,2022,85.62934782608696,94.78291954816254,-9.153571722075583,9.153571722075583,-10.689759941493971
76446,NY,2021,2022,59.63846153846154,70.56719021195343,-10.92872867349189,10.92872867349189,-18.324967464903207
76452,NY,2021,2022,60.035714285714285,80.4112110541928,-20.37549676847852,20.37549676847852,-33.93895951917897
76458,NY,2021,2022,92.45625,94.15104023925403,-1.6947902392540328,1.6947902392540328,-1.8330726578830885
76476,NY,2021,2022,57.53272727272727,67.32809117570152,-9.795363902974245,9.795363902974245,-17.02572495223536
76482,NY,2021,2022,67.46052631578948,68.14741668454863,-0.6868903687591512,0.6868903687591512,-1.0182108060404815
76488,NY,2021,2022,89.17765957446808,84.6606296381788,4.517029936289276,4.517029936289276,5.06520350258499
76506,NY,2021,2022,49.27777777777778,45.82019871085095,3.457579066926826,3.457579066926826,7.016507689366726
76512,NY,2021,2022,72.35,73.23027899760983,-0.8802789976098353,0.8802789976098353,-1.2166952282098622
76524,NY,2021,2022,53.929568106312296,55.20514031932947,-1.2755722130171776,1.2755722130171776,-2.3652557545104385
76548,NY,2021,2022,90.6513812154696,96.06920508285485,-5.417823867385252,5.417823867385252,-5.9765486137575845
76554,NY,2021,2022,49.97391304347826,45.7460032105712,4.227909832907059,4.227909832907059,8.460233700788443
76560,NY,2021,2022,66.50434782608696,88.30037039409144,-21.79602256800449,21.79602256800449,-32.77383100575989
76572,NY,2021,2022,66.816,82.19074588373844,-15.374745883738441,15.374745883738441,-23.01057513730011
76578,NY,2021,2022,65.44047619047619,71.28352767273508,-5.843051482258886,5.843051482258886,-8.928803429320475
76584,NY,2021,2022,93.70379746835442,120.01544755168891,-26.311650083334484,26.311650083334484,-28.079598473285394
76590,NY,2021,2022,77.05454545454545,79.66367377513559,-2.6091283205901448,2.6091283205901448,-3.38607969873662
76596,NY,2021,2022,79.15294117647059,93.04892624735353,-13.895985070882944,13.895985070882944,-17.55586698907625
76608,NY,2021,2022,66.50833333333334,81.64707280117241,-15.138739467839073,15.138739467839073,-22.762169353974297
76626,NY,2021,2022,65.94427244582043,73.05852056394568,-7.114248118125246,7.114248118125246,-10.788272967861289
76650,NY,2021,2022,97.27279411764704,104.09613052372221,-6.823336406075171,6.823336406075171,-7.014640083045887
76656,NY,2021,2022,81.69101123595506,93.1747886986089,-11.483777462653833,11.483777462653833,-14.057577803124834
76662,NY,2021,2022,113.64594594594594,172.00673915764924,-58.360793211703296,58.360793211703296,-51.353167705130254
76668,NY,2021,2022,74.57,90.93342444283805,-16.363424442838053,16.363424442838053,-21.943709860316556
76674,NY,2021,2022,63.316822429906544,64.37090520064712,-1.054082770740571,1.054082770740571,-1.6647752213204785
76680,NY,2021,2022,72.92719298245613,78.20161515576885,-5.274422173312715,5.274422173312715,-7.232449183367809
76698,NY,2021,2022,72.515625,82.24252739592356,-9.72690239592356,9.72690239592356,-13.413526251650676
76716,NY,2021,2022,91.771875,126.50129763217475,-34.72942263217476,34.72942263217476,-37.84320918819057
76722,NY,2021,2022,56.28181818181818,67.69540227036146,-11.413584088543274,11.413584088543274,-20.279345012756586
76728,NY,2021,2022,65.96930693069307,64.79088961871783,1.1784173119752381,1.1784173119752381,1.7863114936363906
76734,NY,2021,2022,56.86506024096386,61.59703676337933,-4.731976522415472,4.731976522415472,-8.321413012426039
76740,NY,2021,2022,73.15659574468086,77.3919882122733,-4.2353924675924475,4.2353924675924475,-5.789488185554887
76746,NY,2021,2022,74.86875,79.19429475097519,-4.325544750975183,4.325544750975183,-5.777503632657394
76752,NY,2021,2022,92.265,122.46939331255199,-30.204393312551986,30.204393312551986,-32.73656675072019
76806,NY,2021,2022,60.574300932090544,58.62124761299365,1.9530533190968953,1.9530533190968953,3.2242275833879632
76818,NY,2021,2022,61.89034334763949,61.7163019892367,0.17404135840278911,0.17404135840278911,0.2812092306956431
76824,NY,2021,2022,86.54835318850736,93.2395023328608,-6.691149144353432,6.691149144353432,-7.731110873686664
76848,NY,2021,2022,97.51875,120.03618069567231,-22.517430695672317,22.517430695672317,-23.09036025961399
76854,NY,2021,2022,66.35157232704402,69.29506177110086,-2.943489444056837,2.943489444056837,-4.436201495796521
76860,NY,2021,2022,56.265517241379314,53.82299619217313,2.442521049206185,2.442521049206185,4.341062108658416
76884,NY,2021,2022,106.54756097560976,131.99134315007575,-25.443782174465994,25.443782174465994,-23.880210810541627
76890,NY,2021,2022,79.32075471698113,92.7070536370974,-13.386298920116275,13.386298920116275,-16.876161816511956
76896,NY,2021,2022,69.34150943396226,77.12936508150702,-7.78785564754476,7.78785564754476,-11.23115967782842
76902,NY,2021,2022,70.61140350877193,79.38846319107708,-8.77705968230515,8.77705968230515,-12.430088124809462
76914,NY,2021,2022,63.56666666666667,67.65772379275334,-4.091057126086675,4.091057126086675,-6.435852846491883
76926,NY,2021,2022,58.23333333333333,54.34981775589204,3.883515577441287,3.883515577441287,6.668887654449835
76932,NY,2021,2022,60.749830508474574,61.75718032215079,-1.007349813676214,1.007349813676214,-1.6581936200393006
76938,NY,2021,2022,79.17857142857143,97.62756642454443,-18.448994995972996,18.448994995972996,-23.300489846064224
76944,NY,2021,2022,132.10697674418606,146.33806923388195,-14.231092489695897,14.231092489695897,-10.772400398847367
76962,NY,2021,2022,64.80104712041884,66.69475900967946,-1.893711889260615,1.893711889260615,-2.922347667841783
76968,NY,2021,2022,63.3975,63.041642911071804,0.3558570889281967,0.3558570889281967,0.5613109175096758
76986,NY,2021,2022,92.93318534961156,97.7214384735308,-4.788253123919233,4.788253123919233,-5.152360920274048
76992,NY,2021,2022,62.130324909747294,63.15852617813495,-1.0282012683876545,1.0282012683876545,-1.6549104964142
76998,NY,2021,2022,137.99356223175965,121.00154544413594,16.99201678762371,16.99201678762371,12.313630080137857
77004,NY,2021,2022,74.76666666666667,79.04534509207436,-4.278678425407691,4.278678425407691,-5.722708549363831
77010,NY,2021,2022,69.09923076923077,75.24747493934002,-6.148244170109251,6.148244170109251,-8.897702769864994
77016,NY,2021,2022,88.8923076923077,116.21710876675186,-27.324801074444167,27.324801074444167,-30.73921893109849
77022,NY,2021,2022,61.024324324324326,60.97892200745758,0.045402316866749004,0.045402316866749004,0.07440035980644462
77028,NY,2021,2022,56.67,56.64510445391782,0.024895546082184694,0.024895546082184694,0.043930732454887406
77034,NY,2021,2022,54.75047318611988,53.69681223484007,1.0536609512798165,1.0536609512798165,1.9244782555540292
77052,NY,2021,2022,65.06271186440678,69.85945599739938,-4.7967441329926,4.7967441329926,-7.372493392204742
77058,NY,2021,2022,65.225,71.99286726111026,-6.767867261110268,6.767867261110268,-10.376185912012678
77064,NY,2021,2022,160.75333333333333,202.5933926003229,-41.840059266989556,41.840059266989556,-26.027490938698765
77070,NY,2021,2022,99.50725190839697,106.0426091103514,-6.53535720195444,6.53535720195444,-6.567719514524098
77076,NY,2021,2022,66.13821656050955,70.33940519761356,-4.201188637104011,4.201188637104011,-6.352134749899648
77082,NY,2021,2022,77.36,91.09968076302285,-13.739680763022847,13.739680763022847,-17.760704192118467
77094,NY,2021,2022,68.61428571428571,68.38307751406101,0.23120820022469957,0.23120820022469957,0.33696802031499
77100,NY,2021,2022,91.57291666666669,97.36719295744096,-5.7942762907742775,5.7942762907742775,-6.327499987650216
77106,NY,2021,2022,54.36,53.22794376825206,1.1320562317479386,1.1320562317479386,2.082516982612102
77112,NY,2021,2022,68.775,74.55581357623996,-5.78081357623995,5.78081357623995,-8.405399601948309
77118,NY,2021,2022,63.050769230769234,62.91814531858179,0.13262391218744085,0.13262391218744085,0.21034463782992108
77130,NY,2021,2022,62.40833333333333,72.48250897084105,-10.074175637507722,10.074175637507722,-16.142356476177415
77142,NY,2021,2022,60.988,70.25853584339939,-9.270535843399387,9.270535843399387,-15.200590023282261
77154,NY,2021,2022,74.90961538461538,73.76434390377406,1.1452714808413162,1.1452714808413162,1.5288711268387145
77160,NY,2021,2022,52.0921052631579,49.699154591928924,2.3929506712289736,2.3929506712289736,4.59369161438247
77166,NY,2021,2022,84.62333333333333,98.4998870619455,-13.876553728612166,13.876553728612166,-16.398023077101072
77178,NY,2021,2022,86.17948717948718,89.66576582025601,-3.4862786407688304,3.4862786407688304,-4.045369443319976
77190,NY,2021,2022,65.1304347826087,67.38231439792177,-2.2518796153130722,2.2518796153130722,-3.457492066235024
77196,NY,2021,2022,204.7998011928429,341.31314455346865,-136.51334336062575,136.51334336062575,-66.6569706442647
77220,NY,2021,2022,67.10602409638554,80.19417049376328,-13.088146397377741,13.088146397377741,-19.503683273768406
77226,NY,2021,2022,77.929,80.73181036036327,-2.8028103603632673,2.8028103603632673,-3.596620462681758
77238,NY,2021,2022,78.19189189189188,85.41662979966424,-7.224737907772351,7.224737907772351,-9.2397532953433
77268,NY,2021,2022,50.588235294117645,57.792584725118104,-7.204349431000459,7.204349431000459,-14.241155851977652
77298,NY,2021,2022,58.63584070796461,62.80844609133996,-4.172605383375348,4.172605383375348,-7.1161346592726105
77310,NY,2021,2022,55.41220657276995,55.498833072820474,-0.08662650005052086,0.08662650005052086,-0.15633107830990056
77316,NY,2021,2022,67.61,81.04855184553776,-13.43855184553776,13.43855184553776,-19.876574242771426
77322,NY,2021,2022,57.86028037383178,57.500270601542,0.3600097722897786,0.3600097722897786,0.6222053712214618
77406,NY,2021,2022,66.33254480286739,70.39184791134446,-4.059303108477067,4.059303108477067,-6.119625171235091
77418,NY,2021,2022,74.63684210526316,88.7674745677613,-14.130632462498141,14.130632462498141,-18.932516521223093
77460,NY,2021,2022,57.78181818181818,60.00244704147673,-2.2206288596585466,2.2206288596585466,-3.843127353090625
77472,NY,2021,2022,58.549,66.99013887340203,-8.441138873402032,8.441138873402032,-14.417221256387014
77478,NY,2021,2022,68.05882352941177,71.73540319908173,-3.6765796696699624,3.6765796696699624,-5.40206174454532
77484,NY,2021,2022,54.51875,64.57370730816295,-10.054957308162955,10.054957308162955,-18.443117841408608
77496,NY,2021,2022,56.42446808510638,59.030185179815064,-2.6057170947086803,2.6057170947086803,-4.618062310801786
77502,NY,2021,2022,61.07,69.068292864036,-7.998292864035996,7.998292864035996,-13.096926255176019
77508,NY,2021,2022,68.40508474576271,73.60266356833293,-5.197578822570222,5.197578822570222,-7.598234607687086
77514,NY,2021,2022,63.40653594771242,63.5610206398194,-0.15448469210697624,0.15448469210697624,-0.243641589621566
77520,NY,2021,2022,64.75740740740741,70.23002827952747,-5.472620872120061,5.472620872120061,-8.450957336340279
77526,NY,2021,2022,77.95983606557377,72.45954412482078,5.500291940752987,5.500291940752987,7.055289259621541
77538,NY,2021,2022,56.508,54.858350819202286,1.6496491807977165,1.6496491807977165,2.919319708355837
77556,NY,2021,2022,54.38369565217391,55.940243392981934,-1.5565477408080213,1.5565477408080213,-2.8621588182667033
77568,NY,2021,2022,59.774226804123714,61.826092922063225,-2.051866117939511,2.051866117939511,-3.432693700352401
77580,NY,2021,2022,55.126666666666665,60.983456552594674,-5.856789885928009,5.856789885928009,-10.624240934686194
77592,NY,2021,2022,61.0030303030303,70.22439649368415,-9.221366190653853,9.221366190653853,-15.116242824081127
77604,NY,2021,2022,59.50232558139535,64.5015833656665,-4.999257784271158,4.999257784271158,-8.40178553598295
77610,NY,2021,2022,59.32428571428572,64.26603819673579,-4.94175248245007,4.94175248245007,-8.330066553603798
77616,NY,2021,2022,83.03636363636363,95.14046403861127,-12.104100402247639,12.104100402247639,-14.57686713649267
77622,NY,2021,2022,52.90357142857143,59.7088271358743,-6.805255707302869,6.805255707302869,-12.86350906666309
77646,NY,2021,2022,73.71884057971015,81.90197916482086,-8.183138585110711,8.183138585110711,-11.10047108820507
77652,NY,2021,2022,121.28235294117648,131.3476810580516,-10.065328116875108,10.065328116875108,-8.299087107715433
77658,NY,2021,2022,90.01428571428572,79.66506473176439,10.34922098252133,10.34922098252133,11.497309455268896
77664,NY,2021,2022,57.75792349726776,60.59826313774672,-2.840339640478959,2.840339640478959,-4.917662319721936
77670,NY,2021,2022,71.44848484848485,75.51694954511689,-4.068464696632034,4.068464696632034,-5.694263083758467
77676,NY,2021,2022,96.98953068592058,107.70701970093579,-10.717489015015204,10.717489015015204,-11.050150402027876
77700,NY,2021,2022,52.746153846153845,57.23602644110188,-4.489872594948032,4.489872594948032,-8.512227465994519
77712,NY,2021,2022,49.95,72.72898159513393,-22.778981595133928,22.778981595133928,-45.60356675702488
77718,NY,2021,2022,63.62647058823529,65.36174218996683,-1.7352716017315402,1.7352716017315402,-2.72727936295809
77730,NY,2021,2022,61.4,73.60898644182342,-12.20898644182342,12.20898644182342,-19.884342739126094
77736,NY,2021,2022,56.85294117647059,60.3475550889175,-3.4946139124469155,3.4946139124469155,-6.146760115012681
77742,NY,2021,2022,50.71014492753624,51.508192975201055,-0.798048047664814,0.798048047664814,-1.5737443637860005
77748,NY,2021,2022,60.91648351648352,63.649803941863034,-2.7333204253795174,2.7333204253795174,-4.486996404905582
77754,NY,2021,2022,62.31,66.28500211285908,-3.975002112859073,3.975002112859073,-6.379396746684438
77760,NY,2021,2022,60.61698113207547,66.78683979492193,-6.169858662846458,6.169858662846458,-10.178432755341683
77772,NY,2021,2022,75.09473684210526,81.00187168548003,-5.907134843374763,5.907134843374763,-7.866243483608108
77790,NY,2021,2022,58.1,58.51285880697048,-0.41285880697047617,0.41285880697047617,-0.7106003562314563
77796,NY,2021,2022,58.115,60.541489240885525,-2.426489240885523,2.426489240885523,-4.17532348083201
77802,NY,2021,2022,55.38979591836735,62.602006151276704,-7.2122102329093565,7.2122102329093565,-13.020828319242417
77814,NY,2021,2022,58.805,84.23950009890298,-25.43450009890298,25.43450009890298,-43.25227463464498
77820,NY,2021,2022,66.82941176470588,59.983812237628264,6.845599527077617,6.845599527077617,10.243393359767582
77832,NY,2021,2022,74.59453376205788,79.14627639128057,-4.551742629222687,4.551742629222687,-6.101978790754113
77844,NY,2021,2022,55.44328358208955,58.764591388832486,-3.3213078067429365,3.3213078067429365,-5.990460146223834
77868,NY,2021,2022,57.88125,64.19590872676505,-6.314658726765053,6.314658726765053,-10.909679260149103
77874,NY,2021,2022,65.12307692307692,69.90480636763273,-4.781729444555808,4.781729444555808,-7.342603682875678
77880,NY,2021,2022,53.77454545454545,58.59041234207028,-4.815866887524827,4.815866887524827,-8.95566265938144
77886,NY,2021,2022,68.33839285714286,73.88498928357988,-5.54659642643702,5.54659642643702,-8.116369429453561
77898,NY,2021,2022,78.17101449275363,80.929620265087,-2.758605772333368,2.758605772333368,-3.5289368958990397
77910,NY,2021,2022,55.65714285714286,60.37949667543052,-4.722353818287658,4.722353818287658,-8.484721952775566
77916,NY,2021,2022,66.83571428571429,71.51011056924398,-4.674396283529688,4.674396283529688,-6.993859994593955
77922,NY,2021,2022,66.98333333333333,73.92227413074642,-6.938940797413082,6.938940797413082,-10.359204972500248
77934,NY,2021,2022,72.34565217391304,81.5727566548263,-9.227104480913269,9.227104480913269,-12.754193519096441
77952,NY,2021,2022,61.97848101265823,65.34344743338701,-3.364966420728784,3.364966420728784,-5.42924958106272
77958,NY,2021,2022,69.55555555555556,82.1140281139597,-12.558472558404148,12.558472558404148,-18.05531198492609
77976,NY,2021,2022,63.67083333333333,71.95945715316277,-8.288623819829446,8.288623819829446,-13.017928910143755
77982,NY,2021,2022,73.2813559322034,79.1200127882039,-5.838656856000497,5.838656856000497,-7.967451996115027
77988,NY,2021,2022,47.22727272727273,53.57985486454239,-6.352582137269664,6.352582137269664,-13.451088259858768
78126,NY,2021,2022,72.93563090605892,82.99915376536862,-10.0635228593097,10.0635228593097,-13.797814229195488
78156,NY,2021,2022,76.3453125,94.15710980411848,-17.81179730411847,17.81179730411847,-23.330570955641146
78162,NY,2021,2022,91.96306203756404,95.80973613065795,-3.8466740930939096,3.8466740930939096,-4.182846903817386
78168,NY,2021,2022,66.69833333333334,75.70971354736095,-9.01138021402761,9.01138021402761,-13.51065276097995
78174,NY,2021,2022,97.2947658402204,106.29366318992402,-8.998897349703611,8.998897349703611,-9.2491073615222
78180,NY,2021,2022,79.67020202020203,80.34684178588154,-0.6766397656795107,0.6766397656795107,-0.849300928731089
78186,NY,2021,2022,86.42797281993205,94.26598857702193,-7.838015757089877,7.838015757089877,-9.068841373174347
78192,NY,2021,2022,66.53813559322033,68.97170157810866,-2.4335659848883324,2.4335659848883324,-3.6574003211720467
78198,NY,2021,2022,69.62329545454546,71.95131249827774,-2.328017043732288,2.328017043732288,-3.3437329108504588
78204,NY,2021,2022,82.06987951807228,78.77989911649226,3.2899804015800242,3.2899804015800242,4.008755003540063
78210,NY,2021,2022,158.631592039801,152.2620775564737,6.369514483327293,6.369514483327293,4.015287498173232
78216,NY,2021,2022,70.64150943396227,67.42113502921606,3.2203744047462095,3.2203744047462095,4.558756502445221
78222,NY,2021,2022,78.5070953436807,81.21518974161586,-2.708094397935156,2.708094397935156,-3.44948999333108
78234,NY,2021,2022,90.6038084874864,91.82279434429798,-1.218985856811571,1.218985856811571,-1.3454024473815902
78240,NY,2021,2022,58.83388429752066,57.72144884595556,1.112435451565105,1.112435451565105,1.8908074230481915
78246,NY,2021,2022,88.20203735144312,89.14065819791188,-0.9386208464687513,0.9386208464687513,-1.0641713895210767
78252,NY,2021,2022,66.85145631067961,68.79020157853522,-1.9387452678556087,1.9387452678556087,-2.900079332371839
78264,NY,2021,2022,76.93739837398374,79.31917685313397,-2.3817784791502277,2.3817784791502277,-3.0957356623532806
78270,NY,2021,2022,68.54246208742194,68.20253533851222,0.3399267489097184,0.3399267489097184,0.4959360060281487
78312,NY,2021,2022,64.7132530120482,66.11150277471009,-1.3982497626618908,1.3982497626618908,-2.160685327318605
78318,NY,2021,2022,73.39134615384616,75.4777321586212,-2.0863860047750364,2.0863860047750364,-2.8428229132103158
78324,NY,2021,2022,62.35217391304348,64.33580581832211,-1.983631905278635,1.983631905278635,-3.1813355987315113
78342,NY,2021,2022,69.79119170984455,71.94455163490719,-2.153359925062631,2.153359925062631,-3.085432233361454
78360,NY,2021,2022,69.63237410071943,72.8953215757513,-3.262947475031865,3.262947475031865,-4.68596327092365
78366,NY,2021,2022,86.02264150943397,108.13831594039367,-22.1156744309597,22.1156744309597,-25.70913197141744
78378,NY,2021,2022,91.08214285714286,91.7728642586687,-0.6907214015258489,0.6907214015258489,-0.7583499683458327
78396,NY,2021,2022,149.01366366366366,211.16296364565244,-62.149299981988776,62.149299981988776,-41.7071149409929
78408,NY,2021,2022,72.58458498023715,73.43199159933181,-0.8474066190946559,0.8474066190946559,-1.1674746357306887
78414,NY,2021,2022,59.82695895522388,59.14760507714719,0.6793538780766895,0.6793538780766895,1.1355313556638176
78426,NY,2021,2022,63.79545454545455,60.92908449692511,2.86637004852944,2.86637004852944,4.493063132714476
78432,NY,2021,2022,54.09090909090909,55.82908741621919,-1.7381783253100949,1.7381783253100949,-3.2134389207413516
78438,NY,2021,2022,69.39662162162162,67.72341000316575,1.6732116184558663,1.6732116184558663,2.411085121086861
78444,NY,2021,2022,59.2962962962963,60.71443069308526,-1.4181343967889646,1.4181343967889646,-2.391607040181264
78456,NY,2021,2022,83.7063063063063,72.32795054747389,11.378355758832413,11.378355758832413,13.593188208777987
78462,NY,2021,2022,68.8687306501548,71.28634911773611,-2.417618467581306,2.417618467581306,-3.510473395919737
78468,NY,2021,2022,146.91166666666666,170.47222632090492,-23.56055965423826,23.56055965423826,-16.037228484852527
78480,NY,2021,2022,78.75647058823529,82.0857440180943,-3.3292734298590148,3.3292734298590148,-4.227301458524659
78486,NY,2021,2022,83.31153846153846,83.81683833786389,-0.5052998763254237,0.5052998763254237,-0.6065184795005317
78492,NY,2021,2022,67.4612334801762,71.17983195558979,-3.718598475413586,3.718598475413586,-5.512200538856606
78498,NY,2021,2022,64.92820512820512,64.37980294322523,0.5484021849798921,0.5484021849798921,0.8446285922998102
78504,NY,2021,2022,90.45486725663716,88.80367449479128,1.651192761845877,1.651192761845877,1.8254327400217596
78528,NY,2021,2022,65.9874684608915,70.13444693749872,-4.146978476607217,4.146978476607217,-6.284493970343759
78540,NY,2021,2022,77.58773824650572,77.72644028851786,-0.13870204201214165,0.13870204201214165,-0.17876799240038202
78552,NY,2021,2022,65.3137614678899,67.10983543981516,-1.796073971925253,1.796073971925253,-2.749916604953542
78606,NY,2021,2022,57.97264957264957,57.011152264012566,0.9614973086370071,0.9614973086370071,1.6585360781761194
78618,NY,2021,2022,41.38666666666666,42.8599015730847,-1.4732349064180355,1.4732349064180355,-3.559684857646671
78624,NY,2021,2022,156.76924066924067,172.24810124828065,-15.478860579039974,15.478860579039974,-9.873659215903215
78648,NY,2021,2022,92.39871794871794,101.84479818570296,-9.446080236985011,9.446080236985011,-10.22317240616657
78660,NY,2021,2022,84.29243697478992,91.08227141953641,-6.789834444746489,6.789834444746489,-8.055093301878536
78666,NY,2021,2022,55.67297297297297,58.46950825079286,-2.796535277819892,2.796535277819892,-5.023147010987718
78672,NY,2021,2022,80.24255319148936,86.35409348405238,-6.111540292563021,6.111540292563021,-7.616333291362941
78684,NY,2021,2022,67.03787375415283,72.86576911569333,-5.827895361540499,5.827895361540499,-8.693437060538448
78696,NY,2021,2022,76.75674157303371,77.10430726913405,-0.3475656961003466,0.3475656961003466,-0.45281455280333827
78708,NY,2021,2022,65.75787234042554,67.85109249761325,-2.093220157187716,2.093220157187716,-3.1832236699375094
78720,NY,2021,2022,54.51379310344828,57.18721474029058,-2.673421636842299,2.673421636842299,-4.904119645039324
78732,NY,2021,2022,73.26481481481481,78.82637093818303,-5.56155612336822,5.56155612336822,-7.591032799885849
78756,NY,2021,2022,66.99965753424658,69.7720024484315,-2.772344914184913,2.772344914184913,-4.1378493804507
78786,NY,2021,2022,63.47485714285714,64.60672136427301,-1.1318642214158743,1.1318642214158743,-1.783169387634051
78792,NY,2021,2022,69.27119565217392,70.89449231465962,-1.6232966624857,1.6232966624857,-2.34339345120681
78810,NY,2021,2022,75.49640522875816,74.76850161753576,0.727903611222402,0.727903611222402,0.9641566496004875
78816,NY,2021,2022,50.65263157894737,55.392757454944785,-4.740125875997414,4.740125875997414,-9.358103869903456
78840,NY,2021,2022,56.01907216494845,55.66935492599544,0.349717238953005,0.349717238953005,0.6242824549525933
78846,NY,2021,2022,58.79032258064516,66.24093892537024,-7.450616344725084,7.450616344725084,-12.673202012975452
78852,NY,2021,2022,65.63535353535353,69.67443410204098,-4.039080566687446,4.039080566687446,-6.153818558335111
78858,NY,2021,2022,60.94957983193277,59.5606718528424,1.3889079790903764,1.3889079790903764,2.2787818766269794
78864,NY,2021,2022,55.19444444444444,54.78878706300022,0.4056573814442217,0.4056573814442217,0.7349605300448908
78870,NY,2021,2022,63.135714285714286,68.25039399474892,-5.1146797090346325,5.1146797090346325,-8.10108789755457
78876,NY,2021,2022,58.16129032258065,55.42889803724037,2.732392285340275,2.732392285340275,4.697956785665475
78882,NY,2021,2022,78.29787234042553,77.83671975171369,0.4611525887118404,0.4611525887118404,0.588972056235231
78888,NY,2021,2022,73.72530612244898,71.45435373048792,2.2709523919610604,2.2709523919610604,3.0802888606379986
78912,NY,2021,2022,190.0188585607941,308.57297102363634,-118.55411246284226,118.55411246284226,-62.390708670062025
78930,NY,2021,2022,58.57037037037037,60.640071433722746,-2.069701063352376,2.069701063352376,-3.5336998046360284
78936,NY,2021,2022,69.7752808988764,74.91655479222209,-5.141273893345684,5.141273893345684,-7.368331344730529
78948,NY,2021,2022,60.69193548387097,61.50302501300084,-0.8110895291298661,0.8110895291298661,-1.3364041246392862
78954,NY,2021,2022,89.56640926640927,97.16008639485291,-7.593677128443645,7.593677128443645,-8.478264553239779
78960,NY,2021,2022,70.62717391304348,70.90976746245688,-0.28259354941340575,0.28259354941340575,-0.40012014322042155
78984,NY,2021,2022,93.17086614173228,102.37104235199165,-9.200176210259372,9.200176210259372,-9.874520428160439
78990,NY,2021,2022,57.3239263803681,60.17652442213489,-2.8525980417667895,2.8525980417667895,-4.976278182409584
78996,NY,2021,2022,64.76535433070866,66.12554999057431,-1.3601956598656528,1.3601956598656528,-2.1001902543760385
79002,NY,2021,2022,70.23841463414634,68.8382649968452,1.4001496373011406,1.4001496373011406,1.9934243171548738
79212,NY,2021,2022,60.07669491525424,60.83756159015148,-0.7608666748972439,0.7608666748972439,-1.2664922329208397
79218,NY,2021,2022,49.28842443729904,45.937918542583645,3.350505894715397,3.350505894715397,6.797754103456185
79224,NY,2021,2022,42.88914431673052,37.3557060367675,5.533438279963022,5.533438279963022,12.90172226123079
79230,NY,2021,2022,40.6645390070922,38.15050799214021,2.514031014951989,2.514031014951989,6.182366937723118
79236,NY,2021,2022,49.12715151515152,46.45899004037186,2.6681614747796587,2.6681614747796587,5.431134092838172
79242,NY,2021,2022,52.38193979933111,50.99234799837159,1.389591800959515,1.389591800959515,2.652807067250418
79248,NY,2021,2022,39.01449735449735,35.04711596870193,3.96738138579542,3.96738138579542,10.168992694553028
79254,NY,2021,2022,63.00327380952381,65.38096230877659,-2.377688499252777,2.377688499252777,-3.773912616733508
79260,NY,2021,2022,54.79392971246006,50.26155133100665,4.532378381453412,4.532378381453412,8.271679737587348
79266,NY,2021,2022,47.377672955974845,44.866378369011834,2.511294586963011,2.511294586963011,5.300586606050919
79272,NY,2021,2022,61.51069063386944,63.077641530152675,-1.5669508962832381,1.5669508962832381,-2.547444810220409
79284,NY,2021,2022,81.59232804232805,91.17929214959284,-9.58696410726479,9.58696410726479,-11.74983523241464
79290,NY,2021,2022,104.87754532775452,116.29232629108778,-11.414780963333257,11.414780963333257,-10.883913165264062
79314,NY,2021,2022,73.25724550898204,73.90479436108379,-0.6475488521017496,0.6475488521017496,-0.8839383020787397
79344,NY,2021,2022,84.77163461538461,96.65207296619056,-11.880438350805946,11.880438350805946,-14.014638746449096
79812,NY,2021,2022,52.15441176470589,53.27096847640936,-1.116556711703467,1.116556711703467,-2.1408672323653106
79818,NY,2021,2022,82.62727272727273,77.49141028200926,5.13586244526347,5.13586244526347,6.21569885552846
79824,NY,2021,2022,98.2945054945055,103.46312354451405,-5.168618050008547,5.168618050008547,-5.258298034062
79848,NY,2021,2022,61.40909090909091,66.08671462423989,-4.677623715148982,4.677623715148982,-7.617151867748158
79854,NY,2021,2022,62.07878787878788,64.44076493795399,-2.361977059166108,2.361977059166108,-3.8048053769638566
79860,NY,2021,2022,57.59310344827586,57.367409588041845,0.22569386023401705,0.22569386023401705,0.3918765385454733
79884,NY,2021,2022,53.76111111111111,60.162278722148656,-6.401167611037543,6.401167611037543,-11.906687712997394
79890,NY,2021,2022,61.955,65.18395038082073,-3.2289503808207343,3.2289503808207343,-5.2117672194669264
79896,NY,2021,2022,62.89293286219081,63.05193926616281,-0.1590064039720005,0.1590064039720005,-0.2528207808664461
79902,NY,2021,2022,61.12267441860465,61.58552156434013,-0.4628471457354735,0.4628471457354735,-0.757242954661341
79908,NY,2021,2022,62.666101694915255,62.996709978379215,-0.33060828346395965,0.33060828346395965,-0.527571166104282
79914,NY,2021,2022,54.80487804878049,51.99050250483878,2.8143755439417077,2.8143755439417077,5.135264677419227
79920,NY,2021,2022,59.69892473118279,70.81401667080738,-11.115091939624584,11.115091939624584,-18.618579798002276
79932,NY,2021,2022,70.23928571428571,71.0963919546574,-0.8571062403716923,0.8571062403716923,-1.220266168221253
79938,NY,2021,2022,90.79958592132505,100.8028529857447,-10.00326706441966,10.00326706441966,-11.01686418822127
79944,NY,2021,2022,62.88829787234042,64.70285379530841,-1.8145559229679975,1.8145559229679975,-2.885363389308835
79950,NY,2021,2022,62.5225,64.15328706315192,-1.6307870631519208,1.6307870631519208,-2.6083203057330095
79956,NY,2021,2022,110.13372549019608,129.31754698080246,-19.183821490606377,19.183821490606377,-17.418662090309557
79962,NY,2021,2022,58.43,61.26548055643253,-2.835480556432529,2.835480556432529,-4.852782057902668
79968,NY,2021,2022,81.34444444444445,82.60241493013457,-1.257970485690123,1.257970485690123,-1.546473756482872
79974,NY,2021,2022,53.97375,55.56159089344805,-1.5878408934480461,1.5878408934480461,-2.941876177675344
79986,NY,2021,2022,85.37142857142857,116.86435423094643,-31.492925659517866,31.492925659517866,-36.88930381804302
79992,NY,2021,2022,63.06140350877193,59.9582523330917,3.1031511756802317,3.1031511756802317,4.920840645813693
80004,NY,2021,2022,59.35344827586207,64.11616397606072,-4.7627157001986475,4.7627157001986475,-8.02432855806889
80010,NY,2021,2022,66.71449275362319,70.53707278355104,-3.822580029927849,3.822580029927849,-5.729759565203692
80022,NY,2021,2022,103.24,124.72978264335678,-21.48978264335679,21.48978264335679,-20.815364823088718
80028,NY,2021,2022,61.58688524590164,67.32542647626119,-5.738541230359544,5.738541230359544,-9.317797461987123
80034,NY,2021,2022,54.38560885608856,56.62712020199102,-2.2415113459024596,2.2415113459024596,-4.1215155866578455
80040,NY,2021,2022,65.3495890410959,69.66132106857222,-4.3117320274763244,4.3117320274763244,-6.597948190255394
80058,NY,2021,2022,65.78441558441558,70.86510932517415,-5.080693740758562,5.080693740758562,-7.723248273352732
80076,NY,2021,2022,98.40855614973262,113.7013198626755,-15.292763712942886,15.292763712942886,-15.540075285399293
80088,NY,2021,2022,66.67777777777778,66.42453648857261,0.25324128920516387,0.25324128920516387,0.3797986340354066
80100,NY,2021,2022,57.966062176165806,57.51117242057596,0.45488975558984635,0.45488975558984635,0.7847518677521717
80124,NY,2021,2022,78.06463414634146,86.65934768425976,-8.594713537918295,8.594713537918295,-11.009740366945781
80130,NY,2021,2022,64.0025,65.39999984341658,-1.3974998434165826,1.3974998434165826,-2.1835082120488774
80142,NY,2021,2022,58.32099567099567,56.86062484438587,1.4603708266098039,1.4603708266098039,2.5040224533342093
80160,NY,2021,2022,72.93181818181819,71.90874734376067,1.0230708380575209,1.0230708380575209,1.4027770917585203
80166,NY,2021,2022,55.729032258064514,61.24355598243179,-5.5145237243672796,5.5145237243672796,-9.895244006447422
80178,NY,2021,2022,71.5029702970297,76.00552743557253,-4.5025571385428265,4.5025571385428265,-6.29702111651978
80190,NY,2021,2022,62.76864864864865,67.22257585655771,-4.453927207909061,4.453927207909061,-7.095783171691637
80202,NY,2021,2022,67.1755376344086,69.66483793481633,-2.4893003004077343,2.4893003004077343,-3.7056648715717415
80208,NY,2021,2022,55.01698113207547,56.866170076432695,-1.8491889443572234,1.8491889443572234,-3.361123977191702
80412,NY,2021,2022,60.74032258064516,62.05793236231412,-1.3176097816689563,1.3176097816689563,-2.1692505500272254
80418,NY,2021,2022,79.4980079681275,88.1693055356313,-8.6712975675038,8.6712975675038,-10.907565848669206
80436,NY,2021,2022,56.288,55.8573513417355,0.43064865826449505,0.43064865826449505,0.7650807601344782
80442,NY,2021,2022,58.0068085106383,56.56192564461436,1.4448828660239386,1.4448828660239386,2.490884954925508
80448,NY,2021,2022,60.79464285714285,62.3305101843364,-1.5358673271935501,1.5358673271935501,-2.5263201739708863
80454,NY,2021,2022,60.2712962962963,58.88112897124304,1.3901673250532625,1.3901673250532625,2.306516385874861
80466,NY,2021,2022,54.02928571428571,55.91691846035113,-1.8876327460654139,1.8876327460654139,-3.493721453301225
80478,NY,2021,2022,110.9839378238342,124.22585876925686,-13.241920945422663,13.241920945422663,-11.931385031986956
80496,NY,2021,2022,68.32871287128712,66.21614948728073,2.1125633840063927,2.1125633840063927,3.091765226114961
80502,NY,2021,2022,55.02285714285714,53.92699007805401,1.0958670648031301,1.0958670648031301,1.9916578703972145
80520,NY,2021,2022,90.8129411764706,88.50851021862418,2.304430957846421,2.304430957846421,2.5375578942745363
80526,NY,2021,2022,71.72692307692307,66.85180978703197,4.875113289891104,4.875113289891104,6.79676902446076
80544,NY,2021,2022,66.87410714285714,70.63282231159155,-3.758715168734412,3.758715168734412,-5.620583704699049
80550,NY,2021,2022,59.92386363636364,60.300915117923445,-0.3770514815598034,0.3770514815598034,-0.6292175749011567
80568,NY,2021,2022,61.915,67.90475009250483,-5.989750092504828,5.989750092504828,-9.674150193821896
80586,NY,2021,2022,70.5,76.25821248278947,-5.7582124827894745,5.7582124827894745,-8.167677280552446
80598,NY,2021,2022,50.425,47.83186109125524,2.5931389087447556,2.5931389087447556,5.142566006434816
80622,NY,2021,2022,57.91111111111111,64.42214447084002,-6.511033359728913,6.511033359728913,-11.243150467682312
80628,NY,2021,2022,73.46976744186047,78.27592996303159,-4.806162521171117,4.806162521171117,-6.541687402201761
80634,NY,2021,2022,61.40057471264368,65.61524493870887,-4.214670226065188,4.214670226065188,-6.8642195057456
80640,NY,2021,2022,62.190402647545504,63.99034424495228,-1.7999415974067787,1.7999415974067787,-2.8942433571425314
80646,NY,2021,2022,66.95625,56.514877225372274,10.441372774627723,10.441372774627723,15.594321328670175
80700,NY,2021,2022,56.63636363636363,72.72098843238507,-16.084624796021437,16.084624796021437,-28.39981906199612
80712,NY,2021,2022,55.25106382978724,55.43491336204948,-0.18384953226223644,0.18384953226223644,-0.33275292730765216
80724,NY,2021,2022,59.065714285714286,60.77362775103864,-1.7079134653243528,1.7079134653243528,-2.8915479749602064
80736,NY,2021,2022,79.9774358974359,82.45911257693517,-2.481676679499273,2.481676679499273,-3.1029710463358784
80754,NY,2021,2022,66.32842105263158,71.2719776584202,-4.943556605788615,4.943556605788615,-7.453149837331276
80760,NY,2021,2022,60.209,57.60884660237763,2.600153397622371,2.600153397622371,4.318546060592887
80766,NY,2021,2022,75.28354430379747,77.75007059672419,-2.4665262929267158,2.4665262929267158,-3.276315316629293
80784,NY,2021,2022,52.702,50.75202159412942,1.9499784058705814,1.9499784058705814,3.7000083599684666
80808,NY,2021,2022,69.09583333333333,85.39929049380052,-16.30345716046719,16.30345716046719,-23.595427356401892
80814,NY,2021,2022,74.3475,70.97079980718277,3.376700192817225,3.376700192817225,4.541780413352466
80820,NY,2021,2022,54.121428571428574,62.659064584061404,-8.53763601263283,8.53763601263283,-15.774964257207289
80826,NY,2021,2022,56.45572519083969,57.79806695278428,-1.3423417619445885,1.3423417619445885,-2.377689344007208
80838,NY,2021,2022,63.40571428571429,63.2672182444118,0.1384960413024885,0.1384960413024885,0.218428327576924
80856,NY,2021,2022,69.87307692307692,71.61962695718836,-1.7465500341114364,1.7465500341114364,-2.499603725815894
80862,NY,2021,2022,67.51896551724138,65.70408201861281,1.814883498628575,1.814883498628575,2.6879610561644833
80868,NY,2021,2022,66.72913907284769,69.87245736445382,-3.1433182916061355,3.1433182916061355,-4.71056323411366
80880,NY,2021,2022,63.464516129032255,62.09207376854523,1.3724423604870282,1.3724423604870282,2.1625349789111454
80898,NY,2021,2022,52.98571428571429,65.29310810851561,-12.307393822801323,12.307393822801323,-23.227758630253238
80910,NY,2021,2022,59.68627450980392,59.65544149415061,0.030833015653314533,0.030833015653314533,0.05165846906435746
80916,NY,2021,2022,64.95384615384616,71.19221385140298,-6.238367697556825,6.238367697556825,-9.60430839273315
80928,NY,2021,2022,54.13333333333333,64.63119995691731,-10.497866623583981,10.497866623583981,-19.392610757852182
80934,NY,2021,2022,62.99666666666667,65.59710844909301,-2.600441782426344,2.600441782426344,-4.127903776537929
80940,NY,2021,2022,68.65970149253731,68.45753333651841,0.20216815601889948,0.20216815601889948,0.2944495120487428
80946,NY,2021,2022,65.71104294478528,76.72256020538006,-11.011517260594786,11.011517260594786,-16.75748362394337
80952,NY,2021,2022,82.37246621621621,85.58035451350257,-3.2078882972863596,3.2078882972863596,-3.894369617228773
80958,NY,2021,2022,54.70823529411765,54.19632272756556,0.5119125665520912,0.5119125665520912,0.9357139081529343
80964,NY,2021,2022,63.43333333333333,70.46188705336463,-7.028553720031304,7.028553720031304,-11.080221313764538
80970,NY,2021,2022,59.203,57.4695562233906,1.7334437766094055,1.7334437766094055,2.9279661108548645
81006,NY,2021,2022,50.99779792746114,46.95583799016779,4.041959937293356,4.041959937293356,7.925753859103107
81012,NY,2021,2022,54.31852367688023,52.492913719355734,1.8256099575244988,1.8256099575244988,3.360934417850423
81606,NY,2021,2022,60.33041561712847,62.291516704235555,-1.9611010871070818,1.9611010871070818,-3.2506009896446053
81618,NY,2021,2022,51.42063953488372,44.39727465204283,7.0233648828408874,7.0233648828408874,13.65864941853989
81630,NY,2021,2022,69.2635,69.35096948656118,-0.08746948656119002,0.08746948656119002,-0.12628510912845878
81636,NY,2021,2022,65.7,68.8696579282136,-3.1696579282135957,3.1696579282135957,-4.82444129104048
81642,NY,2021,2022,70.23052631578948,75.53126474061874,-5.300738424829262,5.300738424829262,-7.547627367897899
81648,NY,2021,2022,58.22857142857143,56.03515016254703,2.1934212660243944,2.1934212660243944,3.766915815056614
81672,NY,2021,2022,62.63333333333333,64.05171331447913,-1.4183799811457973,1.4183799811457973,-2.264576872505265
81678,NY,2021,2022,60.461467889908256,64.95343544452226,-4.491967554614,4.491967554614,-7.429471548380589
81684,NY,2021,2022,47.00833333333333,52.383894388697634,-5.375561055364301,5.375561055364301,-11.435336405667721
81696,NY,2021,2022,47.73783783783784,42.764400310781475,4.973437527056362,4.973437527056362,10.418229547703413
81702,NY,2021,2022,73.31546666666667,78.90843065152106,-5.592963984854393,5.592963984854393,-7.628627681363813
81708,NY,2021,2022,71.75454545454545,83.05218923985464,-11.297643785309191,11.297643785309191,-15.744847540656417
81714,NY,2021,2022,60.62412993039443,59.05931310229039,1.5648168281040427,1.5648168281040427,2.5811782039605125
81720,NY,2021,2022,61.61521739130435,62.413318614674864,-0.7981012233705158,0.7981012233705158,-1.2952988842057553
81726,NY,2021,2022,61.416,66.56115662933243,-5.145156629332433,5.145156629332433,-8.377550848854424
81732,NY,2021,2022,71.78691588785047,80.4852415909389,-8.698325703088429,8.698325703088429,-12.116867810113808
81744,NY,2021,2022,78.56507177033492,86.85217121253672,-8.287099442201793,8.287099442201793,-10.54807086083626
81750,NY,2021,2022,74.58478260869565,78.09328966193077,-3.508507053235121,3.508507053235121,-4.704052127687067
81756,NY,2021,2022,67.53333333333333,70.06312377225306,-2.5297904389197328,2.5297904389197328,-3.745987816761697
81780,NY,2021,2022,57.39818181818182,62.316288906214744,-4.918107088032926,4.918107088032926,-8.568402225024895
81804,NY,2021,2022,70.09086021505377,73.95444777924982,-3.8635875641960524,3.8635875641960524,-5.512255880926184
81810,NY,2021,2022,52.45111111111111,55.840907793944474,-3.3897966828333637,3.3897966828333637,-6.462773830763097
81816,NY,2021,2022,50.23571428571429,68.01467007885518,-17.778955793140888,17.778955793140888,-35.39106798008992
81822,NY,2021,2022,50.00327102803738,43.88279850140704,6.120472526630344,6.120472526630344,12.240144296157201
81828,NY,2021,2022,46.694117647058825,45.4923238314722,1.2017938155866261,1.2017938155866261,2.5737584863911116
81840,NY,2021,2022,120.99565217391304,137.4243668640845,-16.42871469017146,16.42871469017146,-13.577938045705688
81852,NY,2021,2022,60.36342182890856,62.56262687396294,-2.1992050450543843,2.1992050450543843,-3.643274318158628
81876,NY,2021,2022,62.42258064516129,63.470643263474074,-1.048062618312784,1.048062618312784,-1.67897995802265
81888,NY,2021,2022,63.52574257425743,68.26330655096767,-4.737563976710241,4.737563976710241,-7.457707355679219
81900,NY,2021,2022,77.99508196721311,87.4804748231382,-9.485392855925085,9.485392855925085,-12.161526876672134
81912,NY,2021,2022,56.22682926829268,60.07906297204392,-3.8522337037512386,3.8522337037512386,-6.851237663375734
81924,NY,2021,2022,62.58795180722892,66.36213957212465,-3.7741877648957285,3.7741877648957285,-6.030214531576681
81930,NY,2021,2022,47.32201257861635,45.4500107931333,1.8720017854830502,1.8720017854830502,3.9558794807661277
81936,NY,2021,2022,58.4775,60.45173628283157,-1.9742362828315692,1.9742362828315692,-3.376061361774305
81948,NY,2021,2022,63.90571428571429,68.2568140411398,-4.3510997554255155,4.3510997554255155,-6.808623929891941
81954,NY,2021,2022,60.796,65.60737784139761,-4.811377841397608,4.811377841397608,-7.91397105302587
81960,NY,2021,2022,58.54337349397591,62.441027312079605,-3.8976538181036915,3.8976538181036915,-6.65771988439436
81966,NY,2021,2022,68.28507462686566,68.72902965397205,-0.4439550271063837,0.4439550271063837,-0.6501494353375382
81972,NY,2021,2022,60.27136690647482,62.168529443549595,-1.8971625370747773,1.8971625370747773,-3.147701196189346
81984,NY,2021,2022,70.8695652173913,86.85258677502013,-15.983021557628831,15.983021557628831,-22.55272980524314
81990,NY,2021,2022,57.060526315789474,55.39824778230258,1.6622785334868908,1.6622785334868908,2.9131847194807845
82002,NY,2021,2022,57.84347826086957,57.87751374751721,-0.034035486647645996,0.034035486647645996,-0.05884066392783057
82008,NY,2021,2022,61.706896551724135,69.5619840479952,-7.855087496271061,7.855087496271061,-12.729675182557182
82014,NY,2021,2022,65.51252059308072,69.84381089047642,-4.331290297395697,4.331290297395697,-6.611393147729316
82020,NY,2021,2022,48.06428571428572,61.70968328156729,-13.64539756728157,13.64539756728157,-28.389889425165993
82032,NY,2021,2022,62.02857142857143,75.54598110129473,-13.517409672723296,13.517409672723296,-21.792231162842715
82038,NY,2021,2022,56.15102040816326,55.50578633846912,0.6452340696941405,0.6452340696941405,1.1491047981032525
82056,NY,2021,2022,70.74698795180723,75.13381060372281,-4.38682265191558,4.38682265191558,-6.200720029104106
82074,NY,2021,2022,63.62823529411765,66.70189817444583,-3.073662880328179,3.073662880328179,-4.8306586943993635
82080,NY,2021,2022,58.388636363636365,58.68380575918354,-0.2951693955471768,0.2951693955471768,-0.5055254137276003
82086,NY,2021,2022,51.93157894736842,51.57019555266087,0.361383394707552,0.361383394707552,0.6958837031968671
82092,NY,2021,2022,66.08780487804879,70.88667068679516,-4.7988658087463705,4.7988658087463705,-7.261348470571345
82104,NY,2021,2022,64.09777777777778,62.67852928715889,1.419248490618891,1.419248490618891,2.214192971774029
82110,NY,2021,2022,84.27394957983194,89.85429827065208,-5.580348690820145,5.580348690820145,-6.621676946010383
82122,NY,2021,2022,64.25,70.47081346571554,-6.220813465715537,6.220813465715537,-9.682199946638969
82140,NY,2021,2022,60.23030303030303,62.5306534727205,-2.300350442417475,2.300350442417475,-3.8192576272779575
82146,NY,2021,2022,62.68382352941177,64.35872114683309,-1.6748976174213226,1.6748976174213226,-2.671977430724925
82158,NY,2021,2022,76.08620689655173,97.73857809977534,-21.65237120322361,21.65237120322361,-28.457682524064566
82164,NY,2021,2022,73.60375,83.55765907671275,-9.953909076712748,9.953909076712748,-13.523643940305687
82182,NY,2021,2022,58.73367346938775,64.12496096904252,-5.391287499654766,5.391287499654766,-9.179210461720444
82380,NY,2021,2022,57.83884297520661,61.941845413044284,-4.103002437837674,4.103002437837674,-7.093852896740138
82386,NY,2021,2022,103.2375,125.00162682684237,-21.76412682684237,21.76412682684237,-21.081609712403313
82392,NY,2021,2022,83.34688346883469,92.53011632882419,-9.183232859989502,9.183232859989502,-11.018087872983665
82398,NY,2021,2022,60.25066666666667,66.62440294044761,-6.373736273780942,6.373736273780942,-10.578698338797262
82404,NY,2021,2022,58.87857142857143,58.64709102044843,0.23148040812300508,0.23148040812300508,0.3931488188429056
82416,NY,2021,2022,60.72727272727273,63.90569827640438,-3.178425549131653,3.178425549131653,-5.233934287492243
82434,NY,2021,2022,65.91282051282052,65.60382680442548,0.30899370839503604,0.30899370839503604,0.46879151277547676
82440,NY,2021,2022,84.06428571428572,123.61780125363447,-39.55351553934875,39.55351553934875,-47.051509690787874
82458,NY,2021,2022,61.43035714285714,64.16006115158646,-2.729704008729321,2.729704008729321,-4.443575026564401
82464,NY,2021,2022,65.006,61.237156478518386,3.768843521481614,3.768843521481614,5.797685631298055
82476,NY,2021,2022,64.52661290322581,72.05536177665785,-7.528748873432036,7.528748873432036,-11.667664758296432
82488,NY,2021,2022,67.62647058823529,66.6740615197513,0.9524090684839877,0.9524090684839877,1.4083376822709337
82500,NY,2021,2022,57.4531914893617,59.010960946925536,-1.5577694575638361,1.5577694575638361,-2.7113714959634225
82506,NY,2021,2022,52.654545454545456,58.38462277586006,-5.730077321314603,5.730077321314603,-10.882398227634777
82512,NY,2021,2022,76.72972972972973,74.95645604412454,1.77327368560519,1.77327368560519,2.3110646835995787
82518,NY,2021,2022,75.18923076923078,80.80203050114038,-5.612799731909604,5.612799731909604,-7.464898462834781
82524,NY,2021,2022,59.27301587301587,62.9419028506952,-3.6688869776793283,3.6688869776793283,-6.189809854689028
82530,NY,2021,2022,57.56,61.03009788830995,-3.470097888309951,3.470097888309951,-6.02866207142104
82536,NY,2021,2022,54.266666666666666,63.45855440995336,-9.191887743286692,9.191887743286692,-16.93836807730963
82542,NY,2021,2022,76.46346153846154,71.63084068526071,4.832620853200837,4.832620853200837,6.320170125661917
82560,NY,2021,2022,70.27891221374045,76.43506481116007,-6.15615259741962,6.15615259741962,-8.75960142737669
82650,NY,2021,2022,70.09220779220779,74.28770573434863,-4.195497942140847,4.195497942140847,-5.985683821771789
82656,NY,2021,2022,64.35666666666667,75.72482394384772,-11.368157277181055,11.368157277181055,-17.664304051143713
82662,NY,2021,2022,55.089473684210525,51.259444300488155,3.830029383722369,3.830029383722369,6.9523796972126695
82668,NY,2021,2022,66.03618677042802,69.63926628390126,-3.603079513473247,3.603079513473247,-5.456219823835679
82680,NY,2021,2022,65.175,72.35719300256194,-7.182193002561945,7.182193002561945,-11.019858845511232
82692,NY,2021,2022,62.263636363636365,73.01331046757426,-10.749674103937892,10.749674103937892,-17.264770790380613
82698,NY,2021,2022,58.80654205607477,65.81120293073838,-7.004660874663607,7.004660874663607,-11.911363310538372
82716,NY,2021,2022,75.4,76.86509764753285,-1.4650976475328434,1.4650976475328434,-1.9431003282928956
82722,NY,2021,2022,55.08707482993197,59.60911976339952,-4.522044933467548,4.522044933467548,-8.208903717302595
82728,NY,2021,2022,73.75952380952381,69.4604246132563,4.29909919626752,4.29909919626752,5.8285343698387875
82740,NY,2021,2022,56.05774818401937,56.671075761043255,-0.6133275770238882,0.6133275770238882,-1.094099561421078
82770,NY,2021,2022,61.0374269005848,61.80612172316355,-0.7686948225787518,0.7686948225787518,-1.259382745328976
82776,NY,2021,2022,60.58518518518518,65.85750446330545,-5.272319278120264,5.272319278120264,-8.70232427614911
82782,NY,2021,2022,56.99891304347826,55.409346666275376,1.5895663772028854,1.5895663772028854,2.7887661225932123
82806,NY,2021,2022,54.3811320754717,56.04686831996211,-1.665736244490411,1.665736244490411,-3.06307754347345
82812,NY,2021,2022,65.5609756097561,67.96538450152325,-2.4044088917671473,2.4044088917671473,-3.667439157829354
82818,NY,2021,2022,62.29945652173913,62.462104907292286,-0.16264838555315464,0.16264838555315464,-0.2610751275115846
82824,NY,2021,2022,60.333333333333336,83.62251368885116,-23.28918035551782,23.28918035551782,-38.60085141798534
82842,NY,2021,2022,66.54333333333334,67.80768435778435,-1.2643510244510168,1.2643510244510168,-1.9000416136617995
82848,NY,2021,2022,64.06923076923077,66.63007373219807,-2.5608429629672997,2.5608429629672997,-3.996993458827578
82854,NY,2021,2022,58.224657534246575,58.31178306295401,-0.08712552870743195,0.08712552870743195,-0.14963682466691447
82860,NY,2021,2022,62.70740740740741,65.382534390464,-2.675126983056593,2.675126983056593,-4.2660462195102475
82866,NY,2021,2022,67.07225130890052,67.50065866769204,-0.42840735879151737,0.42840735879151737,-0.6387251813249745
82872,NY,2021,2022,59.94791666666666,59.91595430779497,0.03196235887168797,0.03196235887168797,0.05331688013348472
82878,NY,2021,2022,60.38461538461539,58.95703816638737,1.4275772182280164,1.4275772182280164,2.364140616173785
82890,NY,2021,2022,62.98079584775086,62.67276128050691,0.3080345672439506,0.3080345672439506,0.4890928466331075
82920,NY,2021,2022,65.16731266149871,68.74820057882695,-3.5808879173282406,3.5808879173282406,-5.494914200204319
82950,NY,2021,2022,61.14901960784314,64.07357976659452,-2.924560158751383,2.924560158751383,-4.7826771017867165
82962,NY,2021,2022,74.64564393939393,81.85935338425834,-7.213709444864406,7.213709444864406,-9.663938930878993
82980,NY,2021,2022,59.569,63.8741808004977,-4.305180800497695,4.305180800497695,-7.227216841809825
82992,NY,2021,2022,50.652,55.01437491331145,-4.362374913311449,4.362374913311449,-8.612443562567023
82998,NY,2021,2022,66.18172043010753,69.1241439228569,-2.94242349274937,2.94242349274937,-4.445976130005222
83010,NY,2021,2022,57.84032258064517,59.64413048965581,-1.8038079090106365,1.8038079090106365,-3.1185993240193928
83028,NY,2021,2022,54.33777777777778,57.073303010103054,-2.735525232325273,2.735525232325273,-5.0342972130965675
83034,NY,2021,2022,60.596875,71.2005393339995,-10.603664333999504,10.603664333999504,-17.498698297559905
83046,NY,2021,2022,61.40526315789474,70.67295458670239,-9.267691428807652,9.267691428807652,-15.092666250736725
83052,NY,2021,2022,57.92857142857143,66.23113261584648,-8.302561187275046,8.302561187275046,-14.33241142069675
83058,NY,2021,2022,58.482278481012656,65.03944919520693,-6.557170714194271,6.557170714194271,-11.21223537199081
83064,NY,2021,2022,56.406451612903226,52.4484784247369,3.957973188166328,3.957973188166328,7.016880294701829
83076,NY,2021,2022,67.48666666666666,68.53938295878663,-1.0527162921199675,1.0527162921199675,-1.559887818018326
83094,NY,2021,2022,63.12660098522168,68.66942538668502,-5.542824401463342,5.542824401463342,-8.780489231094434
83100,NY,2021,2022,99.91340615690169,112.23570467226004,-12.322298515358355,12.322298515358355,-12.332978115076674
83136,NY,2021,2022,58.98996282527881,65.75231841608296,-6.762355590804148,6.762355590804148,-11.463569846337137
83166,NY,2021,2022,79.59666666666666,69.11461307421146,10.482053592455202,10.482053592455202,13.16896049975527
83172,NY,2021,2022,61.728729281767954,61.19867600801128,0.5300532737566712,0.5300532737566712,0.8586816542702207
83178,NY,2021,2022,48.60952380952381,54.26645582327372,-5.656932013749916,5.656932013749916,-11.637497285339759
83184,NY,2021,2022,54.08627450980392,54.3405123772342,-0.25423786743027676,0.25423786743027676,-0.4700598622007003
83190,NY,2021,2022,63.21818181818182,66.51664902748301,-3.2984672093011937,3.2984672093011937,-5.217592652043878
83406,NY,2021,2022,64.82152199762187,73.46639023589586,-8.644868238273986,8.644868238273986,-13.336416628093279
83418,NY,2021,2022,75.84752116082225,79.01906194519117,-3.171540784368915,3.171540784368915,-4.181469263371419
83424,NY,2021,2022,55.482968369829685,59.20199393394109,-3.719025564111405,3.719025564111405,-6.703003954874416
83430,NY,2021,2022,64.36187322611164,63.12454673718156,1.23732648893008,1.23732648893008,1.9224525746526844
84006,NY,2021,2022,77.02331932773109,78.45996196629493,-1.4366426385638391,1.4366426385638391,-1.8652047861648018
84024,NY,2021,2022,75.32927272727272,77.9320856875376,-2.6028129602648704,2.6028129602648704,-3.455247695923301
84030,NY,2021,2022,66.41,63.7600754313977,2.6499245686022945,2.6499245686022945,3.9902493127575585
84036,NY,2021,2022,68.78351409978308,70.58494680657418,-1.801432706791104,1.801432706791104,-2.618989056269786
84048,NY,2021,2022,59.04683544303798,57.77954925057079,1.2672861924671892,1.2672861924671892,2.1462389693851254
84054,NY,2021,2022,67.05094339622642,64.56734994704352,2.483593449182891,2.483593449182891,3.7040395308183927
84066,NY,2021,2022,66.46428571428571,67.88922134879238,-1.4249356345066673,1.4249356345066673,-2.143911755302885
84072,NY,2021,2022,60.263063063063065,66.24955327160762,-5.986490208544559,5.986490208544559,-9.93392951546442
84078,NY,2021,2022,61.05866666666667,56.55900495285298,4.499661713813687,4.499661713813687,7.369407095602623
84120,NY,2021,2022,62.73540433925049,60.72510548522682,2.0102988540236737,2.0102988540236737,3.204408858437734
84144,NY,2021,2022,65.65342465753425,69.27206597218881,-3.6186413146545675,3.6186413146545675,-5.51173275960906
84150,NY,2021,2022,82.27283950617284,88.46795665308446,-6.195117146911613,6.195117146911613,-7.529966370550271
84156,NY,2021,2022,86.24888888888889,97.09959659256144,-10.850707703672555,10.850707703672555,-12.580692741040528
84168,NY,2021,2022,83.12307692307692,91.15124834347505,-8.028171420398124,8.028171420398124,-9.658174020467852
84180,NY,2021,2022,62.12533333333333,64.32094269650638,-2.1956093631730482,2.1956093631730482,-3.534161098810547
84186,NY,2021,2022,156.86735849056603,196.95506959267607,-40.087711102110035,40.087711102110035,-25.555164240571376
84192,NY,2021,2022,143.9224358974359,164.13762679926185,-20.215190901825963,20.215190901825963,-14.045892689192677
84198,NY,2021,2022,90.2219512195122,93.6997757356736,-3.477824516161391,3.477824516161391,-3.8547431851698253
84204,NY,2021,2022,61.77386363636364,64.74321921467845,-2.9693555783148042,2.9693555783148042,-4.806815380359131
84216,NY,2021,2022,71.70970464135021,73.21271940752787,-1.5030147661776567,1.5030147661776567,-2.0959712129548618
84222,NY,2021,2022,80.7813559322034,93.55674998713566,-12.775394054932264,12.775394054932264,-15.814780412517646
84240,NY,2021,2022,74.22844036697248,72.2398100340256,1.988630332946883,1.988630332946883,2.679067919405879
84252,NY,2021,2022,55.23063583815029,50.61050092036072,4.620134917789571,4.620134917789571,8.36516699052419
84258,NY,2021,2022,62.8852140077821,64.87366384883288,-1.9884498410507732,1.9884498410507732,-3.1620308087123643
84282,NY,2021,2022,72.98157894736842,80.96755345190842,-7.985974504539996,7.985974504539996,-10.942452355407632
84288,NY,2021,2022,49.99513343799058,47.9430737749047,2.0520596630858847,2.0520596630858847,4.104518824079293
84306,NY,2021,2022,132.80586046511627,152.11609071139284,-19.310230246276575,19.310230246276575,-14.540194369922958
84312,NY,2021,2022,114.13740458015268,163.5377538192722,-49.400349239119535,49.400349239119535,-43.28147238044849
84324,NY,2021,2022,66.41612903225807,68.88640197179635,-2.470272939538276,2.470272939538276,-3.7193871060122667
84330,NY,2021,2022,73.99444444444444,81.34013680421292,-7.345692359768478,7.345692359768478,-9.927356594026024
84342,NY,2021,2022,82.08522167487685,86.80526067834138,-4.720039003464535,4.720039003464535,-5.750169040365958
84348,NY,2021,2022,73.62264150943396,68.2354410058454,5.387200503588559,5.387200503588559,7.317314881860422
84354,NY,2021,2022,110.15358565737051,124.3661253211668,-14.212539663796292,14.212539663796292,-12.902475737833882
84360,NY,2021,2022,50.18571428571428,59.12172441253154,-8.936010126817258,8.936010126817258,-17.805884112644694
84372,NY,2021,2022,64.85562913907285,65.29867764392147,-0.443048504848619,0.443048504848619,-0.6831303785498251
84378,NY,2021,2022,66.84203454894434,71.23346688384159,-4.391432334897246,4.391432334897246,-6.5698663491184845
84390,NY,2021,2022,59.764102564102565,60.93405120328019,-1.1699486391776261,1.1699486391776261,-1.9576109888419175
84396,NY,2021,2022,59.5531914893617,67.21921154296987,-7.666020053608172,7.666020053608172,-12.87255957554784
84402,NY,2021,2022,67.3407114624506,69.28099136548676,-1.9402799030361564,1.9402799030361564,-2.881288095861688
84408,NY,2021,2022,103.24230769230768,116.34840990484697,-13.106102212539298,13.106102212539298,-12.69450722817948
84414,NY,2021,2022,72.12093023255814,80.01651791158858,-7.895587679030442,7.895587679030442,-10.947706378121662
84420,NY,2021,2022,57.26491228070176,60.32694261352625,-3.0620303328244916,3.0620303328244916,-5.347131796544101
84432,NY,2021,2022,99.0920704845815,111.93208316655495,-12.840012681973448,12.840012681973448,-12.957659093389642
84450,NY,2021,2022,83.86773916773917,87.76312972323517,-3.895390555495993,3.895390555495993,-4.644682918786018
84480,NY,2021,2022,79.28018867924528,79.95716936233838,-0.6769806830930918,0.6769806830930918,-0.8539090211200748
84486,NY,2021,2022,64.34117647058824,72.33590608232859,-7.994729611740354,7.994729611740354,-12.425526001059243
84492,NY,2021,2022,68.324,64.16773595703526,4.156264042964736,4.156264042964736,6.083168495645361
84510,NY,2021,2022,92.71576354679804,102.20667224429371,-9.49090869749567,9.49090869749567,-10.23656424153284
84516,NY,2021,2022,89.00862068965517,91.47970200778003,-2.4710813181248596,2.4710813181248596,-2.77622695305069
84546,NY,2021,2022,60.49310344827586,56.58064198360301,3.9124614646728517,3.9124614646728517,6.467615714274223
84552,NY,2021,2022,91.87389830508477,110.62224809161796,-18.748349786533197,18.748349786533197,-20.406611815116122
84564,NY,2021,2022,66.98856132075471,69.07516800693159,-2.0866066861768786,2.0866066861768786,-3.1148701286265665
84588,NY,2021,2022,59.040277777777774,62.74846206860316,-3.708184290825386,3.708184290825386,-6.280770400137096
84606,NY,2021,2022,58.505,59.63081537699079,-1.1258153769907864,1.1258153769907864,-1.9243062592783289
84612,NY,2021,2022,84.58253968253969,101.68749058232362,-17.10495089978393,17.10495089978393,-20.222791800746663
84618,NY,2021,2022,59.37540983606557,57.60019580041809,1.7752140356474797,1.7752140356474797,2.9898135281066915
84630,NY,2021,2022,62.3125,65.7477514840459,-3.4352514840459065,3.4352514840459065,-5.5129411980676535
84648,NY,2021,2022,66.97921146953405,71.96357612899959,-4.984364659465541,4.984364659465541,-7.441659210533873
84666,NY,2021,2022,74.63157894736842,70.84117960239972,3.790399344968705,3.790399344968705,5.078814355035641
84678,NY,2021,2022,70.24054054054054,70.8798034262161,-0.6392628856755636,0.6392628856755636,-0.9101053049365444
84720,NY,2021,2022,71.30894736842106,74.93644384164944,-3.6274964732283763,3.6274964732283763,-5.087014473074106
84750,NY,2021,2022,66.28402366863905,60.30655381205192,5.977469856587135,5.977469856587135,9.017964700617977
84762,NY,2021,2022,122.79908536585366,144.41060775699563,-21.611522391141975,21.611522391141975,-17.599090682764498
84774,NY,2021,2022,61.959016393442624,61.9757597109454,-0.01674331750277247,0.01674331750277247,-0.02702321385551318
84786,NY,2021,2022,73.374609375,78.33481233444847,-4.960202959448466,4.960202959448466,-6.760108165071189
84792,NY,2021,2022,69.41879194630873,70.19235712892231,-0.7735651826135808,0.7735651826135808,-1.1143454977031104
84804,NY,2021,2022,59.81333333333333,63.39045582795674,-3.57712249462341,3.57712249462341,-5.98047675204538
84816,NY,2021,2022,61.660262008733625,60.74131998562494,0.9189420231086842,0.9189420231086842,1.4903310384547575
84828,NY,2021,2022,55.44320987654321,56.69137284513212,-1.2481629685889146,1.2481629685889146,-2.2512458628716314
84834,NY,2021,2022,96.49237288135592,97.26963472785536,-0.7772618464994423,0.7772618464994423,-0.8055163566711534
84846,NY,2021,2022,77.27798408488064,75.45939389533658,1.818590189544068,1.818590189544068,2.3533095629753533
84858,NY,2021,2022,73.81538461538462,71.01293381706958,2.8024507983150357,2.8024507983150357,3.7965673591179097
84870,NY,2021,2022,71.12987012987013,71.48901812549448,-0.3591479956243546,0.3591479956243546,-0.504918671956825
84900,NY,2021,2022,62.20859665427509,64.96038682096253,-2.751790166687435,2.751790166687435,-4.423488576636019
85002,NY,2021,2022,70.46575342465754,71.0783482946832,-0.61259487002566,0.61259487002566,-0.8693511957984676
85020,NY,2021,2022,106.87235772357724,99.72254960269088,7.149808120886362,7.149808120886362,6.690044341848589
85026,NY,2021,2022,63.86,65.86880858241992,-2.008808582419917,2.008808582419917,-3.1456445073910375
85032,NY,2021,2022,80.16282051282052,78.98529006383255,1.1775304489879659,1.1775304489879659,1.468923425417201
85044,NY,2021,2022,102.42150170648463,108.29722995900548,-5.875728252520844,5.875728252520844,-5.736811269726611
85206,NY,2021,2022,50.16523605150215,46.11519494666432,4.050041104837831,4.050041104837831,8.073401868736061
85212,NY,2021,2022,235.52033898305083,233.4176369542762,2.102702028774644,2.102702028774644,0.8927899976086414
85218,NY,2021,2022,79.22897196261682,69.77442717737665,9.454544785240174,9.454544785240174,11.93319129484752
85224,NY,2021,2022,42.98051575931232,38.217937669902085,4.762578089410233,4.762578089410233,11.080783944241887
85236,NY,2021,2022,43.41474703982777,42.42833962009494,0.986407419732835,0.986407419732835,2.2720561260622474
85242,NY,2021,2022,37.022532402791626,33.07200162142592,3.950530781365707,3.950530781365707,10.670611989437608
85248,NY,2021,2022,36.26903553299493,31.419079608452577,4.84995592454235,4.84995592454235,13.372166789850844
85254,NY,2021,2022,86.16397694524495,97.7608773904131,-11.596900445168146,11.596900445168146,-13.45910536666348
85260,NY,2021,2022,43.9390243902439,40.16228880880821,3.7767355814356875,3.7767355814356875,8.595401545315747
85266,NY,2021,2022,32.03782267115601,30.089758915291526,1.9480637558644815,1.9480637558644815,6.080512324011157
85272,NY,2021,2022,35.2280777537797,32.7826118271025,2.445465926677201,2.445465926677201,6.941809155098795
85278,NY,2021,2022,43.36531049250535,38.09700848568926,5.268302006816093,5.268302006816093,12.14865510469847
85284,NY,2021,2022,70.52204515272244,73.22027012993397,-2.698224977211524,2.698224977211524,-3.8260730688797406
85290,NY,2021,2022,38.514499066583696,40.76581030027887,-2.2513112336951764,2.2513112336951764,-5.845360288350419
85296,NY,2021,2022,83.01282287822879,86.60029314823527,-3.5874702700064773,3.5874702700064773,-4.321585684742855
85302,NY,2021,2022,67.65623387790198,67.982151681655,-0.3259178037530148,0.3259178037530148,-0.48172619886172346
85308,NY,2021,2022,48.88970588235294,52.459767493750746,-3.5700616113978043,3.5700616113978043,-7.302276720561007
85314,NY,2021,2022,59.19239864864865,60.218289031201785,-1.0258903825531362,1.0258903825531362,-1.73314548147063
85320,NY,2021,2022,57.59982378854625,57.36499410923996,0.23482967930629428,0.23482967930629428,0.4076916626835068
85326,NY,2021,2022,117.94556826304505,126.79994884841304,-8.854380585367991,8.854380585367991,-7.507175314650855
85332,NY,2021,2022,114.28602693602694,126.75757527794926,-12.471548341922315,12.471548341922315,-10.9125749457573
85338,NY,2021,2022,68.98617818484597,70.05784211971742,-1.0716639348714523,1.0716639348714523,-1.5534473180989496
85344,NY,2021,2022,72.48369315571888,75.84721906602931,-3.363525910310429,3.363525910310429,-4.640389808897383
85350,NY,2021,2022,55.2181151241535,54.754402063953165,0.46371306020033387,0.46371306020033387,0.8397842975221307
85356,NY,2021,2022,97.1066985645933,103.27568571531755,-6.168987150724249,6.168987150724249,-6.35279258991672
85362,NY,2021,2022,59.72978003384095,63.658302046609315,-3.9285220127683615,3.9285220127683615,-6.5771580115356
85368,NY,2021,2022,84.59863813229572,83.22814970239432,1.3704884299013997,1.3704884299013997,1.6199887612354043
85806,NY,2021,2022,36.87652173913043,34.36264590960997,2.5138758295204653,2.5138758295204653,6.81700906420613
85818,NY,2021,2022,37.63422222222222,34.46310110735643,3.171121114865791,3.171121114865791,8.426163549072392
85824,NY,2021,2022,59.31553004726536,62.94006415223171,-3.624534104966351,3.624534104966351,-6.110598863532289
85830,NY,2021,2022,50.55667613636364,49.88928236948499,0.6673937668786536,0.6673937668786536,1.3200902786380386
86466,NY,2021,2022,55.67581227436823,55.34691448534935,0.3288977890188818,0.3288977890188818,0.5907372979097032
86484,NY,2021,2022,73.00753623188406,76.37275652489731,-3.3652202930132518,3.3652202930132518,-4.609414954539424
86496,NY,2021,2022,69.25572916666667,72.03312187259004,-2.7773927059233756,2.7773927059233756,-4.010343605277001
86508,NY,2021,2022,68.13571428571429,76.93844178366224,-8.802727497947956,8.802727497947956,-12.919402974239583
86520,NY,2021,2022,67.39176470588235,68.49589838946876,-1.1041336835864115,1.1041336835864115,-1.63838072560524
86532,NY,2021,2022,72.4688679245283,69.35129685800788,3.117571066520412,3.117571066520412,4.301945312250722
86538,NY,2021,2022,69.29480519480519,70.83856427217698,-1.5437590773717886,1.5437590773717886,-2.2278135756813113
86544,NY,2021,2022,85.99586545199719,101.81007650337246,-15.814211051375267,15.814211051375267,-18.389501597844543
86550,NY,2021,2022,75.61319648093841,74.209744659986,1.4034518209524123,1.4034518209524123,1.85609375911811
86562,NY,2021,2022,62.470652173913045,60.70976777311148,1.7608844008015652,1.7608844008015652,2.818738622896734
86568,NY,2021,2022,81.47472766884532,79.71044674072384,1.7642809281214795,1.7642809281214795,2.165433354122291
86592,NY,2021,2022,64.56,62.49865312504549,2.061346874954509,2.061346874954509,3.1929164729778643
86598,NY,2021,2022,60.69090909090909,60.190036792213604,0.5008722986954837,0.5008722986954837,0.8252838953939965
86610,NY,2021,2022,88.32462686567165,95.99419563360563,-7.669568767933981,7.669568767933981,-8.68338654812347
86622,NY,2021,2022,60.351025056947606,64.5108644947361,-4.1598394377884915,4.1598394377884915,-6.892740320256766
86646,NY,2021,2022,60.77857142857143,56.716585957090174,4.0619854714812575,4.0619854714812575,6.683252626717312
86670,NY,2021,2022,59.0609375,54.2911609074324,4.769776592567602,4.769776592567602,8.076025871698366
86700,NY,2021,2022,107.57187356848374,122.30334041060671,-14.73146684212297,14.73146684212297,-13.694534038904177
86724,NY,2021,2022,85.59299363057325,96.15580205810305,-10.562808427529802,10.562808427529802,-12.340739562305526
86736,NY,2021,2022,63.66209302325581,64.59951255138448,-0.9374195281286717,0.9374195281286717,-1.47249247332511
86772,NY,2021,2022,66.56206896551724,68.12969641671239,-1.5676274511951505,1.5676274511951505,-2.3551363044427998
86784,NY,2021,2022,61.52593659942363,59.79479129483337,1.7311453045902638,1.7311453045902638,2.8136837897506806
86796,NY,2021,2022,68.66547619047618,72.45353887705299,-3.788062686576808,3.788062686576808,-5.516691788561728
86802,NY,2021,2022,71.91348088531187,72.13861058173943,-0.2251296964275582,0.2251296964275582,-0.3130563194216626
86808,NY,2021,2022,93.01840490797548,96.44417419631095,-3.4257692883354736,3.4257692883354736,-3.6828940377172015
86814,NY,2021,2022,79.23071672354949,83.61707427919416,-4.386357555644665,4.386357555644665,-5.536183108060818
86820,NY,2021,2022,59.92373333333333,58.23059782050968,1.6931355128236518,1.6931355128236518,2.825484025511848
86826,NY,2021,2022,74.62635658914729,86.18438095423971,-11.558024365092422,11.558024365092422,-15.48785830283087
86832,NY,2021,2022,131.53452914798206,150.74021331736313,-19.205684169381072,19.205684169381072,-14.601249036117233
86850,NY,2021,2022,87.79,104.78832824975409,-16.99832824975408,16.99832824975408,-19.362488039359928
86856,NY,2021,2022,63.37222222222222,65.34894146212517,-1.9767192399029483,1.9767192399029483,-3.119220331222326
86862,NY,2021,2022,68.63378378378378,72.43719168247438,-3.803407898690594,3.803407898690594,-5.541597284906259
86868,NY,2021,2022,149.3804347826087,154.84261053286934,-5.462175750260656,5.462175750260656,-3.656553656581389
86880,NY,2021,2022,58.2,63.96688175418163,-5.766881754181625,5.766881754181625,-9.908731536394546
86886,NY,2021,2022,61.96136363636364,64.66154166301389,-2.7001780266502493,2.7001780266502493,-4.35784151313542
86892,NY,2021,2022,68.15256723716381,67.28558202104892,0.8669852161148839,0.8669852161148839,1.2721240758222152
86910,NY,2021,2022,74.83144329896908,73.24511079968899,1.5863324992800898,1.5863324992800898,2.119874252514844
86916,NY,2021,2022,63.98823529411764,78.10815497582661,-14.119919681708964,14.119919681708964,-22.066430831867294
86922,NY,2021,2022,79.00366666666666,86.09630677779161,-7.09264011112495,7.09264011112495,-8.97760877485638
86934,NY,2021,2022,54.9006309148265,56.28507636584928,-1.3844454510227777,1.3844454510227777,-2.521729582981702
87012,NY,2021,2022,78.14431818181818,82.31051843219359,-4.166200250375411,4.166200250375411,-5.3314180062098995
87024,NY,2021,2022,51.2183908045977,50.97596691996299,0.24242388463471087,0.24242388463471087,0.47331413741516715
87030,NY,2021,2022,66.1234126984127,65.44902593787803,0.6743867605346594,0.6743867605346594,1.0198910386106679
87036,NY,2021,2022,172.1421875,186.37284815805464,-14.230660658054632,14.230660658054632,-8.266805984474104
87042,NY,2021,2022,69.675,73.11971629447531,-3.444716294475313,3.444716294475313,-4.943977458880966
87060,NY,2021,2022,55.36255707762557,55.5992329099847,-0.2366758323591327,0.2366758323591327,-0.4275016271869128
87072,NY,2021,2022,79.325,77.94040666441454,1.384593335585464,1.384593335585464,1.745469064715366
87078,NY,2021,2022,57.63885350318471,57.367602866272044,0.2712506369126686,0.2712506369126686,0.47060380355705933
87084,NY,2021,2022,72.15207100591716,71.98259080289081,0.16948020302635314,0.16948020302635314,0.23489305388400303
87096,NY,2021,2022,65.45576923076923,72.08695518299247,-6.631185952223234,6.631185952223234,-10.13078912699733
87102,NY,2021,2022,60.5384,68.13235909304254,-7.593959093042535,7.593959093042535,-12.544036666054165
87114,NY,2021,2022,82.27015873015873,88.18518370626406,-5.915024976105329,5.915024976105329,-7.189757583313121
87126,NY,2021,2022,61.14344262295082,67.97870705847731,-6.83526443552649,6.83526443552649,-11.179063759423979
87132,NY,2021,2022,65.11845102505694,63.187213568619526,1.9312374564374153,1.9312374564374153,2.965730028950311
87150,NY,2021,2022,66.62248062015505,66.90986724953841,-0.2873866293833629,0.2873866293833629,-0.4313658493472861
87156,NY,2021,2022,109.43917525773196,114.90639876826151,-5.46722351052955,5.46722351052955,-4.995673165166042
87162,NY,2021,2022,69.37950963222417,74.45642322547778,-5.076913593253607,5.076913593253607,-7.317597976932907
87180,NY,2021,2022,65.22008196721312,61.631192783887684,3.588889183325435,3.588889183325435,5.50273638896929
87192,NY,2021,2022,63.225116279069766,65.02531329954998,-1.800197020480212,1.800197020480212,-2.8472814704433445
87198,NY,2021,2022,66.81818181818181,67.79482432234673,-0.9766425041649143,0.9766425041649143,-1.461641842967899
87204,NY,2021,2022,184.66721113127647,232.12846581930546,-47.46125468802899,47.46125468802899,-25.700964668973995
87216,NY,2021,2022,49.18333333333333,51.51608712723778,-2.332753793904452,2.332753793904452,-4.742976199060221
87246,NY,2021,2022,72.54814814814814,83.5397600905902,-10.991611942442063,10.991611942442063,-15.150782236365924
87258,NY,2021,2022,104.14378698224851,111.42830380160116,-7.284516819352646,7.284516819352646,-6.994672491210929
87264,NY,2021,2022,83.97,96.49654683884494,-12.526546838844936,12.526546838844936,-14.917883576092578
87276,NY,2021,2022,76.36260162601626,79.23039757317702,-2.867795947160758,2.867795947160758,-3.755497961169146
87288,NY,2021,2022,64.26943005181347,66.14372839361226,-1.8742983417987915,1.8742983417987915,-2.9163139307253045
87300,NY,2021,2022,59.50657894736842,62.28811895083837,-2.7815400034699493,2.7815400034699493,-4.674340304338666
87306,NY,2021,2022,55.75338345864662,52.18307270640612,3.570310752240495,3.570310752240495,6.403756204121073
87330,NY,2021,2022,78.26041666666667,126.71670264787224,-48.45628598120557,48.45628598120557,-61.9167237348028
87354,NY,2021,2022,84.95043103448276,88.93158401120905,-3.9811529767262925,3.9811529767262925,-4.6864423502575026
87360,NY,2021,2022,68.825,72.51561252155663,-3.6906125215566306,3.6906125215566306,-5.362313870768806
87366,NY,2021,2022,69.13913043478261,71.15006335563618,-2.0109329208535627,2.0109329208535627,-2.9085308250303066
87384,NY,2021,2022,169.17990487514862,188.44471267960336,-19.264807804454733,19.264807804454733,-11.387172618799953
87408,NY,2021,2022,78.23548387096774,78.65719863679269,-0.4217147658249445,0.4217147658249445,-0.539032603825229
87414,NY,2021,2022,62.53460207612456,63.40166290270059,-0.8670608265760364,0.8670608265760364,-1.3865296936255336
87426,NY,2021,2022,66.8758064516129,66.8111123919973,0.06469405961560426,0.06469405961560426,0.09673761416606286
87432,NY,2021,2022,62.23214285714285,59.68767838943913,2.544464467703719,2.544464467703719,4.088666002622906
87480,NY,2021,2022,100.09030345308685,98.36491990187773,1.72538355120912,1.72538355120912,1.7238268760148396
87510,NY,2021,2022,50.73333333333333,55.4836715731698,-4.7503382398364735,4.7503382398364735,-9.363347384697386
87516,NY,2021,2022,78.53897763578274,80.67754645309813,-2.138568817315388,2.138568817315388,-2.7229394648257372
87534,NY,2021,2022,66.8394472361809,66.71824823093971,0.12119900524119487,0.12119900524119487,0.18132855709134074
87540,NY,2021,2022,58.98086956521739,60.95577666779306,-1.9749071025756706,1.9749071025756706,-3.348385870086131
87546,NY,2021,2022,67.98518518518519,63.19821231374306,4.786972871442124,4.786972871442124,7.0412000179198815
87624,NY,2021,2022,82.13787878787879,98.97540891212688,-16.83753012424809,16.83753012424809,-20.49910512996207
87630,NY,2021,2022,30.36548463356974,22.717391498192455,7.648093135377284,7.648093135377284,25.186797535653827
87636,NY,2021,2022,49.37133027522936,45.08711845356971,4.284211821659653,4.284211821659653,8.677529646814342
87642,NY,2021,2022,70.34150702426564,68.68618073646178,1.6553262878038595,1.6553262878038595,2.3532710028985067
87648,NY,2021,2022,37.6,30.22156013809473,7.378439861905271,7.378439861905271,19.623510271024657
87654,NY,2021,2022,52.43226299694189,46.85517781493349,5.577085182008396,5.577085182008396,10.636743224937058
87660,NY,2021,2022,126.5276964047936,143.49616312564436,-16.968466720850756,16.968466720850756,-13.410871455815023
87666,NY,2021,2022,33.23015873015873,26.79263256549163,6.437526164667098,6.437526164667098,19.372541121281454
87672,NY,2021,2022,71.22475083056479,69.25528899796764,1.9694618325971476,1.9694618325971476,2.7651368514889763
87678,NY,2021,2022,35.65769230769231,27.62826624239301,8.029426065299297,8.029426065299297,22.51807547166236
87684,NY,2021,2022,125.83333333333331,124.6634527616605,1.1698805716728202,1.1698805716728202,0.9297064145744268
87690,NY,2021,2022,45.8520304568528,41.24895627341726,4.603074183435545,4.603074183435545,10.038975673644556
87696,NY,2021,2022,54.19318801089919,49.112852990578645,5.080335020320547,5.080335020320547,9.374490054541178
87702,NY,2021,2022,77.17112970711297,76.5032882494298,0.667841457683167,0.667841457683167,0.8654032411056063
87708,NY,2021,2022,147.2095684803002,179.74338864066146,-32.53382016036127,32.53382016036127,-22.100343405812644
87714,NY,2021,2022,43.38095238095238,39.32097358205445,4.05997879889793,4.05997879889793,9.35889734103804
87720,NY,2021,2022,65.84990439770554,64.42312450286698,1.4267798948385604,1.4267798948385604,2.1667152107335097
87726,NY,2021,2022,33.256705298013244,28.367982402521463,4.888722895491782,4.888722895491782,14.699961561687935
87732,NY,2021,2022,65.28926380368098,65.67981688153222,-0.39055307785123716,0.39055307785123716,-0.5981888217113239
87738,NY,2021,2022,56.79200779727096,58.513681360123066,-1.7216735628521036,1.7216735628521036,-3.031541989143824
87744,NY,2021,2022,69.77331319234642,66.16510692987701,3.608206262469409,3.608206262469409,5.17132711259181
87750,NY,2021,2022,98.13780487804878,110.50401862676438,-12.366213748715595,12.366213748715595,-12.600866469432962
87756,NY,2021,2022,70.30749531542786,74.202982913451,-3.895487598023138,3.895487598023138,-5.54064339875344
88206,NY,2021,2022,52.67005685407455,53.17563832102371,-0.5055814669491596,0.5055814669491596,-0.959903021084451
88236,NY,2021,2022,78.44079422382671,79.88795948389398,-1.4471652600672655,1.4471652600672655,-1.8449140837838218
88254,NY,2021,2022,57.76521739130435,61.47545897989326,-3.7102415885889144,3.7102415885889144,-6.4229682777017185
88260,NY,2021,2022,67.50258064516129,73.41743627658363,-5.914855631422341,5.914855631422341,-8.762414080899779
88266,NY,2021,2022,55.47361111111111,58.03615427576791,-2.5625431646568018,2.5625431646568018,-4.619391298547601
88272,NY,2021,2022,88.3887417218543,98.28347365582664,-9.894731933972338,9.894731933972338,-11.1945613674528
88284,NY,2021,2022,60.98235294117647,65.57273715283405,-4.590384211657579,4.590384211657579,-7.527397665494245
88290,NY,2021,2022,52.11,49.968250489653975,2.141749510346024,2.141749510346024,4.110054711851898
88296,NY,2021,2022,50.47575757575758,49.30372270870344,1.172034867054137,1.172034867054137,2.32197578272117
88302,NY,2021,2022,61.99310344827586,69.82434969342944,-7.831246245153579,7.831246245153579,-12.63244749746656
88308,NY,2021,2022,59.31609195402299,65.27579157539284,-5.959699621369857,5.959699621369857,-10.047357175839117
88314,NY,2021,2022,56.537062937062935,58.59353600681935,-2.0564730697564144,2.0564730697564144,-3.6373892857605292
88338,NY,2021,2022,61.366037735849055,64.88694007326072,-3.5209023374116626,3.5209023374116626,-5.737542242123298
88344,NY,2021,2022,65.80849056603773,69.90956397680048,-4.101073410762751,4.101073410762751,-6.231830232677031
88356,NY,2021,2022,51.06578947368421,60.229623429122725,-9.163833955438513,9.163833955438513,-17.94515281147454
88362,NY,2021,2022,67.70829694323145,68.2179563177159,-0.5096593744844569,0.5096593744844569,-0.7527280961028597
88368,NY,2021,2022,67.34347826086956,80.49704275820532,-13.153564497335765,13.153564497335765,-19.53205393755069
88374,NY,2021,2022,66.2,72.13122949734972,-5.931229497349719,5.931229497349719,-8.959561174244287
88386,NY,2021,2022,125.57333333333334,131.29425136494888,-5.72091803161554,5.72091803161554,-4.555838313560899
88398,NY,2021,2022,52.71864406779661,51.91438838055224,0.8042556872443711,0.8042556872443711,1.5255621639473347
88410,NY,2021,2022,53.81057692307692,57.4413893837692,-3.630812460692276,3.630812460692276,-6.747395527616402
88416,NY,2021,2022,68.0,77.94216267772501,-9.942162677725008,9.942162677725008,-14.620827467242659
88422,NY,2021,2022,55.96923076923077,58.56378744310247,-2.5945566738717005,2.5945566738717005,-4.635683996747129
88428,NY,2021,2022,63.180625,61.34118598333726,1.8394390166627375,1.8394390166627375,2.91139730995497
88434,NY,2021,2022,49.25304347826087,52.34429837591017,-3.0912548976493,3.0912548976493,-6.276271838944749
88440,NY,2021,2022,62.22037037037037,67.43814538757383,-5.217775017203458,5.217775017203458,-8.385959431202915
88446,NY,2021,2022,63.13604651162791,63.290050633525034,-0.15400412189712398,0.15400412189712398,-0.24392424043966815
88458,NY,2021,2022,56.17341772151899,59.19919957176058,-3.025781850241593,3.025781850241593,-5.3865012544580715
88464,NY,2021,2022,58.37234042553192,60.823740642105356,-2.4514002165734396,2.4514002165734396,-4.1995921333680215
88482,NY,2021,2022,54.52916666666667,56.88352091930219,-2.354354252635524,2.354354252635524,-4.317605414782041
88488,NY,2021,2022,49.596296296296295,43.93447028481115,5.661826011485147,5.661826011485147,11.415824233447761
88500,NY,2021,2022,95.05151515151516,110.14354498345477,-15.092029831939612,15.092029831939612,-15.877737254248322
88518,NY,2021,2022,48.922916666666666,47.94356445659234,0.9793522100743246,0.9793522100743246,2.00182711253109
88524,NY,2021,2022,56.47037037037037,59.604152429627085,-3.133782059256717,3.133782059256717,-5.549427139760698
88530,NY,2021,2022,55.59327731092437,56.94106707467755,-1.3477897637531768,1.3477897637531768,-2.424375444202008
88542,NY,2021,2022,62.17253521126761,67.87095448704139,-5.69841927577378,5.69841927577378,-9.165492860167374
88560,NY,2021,2022,62.22197253433208,61.420922323419504,0.8010502109125781,0.8010502109125781,1.2874072908418073
88602,NY,2021,2022,53.88493150684931,64.82089095468454,-10.93595944783523,10.93595944783523,-20.29502338041417
88614,NY,2021,2022,53.4046511627907,58.02664521492788,-4.6219940521371825,4.6219940521371825,-8.654665748210192
88620,NY,2021,2022,57.06046511627907,58.6522147835386,-1.5917496672595277,1.5917496672595277,-2.7895841087446893
88632,NY,2021,2022,59.94285714285714,59.73188605592424,0.21097108693290068,0.21097108693290068,0.3519536721950202
88650,NY,2021,2022,51.14636363636364,51.59488628899525,-0.44852265263160973,0.44852265263160973,-0.8769394747600837
88662,NY,2021,2022,60.45925925925926,58.32991140860277,2.129347850656494,2.129347850656494,3.521954911034387
88674,NY,2021,2022,50.65191637630662,46.69531607529371,3.9566003010129123,3.9566003010129123,7.811353615168814
88686,NY,2021,2022,57.58295454545455,59.11822881050601,-1.5352742650514628,1.5352742650514628,-2.6661957122043045
88692,NY,2021,2022,57.50744680851064,53.19806086372527,4.309385944785376,4.309385944785376,7.493613756032065
88704,NY,2021,2022,55.20512820512821,56.2083638981445,-1.0032356930162862,1.0032356930162862,-1.8172871355148703
88722,NY,2021,2022,60.03108108108108,66.6743546057467,-6.6432735246656165,6.6432735246656165,-11.066389951719955
88806,NY,2021,2022,58.3294930875576,60.66419488445542,-2.334701796897818,2.334701796897818,-4.002609440464757
88812,NY,2021,2022,67.2,65.6603534267884,1.5396465732115985,1.5396465732115985,2.291140733945831
88818,NY,2021,2022,65.73333333333333,71.06105908399013,-5.327725750656796,5.327725750656796,-8.105059458402835
88824,NY,2021,2022,62.88196721311476,68.32339658293444,-5.441429369819673,5.441429369819673,-8.653401938552584
88830,NY,2021,2022,62.53137254901961,67.43412368095336,-4.902751131933755,4.902751131933755,-7.840466204528597
88836,NY,2021,2022,59.68333333333333,66.43229929808378,-6.748965964750447,6.748965964750447,-11.30795749469497
88842,NY,2021,2022,65.08592592592592,70.62626448064147,-5.540338554715547,5.540338554715547,-8.51234498994604
88848,NY,2021,2022,48.88461538461539,44.545656695961135,4.338958688654252,4.338958688654252,8.875918639261254
88854,NY,2021,2022,56.11923076923077,59.074087259111494,-2.9548564898807257,2.9548564898807257,-5.265318945713034
88860,NY,2021,2022,55.13151515151515,57.7953483177211,-2.663833166205947,2.663833166205947,-4.831779353215795
88872,NY,2021,2022,61.239285714285714,61.681136652376935,-0.4418509380912212,0.4418509380912212,-0.7215154993033297
88878,NY,2021,2022,57.27920792079208,57.257991822367984,0.021216098424098107,0.021216098424098107,0.03703979016860107
88884,NY,2021,2022,97.11666666666666,102.62397511837696,-5.507308451710301,5.507308451710301,-5.6708170087972904
88890,NY,2021,2022,60.614285714285714,67.08160076717675,-6.467315052891038,6.467315052891038,-10.669621817166455
88896,NY,2021,2022,61.75,60.310099098365725,1.4399009016342745,1.4399009016342745,2.331823322484655
88902,NY,2021,2022,65.4108527131783,70.22284542048897,-4.811992707310665,4.811992707310665,-7.356566238955627
88908,NY,2021,2022,87.68505747126437,85.65279132858689,2.0322661426774857,2.0322661426774857,2.3176881002142102
88914,NY,2021,2022,48.59642857142857,48.94681627840711,-0.3503877069785446,0.3503877069785446,-0.7210153447048762
88920,NY,2021,2022,55.18666666666667,56.7153173681831,-1.5286507015164332,1.5286507015164332,-2.769963822511053
88926,NY,2021,2022,65.07152317880795,65.38862485442569,-0.31710167561773517,0.31710167561773517,-0.48731251417979204
88932,NY,2021,2022,52.30416666666667,55.06926748338098,-2.765100816714316,2.765100816714316,-5.286578475355977
88938,NY,2021,2022,57.39012345679012,61.603081852095244,-4.212958395305122,4.212958395305122,-7.340911887874089
88944,NY,2021,2022,55.81875,63.18942261514657,-7.370672615146567,7.370672615146567,-13.204653660546981
88950,NY,2021,2022,59.208333333333336,55.74922569355676,3.459107639776576,3.459107639776576,5.84226483846853
88956,NY,2021,2022,60.47816091954023,65.18679774638132,-4.7086368268410865,4.7086368268410865,-7.785681236414295
88980,NY,2021,2022,91.37277599142551,104.45920253249129,-13.086426541065777,13.086426541065777,-14.32201922188926
89016,NY,2021,2022,69.6288888888889,68.41638087669169,1.2125080121972047,1.2125080121972047,1.7413864152450838
89022,NY,2021,2022,65.26774193548387,68.2762742979963,-3.008532362512426,3.008532362512426,-4.609524204907093
89028,NY,2021,2022,61.9,67.59242443420096,-5.692424434200966,5.692424434200966,-9.196162252344047
89034,NY,2021,2022,55.87241379310345,56.320438875209085,-0.4480250821056373,0.4480250821056373,-0.8018717139457805
89040,NY,2021,2022,89.85490196078432,106.94166119062442,-17.086759229840098,17.086759229840098,-19.015945548855342
89046,NY,2021,2022,73.88372093023256,87.9274226681386,-14.043701737906048,14.043701737906048,-19.00784308246648
89052,NY,2021,2022,82.23125,89.96969169641083,-7.738441696410831,7.738441696410831,-9.41058502261711
89058,NY,2021,2022,57.76409335727109,58.403548083909925,-0.6394547266388315,0.6394547266388315,-1.1070107561176492
89070,NY,2021,2022,84.58885572139303,93.59150945415654,-9.002653732763505,9.002653732763505,-10.642836643180503
89076,NY,2021,2022,57.42580645161291,62.2633102259215,-4.837503774308594,4.837503774308594,-8.423919615973846
89082,NY,2021,2022,63.73513513513514,73.10046213656749,-9.365327001432348,9.365327001432348,-14.69413531731816
89100,NY,2021,2022,94.8841609589041,111.39244179776101,-16.508280838856905,16.508280838856905,-17.398352551177553
89118,NY,2021,2022,41.84736842105263,19.871724303896713,21.975644117155916,21.975644117155916,52.51380181435825
89130,NY,2021,2022,45.44210526315789,64.74853633555969,-19.3064310724018,19.3064310724018,-42.485776045359536
89148,NY,2021,2022,70.08970588235294,74.12782847556743,-4.0381225932144815,4.0381225932144815,-5.761363302041181
89154,NY,2021,2022,57.52291666666667,58.28270612656139,-0.7597894598947263,0.7597894598947263,-1.3208465493805681
89160,NY,2021,2022,65.56041666666667,68.6478271752006,-3.087410508533935,3.087410508533935,-4.709260046700845
89166,NY,2021,2022,57.47413793103448,59.63420563623962,-2.160067705205144,2.160067705205144,-3.7583298905624223
89184,NY,2021,2022,56.60545454545454,52.92794211878624,3.677512426668301,3.677512426668301,6.496745686787541
89190,NY,2021,2022,62.10869565217392,63.732177271482456,-1.623481619308535,1.623481619308535,-2.6139361038919358
89202,NY,2021,2022,59.21165413533834,61.95437686334694,-2.7427227280085944,2.7427227280085944,-4.6320657108136745
89214,NY,2021,2022,66.22321428571429,71.31107132963467,-5.08785704392038,5.08785704392038,-7.6828905072007885
89220,NY,2021,2022,98.0523595505618,109.80122720253267,-11.748867651970869,11.748867651970869,-11.98223857724957
89226,NY,2021,2022,75.52367149758454,86.17201072807127,-10.648339230486727,10.648339230486727,-14.099340007360858
89232,NY,2021,2022,52.17307692307692,55.20403116983272,-3.0309542467557975,3.0309542467557975,-5.809422072661316
89238,NY,2021,2022,55.6027027027027,58.963645300792564,-3.3609425980898635,3.3609425980898635,-6.044566962976957
89262,NY,2021,2022,59.93,50.03471686731584,9.895283132684163,9.895283132684163,16.511401856639687
89268,NY,2021,2022,66.86764705882354,73.6098832785728,-6.742236219749259,6.742236219749259,-10.082957179303927
89274,NY,2021,2022,57.86914893617021,58.761928234536036,-0.8927792983658236,0.8927792983658236,-1.5427551895580163
89280,NY,2021,2022,62.01940298507463,52.09554869966607,9.92385428540856,9.92385428540856,16.001208989059116
89286,NY,2021,2022,76.29230769230769,83.13182719133187,-6.839519499024178,6.839519499024178,-8.964887425621528
89292,NY,2021,2022,91.35684210526315,110.78111081003291,-19.42426870476976,19.42426870476976,-21.26197475432517
89298,NY,2021,2022,62.1434554973822,65.5070505934233,-3.3635950960411023,3.3635950960411023,-5.412629647192365
89304,NY,2021,2022,53.975,58.11884871715259,-4.143848717152586,4.143848717152586,-7.677348248545783
89310,NY,2021,2022,53.39310344827586,50.05185845876884,3.341244989507018,3.341244989507018,6.2578212797535215
89316,NY,2021,2022,79.81913580246913,91.22721013130531,-11.408074328836179,11.408074328836179,-14.292405216047555
89334,NY,2021,2022,55.18529411764706,59.05607511913798,-3.8707810014909185,3.8707810014909185,-7.014153069908395
89346,NY,2021,2022,60.47853658536585,60.009207449099186,0.4693291362666656,0.4693291362666656,0.7760259469972532
89352,NY,2021,2022,59.22937853107344,60.05243503370237,-0.8230565026289298,0.8230565026289298,-1.3896085406284155
89364,NY,2021,2022,55.89473684210526,58.293413946042364,-2.3986771039371035,2.3986771039371035,-4.291418547533424
89370,NY,2021,2022,58.25692307692308,63.85456237414782,-5.597639297224738,5.597639297224738,-9.60853921144025
89382,NY,2021,2022,55.85,62.13696430465617,-6.286964304656166,6.286964304656166,-11.256874314514175
89388,NY,2021,2022,57.05614035087719,64.81240917648773,-7.75626882561054,7.75626882561054,-13.594100087934347
89406,NY,2021,2022,47.55984095427436,46.052340884044234,1.5075000702301224,1.5075000702301224,3.1696911511531
89418,NY,2021,2022,78.589111747851,81.56041133622897,-2.97129958837796,2.97129958837796,-3.780803119280972
89424,NY,2021,2022,45.81903276131045,43.28496115286924,2.5340716084412094,2.5340716084412094,5.530609128399099
89430,NY,2021,2022,82.5699530516432,89.78528507488285,-7.215332023239654,7.215332023239654,-8.73844753033448
90006,PA,2021,2022,69.3076923076923,78.82843948103985,-9.520747173347544,9.520747173347544,-13.7369271091585
90018,PA,2021,2022,52.80530035335689,53.49658669564802,-0.6912863422911286,0.6912863422911286,-1.309123019214458
90030,PA,2021,2022,109.22627450980391,121.00356775993134,-11.777293250127428,11.777293250127428,-10.782472718201447
90042,PA,2021,2022,70.49473684210527,84.10718547815755,-13.612448636052278,13.612448636052278,-19.309879355307842
90054,PA,2021,2022,90.53320512820513,102.47823282914148,-11.94502770093635,11.94502770093635,-13.194084627867596
90060,PA,2021,2022,69.95064345193036,78.60231384847029,-8.651670396539927,8.651670396539927,-12.368249911075228
90072,PA,2021,2022,82.37176913425346,85.42121869735863,-3.0494495631051706,3.0494495631051706,-3.7020566574635927
90084,PA,2021,2022,48.44248366013072,47.128811476636756,1.3136721834939635,1.3136721834939635,2.711818396246157
90090,PA,2021,2022,188.27384615384616,213.14752385283083,-24.873677698984665,24.873677698984665,-13.211435473974106
90102,PA,2021,2022,109.23152424942263,130.51710778759156,-21.285583538168922,21.285583538168922,-19.486667136095953
90108,PA,2021,2022,55.68837209302325,59.82562498316294,-4.137252890139692,4.137252890139692,-7.429294006347899
90114,PA,2021,2022,78.4375,89.29029363396714,-10.852793633967138,10.852793633967138,-13.836230927766872
90126,PA,2021,2022,73.67109826589595,74.93015007360893,-1.2590518077129786,1.2590518077129786,-1.7090172908360493
90132,PA,2021,2022,59.14577319587629,66.38550242038912,-7.239729224512828,7.239729224512828,-12.240484540690037
90144,PA,2021,2022,89.04889380530973,93.63271272434375,-4.583818919034016,4.583818919034016,-5.147530444404797
90150,PA,2021,2022,93.75032092426189,95.62211596271919,-1.8717950384573072,1.8717950384573072,-1.996574539696216
90156,PA,2021,2022,109.91739130434784,111.95221702247544,-2.0348257181275926,2.0348257181275926,-1.8512318150759315
90162,PA,2021,2022,63.81578947368421,64.01320950852599,-0.19742003484177673,0.19742003484177673,-0.3093592298551553
90180,PA,2021,2022,45.65531914893617,48.04839052638533,-2.3930713774491608,2.3930713774491608,-5.2416047506808905
90186,PA,2021,2022,51.260714285714286,37.80851683968424,13.452197446030048,13.452197446030048,26.242703859042805
90198,PA,2021,2022,48.21082474226804,47.0958277239116,1.1149970183564406,1.1149970183564406,2.312752425035545
90204,PA,2021,2022,45.70588235294117,51.11022244513906,-5.4043400921978915,5.4043400921978915,-11.82416751188728
90210,PA,2021,2022,47.875757575757575,45.24238511282596,2.633372462931618,2.633372462931618,5.50042985484799
90222,PA,2021,2022,75.9262962962963,86.42572796749599,-10.499431671199687,10.499431671199687,-13.828452306202971
90252,PA,2021,2022,73.82760290556901,82.48539918730141,-8.657796281732402,8.657796281732402,-11.727045090176322
90258,PA,2021,2022,82.526,88.39705462307191,-5.871054623071913,5.871054623071913,-7.11418779908382
90264,PA,2021,2022,156.83962889330684,210.4290845166976,-53.58945562339076,53.58945562339076,-34.16831320089773
90270,PA,2021,2022,47.05918367346938,45.90446550464838,1.1547181688209989,1.1547181688209989,2.4537573299895468
90276,PA,2021,2022,74.10697674418604,81.31582680633385,-7.208850062147803,7.208850062147803,-9.727626707850234
90294,PA,2021,2022,57.12407407407407,62.6944581029624,-5.570384028888327,5.570384028888327,-9.751377364410468
90300,PA,2021,2022,87.1,101.5618864451782,-14.461886445178209,14.461886445178209,-16.603773186197714
90306,PA,2021,2022,67.6590909090909,69.94402750241123,-2.2849365933203245,2.2849365933203245,-3.3771316797478765
90312,PA,2021,2022,65.38048780487804,71.62467469767219,-6.244186892794147,6.244186892794147,-9.550535798125795
90318,PA,2021,2022,57.84615384615385,61.62971514245921,-3.783561296305365,3.783561296305365,-6.540730964357679
90330,PA,2021,2022,73.405,81.52839515896248,-8.12339515896248,8.12339515896248,-11.066542005261876
90336,PA,2021,2022,67.42083333333333,72.55684256891179,-5.136009235578456,5.136009235578456,-7.61783707149638
90342,PA,2021,2022,117.87330960854092,121.72040585005405,-3.8470962415131282,3.8470962415131282,-3.263755174338783
90354,PA,2021,2022,54.52119565217392,58.47715268053662,-3.955957028362697,3.955957028362697,-7.255814882711512
90366,PA,2021,2022,70.18404423380727,75.006247440547,-4.822203206739729,4.822203206739729,-6.87079700148841
90372,PA,2021,2022,51.73975535168196,54.00897145310442,-2.269216101422465,2.269216101422465,-4.385826886884763
90378,PA,2021,2022,69.37536231884059,74.24872616950066,-4.87336385066007,4.87336385066007,-7.024631926623594
90384,PA,2021,2022,60.54210526315789,60.61897323673331,-0.07686797357541764,0.07686797357541764,-0.12696613908831916
90390,PA,2021,2022,65.37327433628319,70.35218186717594,-4.978907530892755,4.978907530892755,-7.616120779389175
90396,PA,2021,2022,57.99392361111112,60.129052255933914,-2.1351286448227924,2.1351286448227924,-3.6816419925995847
90402,PA,2021,2022,53.55688073394495,53.28913632500965,0.26774440893530027,0.26774440893530027,0.49992532288311714
90408,PA,2021,2022,66.78074433656958,76.24787786156108,-9.467133524991496,9.467133524991496,-14.176442055329458
90426,PA,2021,2022,92.9032,102.81822725537002,-9.91502725537002,9.91502725537002,-10.672428135274158
90444,PA,2021,2022,59.356,57.99038971070362,1.3656102892963844,1.3656102892963844,2.3007114517426785
90456,PA,2021,2022,52.27391304347826,54.41002251073965,-2.1361094672613916,2.1361094672613916,-4.086377588539633
90468,PA,2021,2022,52.16,53.171604193997034,-1.0116041939970373,1.0116041939970373,-1.9394252185526022
90498,PA,2021,2022,75.89782608695653,74.5305705257301,1.367255561226429,1.367255561226429,1.801442322814302
90504,PA,2021,2022,60.97543103448276,61.77064580131211,-0.7952147668293463,0.7952147668293463,-1.3041560401264525
90510,PA,2021,2022,76.985,85.49408132919163,-8.50908132919163,8.50908132919163,-11.052908136898916
90516,PA,2021,2022,160.31,196.59619812490126,-36.28619812490126,36.28619812490126,-22.635018479758756
90534,PA,2021,2022,66.77967213114754,69.72820997850178,-2.9485378473542454,2.9485378473542454,-4.415322437587982
90540,PA,2021,2022,186.46707616707616,222.9657270811354,-36.498650914059255,36.498650914059255,-19.57377766858753
90606,PA,2021,2022,118.817254601227,152.03903701548626,-33.22178241425925,33.22178241425925,-27.96040232183262
90612,PA,2021,2022,90.46603174603176,103.1886155581916,-12.72258381215984,12.72258381215984,-14.06338220723151
90624,PA,2021,2022,34.430392156862744,34.08320110135393,0.3471910555088158,0.3471910555088158,1.0083854227597373
90636,PA,2021,2022,75.11991911021234,82.07855299391905,-6.95863388370671,6.95863388370671,-9.263367115048855
90648,PA,2021,2022,100.36563688212928,111.54381341567105,-11.178176533541773,11.178176533541773,-11.137453894373799
90660,PA,2021,2022,33.176886792452834,33.273296133692526,-0.09640934123969203,0.09640934123969203,-0.2905918865829915
90672,PA,2021,2022,42.740425531914894,39.70307037405173,3.0373551578631677,3.0373551578631677,7.106515950794947
90696,PA,2021,2022,96.10608465608466,105.27001280208249,-9.16392814599783,9.16392814599783,-9.53522160307635
90720,PA,2021,2022,57.44098544232923,60.67566980876086,-3.2346843664316296,3.2346843664316296,-5.631317675911487
90732,PA,2021,2022,58.9778,63.57793696847347,-4.600136968473471,4.600136968473471,-7.799777150849084
90756,PA,2021,2022,83.31917475728156,90.71051232397907,-7.391337566697516,7.391337566697516,-8.871112307856315
90774,PA,2021,2022,80.12931596091205,88.9273135100749,-8.797997549162844,8.797997549162844,-10.979748726988513
90786,PA,2021,2022,64.76091954022988,73.91066794345197,-9.149748403222091,9.149748403222091,-14.128502912220403
90792,PA,2021,2022,41.99960835509138,42.84474513399691,-0.8451367789055269,0.8451367789055269,-2.0122491899453046
90798,PA,2021,2022,55.39716088328076,58.89329336672141,-3.496132483440647,3.496132483440647,-6.311031879064768
90810,PA,2021,2022,73.1232,79.21609434937645,-6.092894349376451,6.092894349376451,-8.332368317273383
90816,PA,2021,2022,74.83210431654676,76.6216307741171,-1.7895264575703322,1.7895264575703322,-2.3913886612094575
90822,PA,2021,2022,52.96842105263158,55.75643335491242,-2.7880123022808405,2.7880123022808405,-5.263536739202699
90834,PA,2021,2022,115.1933147632312,139.4890683498173,-24.295753586586102,24.295753586586102,-21.091287837773997
90840,PA,2021,2022,41.9,40.33087124294439,1.5691287570556085,1.5691287570556085,3.7449373676744835
90852,PA,2021,2022,305.67297297297296,351.8919501186281,-46.21897714565512,46.21897714565512,-15.120400307599885
90858,PA,2021,2022,286.1468550592525,360.677388435588,-74.53053337633548,74.53053337633548,-26.046252844855633
90864,PA,2021,2022,58.90679611650486,58.54739394401705,0.3594021724878047,0.3594021724878047,0.6101200475696985
90870,PA,2021,2022,46.95975609756098,45.030251753851466,1.9295043437095103,1.9295043437095103,4.108846604102626
90876,PA,2021,2022,75.50149761742682,85.5284254738656,-10.026927856438775,10.026927856438775,-13.280435716978968
90882,PA,2021,2022,62.09260143198091,73.74066523367624,-11.64806380169533,11.64806380169533,-18.759181501607973
90888,PA,2021,2022,37.289,35.45203361127198,1.8369663887280225,1.8369663887280225,4.926295660189392
91206,PA,2021,2022,95.96214470284238,102.04715858234552,-6.085013879503137,6.085013879503137,-6.341056568031143
91212,PA,2021,2022,71.78081395348838,72.31722013239826,-0.5364061789098855,0.5364061789098855,-0.7472835000971976
91218,PA,2021,2022,77.37198515769944,75.47761589195642,1.8943692657430233,1.8943692657430233,2.4483917038989285
91224,PA,2021,2022,47.19566395663957,48.61214404260081,-1.4164800859612399,1.4164800859612399,-3.001292846017832
91230,PA,2021,2022,72.71731707317073,77.4431374927783,-4.725820419607572,4.725820419607572,-6.49889271196885
91236,PA,2021,2022,92.32403495994171,104.79285310810128,-12.46881814815957,12.46881814815957,-13.505495241374188
91242,PA,2021,2022,56.114604462474645,56.78868466389277,-0.6740802014181213,0.6740802014181213,-1.201256264523609
91248,PA,2021,2022,101.97115384615384,119.13660507520038,-17.16545122904654,17.16545122904654,-16.83363439717907
91254,PA,2021,2022,76.01739130434783,76.66982567329458,-0.6524343689467571,0.6524343689467571,-0.858269874500996
91260,PA,2021,2022,43.511030082041934,44.1878203184971,-0.6767902364551688,0.6767902364551688,-1.5554452174059117
91266,PA,2021,2022,81.27679180887372,91.6978168327255,-10.421025023851769,10.421025023851769,-12.82164907340008
91272,PA,2021,2022,64.12158054711246,67.93936436932361,-3.8177838222111546,3.8177838222111546,-5.953976476618648
91278,PA,2021,2022,86.53432055749128,102.76920177751342,-16.23488122002213,16.23488122002213,-18.761204936295854
91284,PA,2021,2022,57.01206896551725,59.81363144113754,-2.801562475620287,2.801562475620287,-4.913981419118051
91290,PA,2021,2022,171.90032206119162,189.41485230815775,-17.51453024696613,17.51453024696613,-10.188771048800861
91296,PA,2021,2022,80.56669535283993,84.89252755139056,-4.3258321985506285,4.3258321985506285,-5.369256092242271
91302,PA,2021,2022,159.33095435684646,206.69528907689204,-47.364334720045576,47.364334720045576,-29.72701375651449
91308,PA,2021,2022,81.75769230769231,86.42329708612769,-4.66560477843538,4.66560477843538,-5.706624840726344
91314,PA,2021,2022,57.578886756238006,58.88344652384829,-1.3045597676102858,1.3045597676102858,-2.265691195338979
91320,PA,2021,2022,80.24118291347207,100.20205331850893,-19.960870405036857,19.960870405036857,-24.876091902286166
91326,PA,2021,2022,64.67226534932956,67.72828892228432,-3.056023572954757,3.056023572954757,-4.725400535217896
91332,PA,2021,2022,166.19765395894427,222.1089577829722,-55.911303824027925,55.911303824027925,-33.64145190511514
91338,PA,2021,2022,57.68732782369146,59.17153339007499,-1.4842055663835296,1.4842055663835296,-2.5728450638581752
91344,PA,2021,2022,74.44384328358208,64.3643727485968,10.07947053498529,10.07947053498529,13.539696622847824
91350,PA,2021,2022,50.91607142857143,52.73458989126702,-1.818518462695593,1.818518462695593,-3.5716001091064853
91356,PA,2021,2022,65.12604456824512,67.11165967146238,-1.9856151032172562,1.9856151032172562,-3.048880238898194
91362,PA,2021,2022,65.38508474576271,67.44392268148326,-2.058837935720547,2.058837935720547,-3.1487883570480037
91368,PA,2021,2022,148.81570621468927,173.91150070813381,-25.095794493444544,25.095794493444544,-16.863673285425964
91374,PA,2021,2022,76.93397683397683,78.52220830238369,-1.5882314684068604,1.5882314684068604,-2.0644083846520203
91392,PA,2021,2022,158.975,201.07376203874776,-42.098762038747765,42.098762038747765,-26.481372567226146
91398,PA,2021,2022,82.67777777777778,86.15438145844522,-3.476603680667438,3.476603680667438,-4.20500377986923
91404,PA,2021,2022,72.71860465116279,76.85788621310937,-4.139281561946575,4.139281561946575,-5.692190577367448
91410,PA,2021,2022,63.39420783645656,73.04818812858646,-9.653980292129901,9.653980292129901,-15.228489512851231
91416,PA,2021,2022,78.06060240963855,84.68510623846123,-6.624503828822682,6.624503828822682,-8.486360115515481
91422,PA,2021,2022,108.49978012313105,127.73664134241416,-19.236861219283114,19.236861219283114,-17.729861938385636
91428,PA,2021,2022,262.75235378031385,370.4934837530194,-107.74112997270555,107.74112997270555,-41.00482009869547
91434,PA,2021,2022,80.42802197802197,87.19070558193692,-6.762683603914951,6.762683603914951,-8.408367429156648
91446,PA,2021,2022,225.76937441643324,256.3738826892693,-30.604508272836057,30.604508272836057,-13.555650916756237
91458,PA,2021,2022,141.1234375,179.77061097639154,-38.64717347639154,38.64717347639154,-27.385368554668
91806,PA,2021,2022,79.8626541897065,84.9949329802922,-5.132278790585701,5.132278790585701,-6.426381445317905
91866,PA,2021,2022,117.4920634920635,111.21485770358265,6.277205788480842,6.277205788480842,5.34266366758029
91872,PA,2021,2022,88.08484848484848,87.20726275185856,0.8775857329899139,0.8775857329899139,0.9962958988808023
91884,PA,2021,2022,69.21049382716049,71.5646296825158,-2.3541358553553096,2.3541358553553096,-3.4014146196302226
91896,PA,2021,2022,46.03636363636364,45.98083380577149,0.055529830592149665,0.055529830592149665,0.12062166992765526
91902,PA,2021,2022,129.88582392776524,136.05241771199073,-6.166593784225483,6.166593784225483,-4.747703481216684
91920,PA,2021,2022,68.21521739130435,72.52393493305652,-4.3087175417521735,4.3087175417521735,-6.316358294419834
91926,PA,2021,2022,80.74255319148936,85.80056995584594,-5.05801676435658,5.05801676435658,-6.264375554685479
91932,PA,2021,2022,68.91707317073171,63.82721729992716,5.0898558708045485,5.0898558708045485,7.385478861232533
91938,PA,2021,2022,92.6960396039604,88.07680236156365,4.61923724239675,4.61923724239675,4.983208842721037
91962,PA,2021,2022,71.05636363636364,72.3823437525244,-1.325980116160764,1.325980116160764,-1.8660962203843816
91974,PA,2021,2022,114.8076923076923,108.04816531339719,6.759526994295115,6.759526994295115,5.8876952044111555
91980,PA,2021,2022,121.78327759197325,140.94296785047624,-19.15969025850299,19.15969025850299,-15.73261176521809
91992,PA,2021,2022,87.16342042755345,93.18637969092083,-6.022959263367383,6.022959263367383,-6.9099620389190815
91998,PA,2021,2022,68.65747126436781,72.38883329332793,-3.7313620289601204,3.7313620289601204,-5.434750159370697
92022,PA,2021,2022,123.23846153846154,93.1725156138876,30.06594592457394,30.06594592457394,24.396560577957757
92028,PA,2021,2022,71.83823529411765,77.65738065074265,-5.819145356625,5.819145356625,-8.100345634605937
92040,PA,2021,2022,100.55507246376813,93.80531918736077,6.749753276407361,6.749753276407361,6.712494070191659
92046,PA,2021,2022,115.13125,109.23448697109261,5.896763028907387,5.896763028907387,5.121774521606763
92052,PA,2021,2022,74.97169811320755,79.37308625471867,-4.40138814151112,4.40138814151112,-5.870732892917814
92064,PA,2021,2022,76.02763157894736,82.30793729616967,-6.280305717222305,6.280305717222305,-8.260556835445824
92070,PA,2021,2022,71.20547945205479,72.54067555037977,-1.3351960983249853,1.3351960983249853,-1.8751311115375904
92094,PA,2021,2022,74.43766233766233,77.80992582350078,-3.3722634858384453,3.3722634858384453,-4.530318900318584
92112,PA,2021,2022,80.80606060606061,77.74629666988177,3.0597639361788396,3.0597639361788396,3.786552534834685
92142,PA,2021,2022,75.49342105263158,82.00919231947084,-6.515771266839266,6.515771266839266,-8.63091270204417
92154,PA,2021,2022,80.50909090909092,83.18310393224445,-2.6740130231535346,2.6740130231535346,-3.321380222977516
92160,PA,2021,2022,119.99130434782607,115.31169002357235,4.67961432425372,4.67961432425372,3.899961209429508
92172,PA,2021,2022,116.61379310344827,86.9357340650679,29.67805903838037,29.67805903838037,25.449870249956554
92178,PA,2021,2022,53.58139534883721,52.353767885051376,1.2276274637858364,1.2276274637858364,2.2911450061975245
92184,PA,2021,2022,112.15806451612904,103.11474693441592,9.043317581713126,9.043317581713126,8.063011447930824
92202,PA,2021,2022,213.22911392405064,267.62206828498245,-54.39295436093181,54.39295436093181,-25.509159307535207
92220,PA,2021,2022,88.79019607843138,91.38390617044733,-2.5937100920159537,2.5937100920159537,-2.9211672082859708
92256,PA,2021,2022,88.22911392405064,81.95780712050745,6.271306803543183,6.271306803543183,7.1079789024535005
92262,PA,2021,2022,185.9703703703704,135.0546301365291,50.91574023384129,50.91574023384129,27.37841524563281
92280,PA,2021,2022,173.59642857142856,119.10042232183211,54.49600624959645,54.49600624959645,31.39235449603351
92406,PA,2021,2022,65.24180505415163,71.17237861802505,-5.930573563873423,5.930573563873423,-9.090143289185457
92460,PA,2021,2022,64.6,63.64655983612565,0.9534401638743475,0.9534401638743475,1.475913566368959
92466,PA,2021,2022,58.17666666666667,78.402406766934,-20.225740100267338,20.225740100267338,-34.766069043031
92478,PA,2021,2022,44.03181818181818,46.53764061594457,-2.5058224341263866,2.5058224341263866,-5.690935640629762
92502,PA,2021,2022,60.09702380952381,62.98484634291785,-2.8878225333940364,2.8878225333940364,-4.805267133605361
92514,PA,2021,2022,52.35925925925926,50.76784919945085,1.5914100598084104,1.5914100598084104,3.0394052213925926
92538,PA,2021,2022,85.6144578313253,81.98215634195692,3.6323014893683734,3.6323014893683734,4.242626282262525
92544,PA,2021,2022,51.36761904761904,51.938816496090425,-0.5711974484713878,0.5711974484713878,-1.1119796071176158
92550,PA,2021,2022,59.84273907910272,58.77551783655759,1.0672212425451306,1.0672212425451306,1.783376327635056
92562,PA,2021,2022,64.83125,64.58343899434763,0.24781100565236613,0.24781100565236613,0.3822400549925632
92568,PA,2021,2022,59.47590361445784,66.3471929829499,-6.871289368492064,6.871289368492064,-11.553064267899144
92586,PA,2021,2022,55.51909547738693,56.52756585306316,-1.0084703756762323,1.0084703756762323,-1.8164387712097811
92598,PA,2021,2022,72.9121212121212,69.65808100983224,3.2540402022889623,3.2540402022889623,4.462961916609275
92616,PA,2021,2022,53.64758064516129,57.16396061527746,-3.5163799701161693,3.5163799701161693,-6.5545918899388935
92622,PA,2021,2022,74.65081967213115,95.08009922393884,-20.429279551807696,20.429279551807696,-27.36645041746864
92628,PA,2021,2022,71.75959595959596,79.39818450893316,-7.6385885493372,7.6385885493372,-10.644692806852044
92640,PA,2021,2022,68.38571428571429,78.71674994557443,-10.331035659860149,10.331035659860149,-15.10700848527701
92652,PA,2021,2022,59.885,60.385086549483376,-0.5000865494833775,0.5000865494833775,-0.835078148924401
92664,PA,2021,2022,55.84782608695652,56.97112844162516,-1.1233023546686383,1.1233023546686383,-2.0113627214775147
92670,PA,2021,2022,66.78273381294964,72.78568539577215,-6.002951582822504,6.002951582822504,-8.988777847334081
92676,PA,2021,2022,53.9625,61.188471059136084,-7.225971059136086,7.225971059136086,-13.390727003263535
92700,PA,2021,2022,24.375,53.59544241828784,-29.22044241828784,29.22044241828784,-119.87873812630907
92706,PA,2021,2022,60.43333333333333,66.38742071192019,-5.9540873785868556,5.9540873785868556,-9.852323296062089
92736,PA,2021,2022,60.33965517241379,58.94373156844558,1.395923603968214,1.395923603968214,2.313443124558002
92748,PA,2021,2022,60.231632653061226,64.90890866325195,-4.677276010190724,4.677276010190724,-7.765481034080859
92754,PA,2021,2022,67.40615384615384,66.39967935321238,1.0064744929414644,1.0064744929414644,1.4931492682976946
92766,PA,2021,2022,54.21564245810056,56.54301966288531,-2.327377204784746,2.327377204784746,-4.292814950193408
92772,PA,2021,2022,50.78125,50.7334179306752,0.047832069324798,0.047832069324798,0.09419238267037144
92784,PA,2021,2022,61.27777777777778,61.67200092555604,-0.39422314777826273,0.39422314777826273,-0.6433378658212809
92808,PA,2021,2022,54.29134615384616,54.58443207829507,-0.2930859244489099,0.2930859244489099,-0.5398391184082785
92814,PA,2021,2022,55.54065934065934,55.57401856965156,-0.03335922899221799,0.03335922899221799,-0.06006271691448374
92820,PA,2021,2022,81.87948717948719,83.8006859393223,-1.9211987598351215,1.9211987598351215,-2.346373708501228
92838,PA,2021,2022,83.99255319148936,81.98777153157859,2.004781659910776,2.004781659910776,2.386856433974807
92844,PA,2021,2022,52.38795180722892,54.42326231887097,-2.035310511642045,2.035310511642045,-3.88507365039073
92868,PA,2021,2022,61.85665399239544,63.59771295004943,-1.7410589576539905,1.7410589576539905,-2.814667210851776
92874,PA,2021,2022,68.17227722772277,72.89140090330808,-4.719123675585308,4.719123675585308,-6.922350062946468
92880,PA,2021,2022,64.7022988505747,64.44277459842797,0.2595242521467327,0.2595242521467327,0.4011051489006368
92916,PA,2021,2022,67.68773584905661,70.97984189213092,-3.2921060430743125,3.2921060430743125,-4.8636669579489205
92940,PA,2021,2022,58.13666666666666,50.44785489496338,7.688811771703286,7.688811771703286,13.225408700825557
93006,PA,2021,2022,69.42645429362881,71.34530067095564,-1.9188463773268296,1.9188463773268296,-2.763854782517563
93126,PA,2021,2022,55.06046511627907,59.54910037871218,-4.488635262433114,4.488635262433114,-8.152192781070447
93132,PA,2021,2022,70.80740740740741,74.83463290774975,-4.02722550034234,4.02722550034234,-5.687576551377925
93180,PA,2021,2022,59.845569620253166,63.64879246242687,-3.803222842173703,3.803222842173703,-6.355061646679694
93186,PA,2021,2022,57.63823529411765,59.53743144633551,-1.8991961522178613,1.8991961522178613,-3.2950282785838283
93198,PA,2021,2022,54.73030303030303,59.962044067163234,-5.231741036860207,5.231741036860207,-9.559130403432082
93204,PA,2021,2022,57.16315789473684,59.416328361786384,-2.253170467049543,2.253170467049543,-3.941647995022679
93210,PA,2021,2022,61.21941747572816,69.3147944492367,-8.095376973508543,8.095376973508543,-13.223544599584178
93216,PA,2021,2022,58.3304347826087,63.74048260807802,-5.41004782546932,5.41004782546932,-9.274828561851098
93222,PA,2021,2022,59.2722371967655,61.69816655742279,-2.4259293606572854,2.4259293606572854,-4.092859448857903
93228,PA,2021,2022,61.36451612903226,69.65637617800147,-8.291860048969205,8.291860048969205,-13.51246709341562
93234,PA,2021,2022,46.76,45.12057006752965,1.6394299324703496,1.6394299324703496,3.5060520369340242
93240,PA,2021,2022,50.85625,67.97193546222263,-17.11568546222263,17.11568546222263,-33.65502856034928
93246,PA,2021,2022,65.32485207100592,64.46673094547418,0.8581211255317385,0.8581211255317385,1.313621230399404
93252,PA,2021,2022,53.54705882352941,58.12712227686532,-4.58006345333591,4.58006345333591,-8.553342711931283
93270,PA,2021,2022,55.895833333333336,57.85000841608379,-1.954175082750453,1.954175082750453,-3.4961015270973435
93276,PA,2021,2022,42.40625,52.505792272864646,-10.099542272864646,10.099542272864646,-23.816164534389735
93300,PA,2021,2022,59.36202531645569,54.78256781741534,4.579457499040352,4.579457499040352,7.714456295295714
93306,PA,2021,2022,60.879411764705885,62.076298673384784,-1.1968869086788985,1.1968869086788985,-1.965996178321781
93312,PA,2021,2022,56.81647509578544,59.395725435770586,-2.579250339985144,2.579250339985144,-4.539616960814362
93324,PA,2021,2022,57.47008547008547,58.149015730244436,-0.678930260158964,0.678930260158964,-1.1813628857614333
93342,PA,2021,2022,65.88117647058823,63.85243656503327,2.028739905554957,2.028739905554957,3.079392345794949
93348,PA,2021,2022,53.53493975903614,58.753380509120795,-5.218440750084653,5.218440750084653,-9.747728817055098
93354,PA,2021,2022,61.72164948453608,61.80909077652201,-0.08744129198593242,0.08744129198593242,-0.1416703745220552
93372,PA,2021,2022,50.56153846153846,66.93192256067945,-16.370384099140992,16.370384099140992,-32.37714792162375
93378,PA,2021,2022,66.7679104477612,67.19083663256748,-0.4229261848062862,0.4229261848062862,-0.633427318557739
93606,PA,2021,2022,87.47956764295677,93.72009056265614,-6.240522919699373,6.240522919699373,-7.133692001279359
93660,PA,2021,2022,74.61525423728814,77.11335752262337,-2.498103285335233,2.498103285335233,-3.347979325234054
93666,PA,2021,2022,51.36666666666667,54.529665374159876,-3.162998707493209,3.162998707493209,-6.1576872955740605
93672,PA,2021,2022,53.36315789473685,54.73372947853195,-1.3705715837950976,1.3705715837950976,-2.5683854514357285
93678,PA,2021,2022,71.03716417910448,77.69829709816884,-6.661132919064357,6.661132919064357,-9.376969078143077
93690,PA,2021,2022,57.8,66.67210111259934,-8.872101112599339,8.872101112599339,-15.349655904151104
93708,PA,2021,2022,61.19,67.77553660808255,-6.585536608082549,6.585536608082549,-10.762439300674211
93720,PA,2021,2022,48.0825,44.62113993175408,3.4613600682459236,3.4613600682459236,7.198793881861225
93732,PA,2021,2022,113.11311475409836,154.30967819737552,-41.19656344327716,41.19656344327716,-36.42067812634831
93738,PA,2021,2022,69.66666666666667,73.82164119676244,-4.154974530095771,4.154974530095771,-5.964078272864742
93756,PA,2021,2022,78.35641025641026,88.50042198362532,-10.144011727215059,10.144011727215059,-12.945988329506438
93762,PA,2021,2022,58.31314102564102,62.27041619627037,-3.9572751706293445,3.9572751706293445,-6.78624937883089
93768,PA,2021,2022,58.35,60.74698301298484,-2.3969830129848404,2.3969830129848404,-4.107940039391329
93786,PA,2021,2022,45.03333333333333,39.997941416630255,5.035391916703077,5.035391916703077,11.181477239163014
93792,PA,2021,2022,123.2383064516129,141.95954590309822,-18.721239451485317,18.721239451485317,-15.191087893467477
93804,PA,2021,2022,45.583333333333336,41.74747930550627,3.835854027827068,3.835854027827068,8.415036258487168
93816,PA,2021,2022,118.30666666666669,118.5594012473121,-0.2527345806454093,0.2527345806454093,-0.21362666007444714
93822,PA,2021,2022,60.28021978021978,64.47333788787154,-4.193118107651756,4.193118107651756,-6.956043164639683
93834,PA,2021,2022,65.16632653061224,72.83129720376402,-7.664970673151785,7.664970673151785,-11.76216472713269
93846,PA,2021,2022,54.604,59.748208693121924,-5.144208693121925,5.144208693121925,-9.42093746451162
93852,PA,2021,2022,90.03384551495017,102.7505863817815,-12.71674086683133,12.71674086683133,-14.124400434189727
93864,PA,2021,2022,71.0768253968254,77.54977657033507,-6.472951173509671,6.472951173509671,-9.106978452358932
93882,PA,2021,2022,52.96470588235294,57.011234792832916,-4.046528910479978,4.046528910479978,-7.640047920719639
93900,PA,2021,2022,86.77211394302849,85.03878675614278,1.7333271868857025,1.7333271868857025,1.99756247499484
93930,PA,2021,2022,94.22333333333331,103.54297796264392,-9.319644629310602,9.319644629310602,-9.891015632338702
93936,PA,2021,2022,66.04183266932272,70.04762815482883,-4.005795485506113,4.005795485506113,-6.065542586565525
93948,PA,2021,2022,111.48142857142857,131.07589047391136,-19.59446190248279,19.59446190248279,-17.576435962092283
93960,PA,2021,2022,46.77692307692308,62.38610845670993,-15.609185379786844,15.609185379786844,-33.369414559649556
93966,PA,2021,2022,47.52857142857143,49.399351211537855,-1.870779782966423,1.870779782966423,-3.9361161649428795
93990,PA,2021,2022,62.64303797468354,63.76477661317574,-1.1217386384922037,1.1217386384922037,-1.790683649387409
93996,PA,2021,2022,65.32369109947643,69.04565873509188,-3.7219676356154423,3.7219676356154423,-5.697730138897913
94008,PA,2021,2022,139.2554441260745,166.13664926661045,-26.88120514053594,26.88120514053594,-19.30352189046133
94020,PA,2021,2022,75.21551724137932,81.65979230582373,-6.444275064444412,6.444275064444412,-8.567746790550736
94026,PA,2021,2022,58.91612903225806,61.88427587812139,-2.9681468458633304,2.9681468458633304,-5.037918978414544
94032,PA,2021,2022,71.78095238095239,72.31391174565775,-0.5329593647053628,0.5329593647053628,-0.7424802082269217
94050,PA,2021,2022,49.91666666666666,43.98366230717584,5.933004359490816,5.933004359490816,11.885818416342204
94062,PA,2021,2022,106.16190476190476,103.23390698905281,2.9279977728519526,2.9279977728519526,2.7580493957966716
94068,PA,2021,2022,61.741379310344826,61.26617764299391,0.47520166735091607,0.47520166735091607,0.7696648060975463
94074,PA,2021,2022,70.65714285714286,75.31884192702043,-4.661699069877571,4.661699069877571,-6.597633135694095
94086,PA,2021,2022,66.14587155963302,68.18991701791957,-2.044045458286547,2.044045458286547,-3.0902086707615033
94098,PA,2021,2022,67.75569948186528,72.44616217727355,-4.6904626954082715,4.6904626954082715,-6.92260980445441
94104,PA,2021,2022,54.26875,54.71699669433987,-0.44824669433987196,0.44824669433987196,-0.8259757122466833
94116,PA,2021,2022,73.27857142857142,83.00957688824253,-9.73100545967111,9.73100545967111,-13.279469386430993
94122,PA,2021,2022,84.63230769230769,86.18628175323968,-1.553974060931992,1.553974060931992,-1.8361475697693097
94128,PA,2021,2022,53.18055555555556,58.38279251213017,-5.202236956574616,5.202236956574616,-9.78221626725966
94140,PA,2021,2022,51.60904645476773,52.12043097542587,-0.5113845206581402,0.5113845206581402,-0.9908815523385779
94152,PA,2021,2022,57.83265306122449,54.93836560804882,2.8942874531756715,2.8942874531756715,5.004590486470742
94182,PA,2021,2022,50.766666666666666,51.36511609446388,-0.5984494277972132,0.5984494277972132,-1.1788235609925408
94188,PA,2021,2022,51.57105263157895,49.47426960149096,2.096783030087991,2.096783030087991,4.06581390740132
94206,PA,2021,2022,73.38412322274881,81.32476519424384,-7.940641971495026,7.940641971495026,-10.820653872762298
94266,PA,2021,2022,47.025,52.41486966024255,-5.389869660242553,5.389869660242553,-11.461711132892193
94278,PA,2021,2022,41.27272727272727,53.57964410394083,-12.306916831213556,12.306916831213556,-29.818520956684825
94284,PA,2021,2022,52.742537313432834,54.558991955533834,-1.8164546421010002,1.8164546421010002,-3.4440031417266934
94302,PA,2021,2022,63.73978947368421,70.36275495079683,-6.622965477112615,6.622965477112615,-10.39062967072866
94332,PA,2021,2022,58.79454545454546,65.02406457222632,-6.229519117680866,6.229519117680866,-10.595403144152135
94344,PA,2021,2022,53.9061224489796,59.4906035297338,-5.584481080754195,5.584481080754195,-10.359641589950613
94350,PA,2021,2022,68.8016393442623,70.11048947074435,-1.3088501264820565,1.3088501264820565,-1.902353110996341
94368,PA,2021,2022,52.44025974025974,55.21591540096851,-2.7756556607087717,2.7756556607087717,-5.292986103533407
94374,PA,2021,2022,53.433898305084746,54.97423257020239,-1.540334265117643,1.540334265117643,-2.8826911641800717
94392,PA,2021,2022,63.41733333333333,66.13481511383699,-2.717481780503661,2.717481780503661,-4.285077340322826
94452,PA,2021,2022,51.71707317073171,55.093133711186425,-3.3760605404547164,3.3760605404547164,-6.527941999558733
94482,PA,2021,2022,67.87865168539327,76.94762154356229,-9.068969858169027,9.068969858169027,-13.36056275867449
94488,PA,2021,2022,59.1780185758514,63.01815968799345,-3.8401411121420566,3.8401411121420566,-6.489134318040672
94518,PA,2021,2022,46.96666666666667,55.94952259143152,-8.982855924764849,8.982855924764849,-19.12602397040067
94542,PA,2021,2022,59.42058823529412,64.11245539506044,-4.691867159766318,4.691867159766318,-7.896029472457299
94554,PA,2021,2022,61.19478260869565,67.39395860775181,-6.199175999056166,6.199175999056166,-10.130236165223792
94572,PA,2021,2022,63.11111111111112,65.84846120613959,-2.737350095028468,2.737350095028468,-4.337350502685952
94590,PA,2021,2022,71.29864864864865,77.67632323448652,-6.377674585837866,6.377674585837866,-8.945014676598284
94602,PA,2021,2022,61.09340836012862,66.2784981084273,-5.1850897482986795,5.1850897482986795,-8.487150884976035
94626,PA,2021,2022,56.0275,63.41519600496209,-7.387696004962088,7.387696004962088,-13.185839105728592
94632,PA,2021,2022,50.334848484848486,50.07154994064972,0.2632985441987685,0.2632985441987685,0.5230939441051962
94638,PA,2021,2022,53.08,54.526040968390156,-1.4460409683901574,1.4460409683901574,-2.7242670843823613
94644,PA,2021,2022,65.45314685314685,69.04556339644822,-3.5924165433013684,3.5924165433013684,-5.488531439689905
94806,PA,2021,2022,69.9604347826087,80.60469338084575,-10.644258598237045,10.644258598237045,-15.214683315380245
94938,PA,2021,2022,57.2125,62.12423421224806,-4.911734212248064,4.911734212248064,-8.585071815159386
94944,PA,2021,2022,66.86502057613168,73.78436524996215,-6.919344673830466,6.919344673830466,-10.348227839027112
94950,PA,2021,2022,61.56636568848759,62.47999067668332,-0.9136249881957283,0.9136249881957283,-1.4839677118809835
94962,PA,2021,2022,39.871428571428574,40.76293293379523,-0.8915043623666534,0.8915043623666534,-2.23594788124922
94968,PA,2021,2022,61.05,80.82048041310487,-19.770480413104877,19.770480413104877,-32.384079300745086
94974,PA,2021,2022,60.10172413793104,55.63881315218666,4.4629109857443865,4.4629109857443865,7.4255956043826385
94992,PA,2021,2022,48.86923076923077,63.99727383665859,-15.128043067427825,15.128043067427825,-30.956171867867422
95004,PA,2021,2022,50.45816326530612,56.78313177109747,-6.324968505791354,6.324968505791354,-12.53507479559855
95040,PA,2021,2022,56.73645833333333,59.74323939545038,-3.0067810621170494,3.0067810621170494,-5.299557199097375
95070,PA,2021,2022,53.57891156462585,53.219829972524984,0.3590815921008641,0.3590815921008641,0.6701920244642275
95076,PA,2021,2022,66.49161676646706,69.72468922758621,-3.23307246111915,3.23307246111915,-4.862376068361218
95088,PA,2021,2022,59.82222222222222,57.33446781320367,2.4877544090185495,2.4877544090185495,4.15857906410976
95094,PA,2021,2022,52.79666666666667,48.24514271392813,4.551523952738535,4.551523952738535,8.620854762431723
95106,PA,2021,2022,54.08305647840532,54.42601600411166,-0.34295952570634114,0.34295952570634114,-0.6341348807519422
95118,PA,2021,2022,56.697476340694,59.621444174041564,-2.923967833347561,2.923967833347561,-5.157139298013013
95136,PA,2021,2022,76.29512195121951,80.56005089292414,-4.264928941704625,4.264928941704625,-5.590041450397673
95142,PA,2021,2022,69.6362385321101,68.70763288520573,0.9286056469043729,0.9286056469043729,1.3335091993462307
95160,PA,2021,2022,58.92372881355932,65.1210315042524,-6.197302690693078,6.197302690693078,-10.517499173044488
95184,PA,2021,2022,56.58505747126437,54.46961159664067,2.1154458746237026,2.1154458746237026,3.7385238597627843
95190,PA,2021,2022,47.67368421052632,45.49080210552689,2.182882104999429,2.182882104999429,4.578798851290477
95208,PA,2021,2022,57.01095890410959,58.67888730152639,-1.6679283974167944,1.6679283974167944,-2.925627685410783
95220,PA,2021,2022,61.215873015873015,69.38731952401524,-8.171446508142225,8.171446508142225,-13.348574651583265
95406,PA,2021,2022,28.016964285714284,28.37068801956015,-0.35372373384586453,0.35372373384586453,-1.2625341212510541
95412,PA,2021,2022,40.64858387799564,40.337842422260344,0.31074145573529677,0.31074145573529677,0.7644582568189071
95424,PA,2021,2022,75.20440587449933,85.28390098410331,-10.079495109603982,10.079495109603982,-13.402798669036207
95430,PA,2021,2022,72.51621900826446,84.29950109071602,-11.783282082451564,11.783282082451564,-16.24916776357115
95436,PA,2021,2022,39.79885321100917,40.39041150693502,-0.5915582959258501,0.5915582959258501,-1.4863702046626135
95454,PA,2021,2022,53.94066390041494,56.42740854029066,-2.486744639875724,2.486744639875724,-4.610148374270556
95520,PA,2021,2022,59.638636363636365,63.308416778920545,-3.6697804152841798,3.6697804152841798,-6.153360705480123
95538,PA,2021,2022,55.22,57.9390859467856,-2.7190859467856043,2.7190859467856043,-4.924096245537132
95544,PA,2021,2022,53.07291666666666,56.6816000231774,-3.6086833565107455,3.6086833565107455,-6.799481888616911
95556,PA,2021,2022,71.82608695652173,82.90824352652615,-11.082156570004415,11.082156570004415,-15.429152609570313
95562,PA,2021,2022,55.12641509433962,51.506315045899086,3.620100048440534,3.620100048440534,6.566906341080478
95568,PA,2021,2022,75.762,86.84549270563596,-11.083492705635962,11.083492705635962,-14.629356017048073
95586,PA,2021,2022,78.61774580335731,88.31288866128268,-9.695142857925376,9.695142857925376,-12.332003110564068
95610,PA,2021,2022,61.533884297520665,65.11327818460279,-3.5793938870821265,3.5793938870821265,-5.816947732042244
95616,PA,2021,2022,56.370769230769234,51.75412944951704,4.616639781252196,4.616639781252196,8.189776091847731
95628,PA,2021,2022,63.6198347107438,65.1763508581524,-1.5565161474086011,1.5565161474086011,-2.4465894237001913
95640,PA,2021,2022,83.69518072289156,84.20223571998261,-0.5070549970910463,0.5070549970910463,-0.6058353571992002
95652,PA,2021,2022,67.2060606060606,71.43689874333836,-4.2308381372777575,4.2308381372777575,-6.295322325284787
95658,PA,2021,2022,53.925,54.09680897667403,-0.17180897667403627,0.17180897667403627,-0.3186072817321025
95664,PA,2021,2022,62.31655172413793,67.33404107591619,-5.017489351778259,5.017489351778259,-8.051615843555679
95670,PA,2021,2022,48.54545454545455,46.95034481897804,1.5951097264765082,1.5951097264765082,3.2858065526669646
95676,PA,2021,2022,58.73044871794872,59.55746781918979,-0.8270191012410706,0.8270191012410706,-1.4081607058934726
95694,PA,2021,2022,48.096875,47.09378854933652,1.0030864506634742,1.0030864506634742,2.0855543123404052
95712,PA,2021,2022,58.974242424242426,58.9531532365498,0.021089187692624023,0.021089187692624023,0.035759997628990195
95724,PA,2021,2022,51.95638297872341,56.27706418014367,-4.320681201420257,4.320681201420257,-8.315977659933743
95730,PA,2021,2022,77.19767441860465,74.49481325574979,2.702861162854859,2.702861162854859,3.5012209670962178
95736,PA,2021,2022,52.15891472868217,52.509325083170616,-0.3504103544884458,0.3504103544884458,-0.671812970632526
95742,PA,2021,2022,55.93,64.63899287056051,-8.708992870560515,8.708992870560515,-15.571237029430565
95748,PA,2021,2022,73.76862745098039,75.00598211616736,-1.2373546651869702,1.2373546651869702,-1.6773453810147116
95766,PA,2021,2022,59.01136363636363,55.86422372965547,3.147139906708162,3.147139906708162,5.333108257082963
95778,PA,2021,2022,58.51841085271318,60.254715842655365,-1.7363049899421839,1.7363049899421839,-2.967108922886413
96006,PA,2021,2022,66.1956278596848,71.50114742180375,-5.3055195621189455,5.3055195621189455,-8.014909343204783
96012,PA,2021,2022,91.50576671035388,96.1099128268816,-4.6041461165277155,4.6041461165277155,-5.031536570915105
96120,PA,2021,2022,65.00350877192983,67.92168969301663,-2.918180921086801,2.918180921086801,-4.489266773775981
96138,PA,2021,2022,76.52339449541284,86.27418511839501,-9.750790622982166,9.750790622982166,-12.742234825412341
96150,PA,2021,2022,71.2969465648855,75.5904744468856,-4.293527882000092,4.293527882000092,-6.022036130386963
96168,PA,2021,2022,63.60843373493976,67.27765503821169,-3.6692213032719323,3.6692213032719323,-5.768450955044424
96198,PA,2021,2022,90.7806179775281,99.50775439535263,-8.72713641782454,8.72713641782454,-9.613435788666763
96204,PA,2021,2022,68.35,69.7434301097048,-1.3934301097048092,1.3934301097048092,-2.0386687779148636
96222,PA,2021,2022,105.4895104895105,125.23654635799537,-19.747035868484872,19.747035868484872,-18.719430753684698
96228,PA,2021,2022,59.40394736842105,61.81850813392155,-2.4145607655004966,2.4145607655004966,-4.064647001529178
96240,PA,2021,2022,58.85333333333333,61.65133989309818,-2.7980065597648505,2.7980065597648505,-4.754202355740005
96246,PA,2021,2022,63.28117647058824,70.38992412795228,-7.108747657364042,7.108747657364042,-11.233589597797755
96270,PA,2021,2022,43.19122807017544,40.47944789701239,2.7117801731630493,2.7117801731630493,6.278543802359714
96276,PA,2021,2022,174.92845360824742,217.5223679149062,-42.593914306658775,42.593914306658775,-24.34933450109147
96294,PA,2021,2022,61.28357142857143,65.50605592301683,-4.222484494445403,4.222484494445403,-6.890075751160955
96300,PA,2021,2022,59.95074626865672,61.97175638885941,-2.021010120202689,2.021010120202689,-3.3711175356282563
96306,PA,2021,2022,92.2340579710145,89.26886679773719,2.9651911732773044,2.9651911732773044,3.2148549445901495
96312,PA,2021,2022,77.06,79.81811296949576,-2.7581129694957554,2.7581129694957554,-3.579175927194076
96318,PA,2021,2022,94.731981981982,104.05769538213649,-9.325713400154484,9.325713400154484,-9.84431361515083
96330,PA,2021,2022,98.41350762527232,105.37712806395905,-6.963620438686732,6.963620438686732,-7.075878714944303
96336,PA,2021,2022,83.55645161290323,89.4350051357834,-5.878553522880168,5.878553522880168,-7.035427437864499
96342,PA,2021,2022,71.34665314401623,72.02475745090945,-0.6781043068932178,0.6781043068932178,-0.9504360429135136
96354,PA,2021,2022,110.16215139442232,124.98767997813924,-14.825528583716917,14.825528583716917,-13.45791489731886
96366,PA,2021,2022,70.65275590551181,73.69018740991969,-3.037431504407877,3.037431504407877,-4.299098408093263
96378,PA,2021,2022,100.43700440528634,106.13581390972192,-5.698809504435573,5.698809504435573,-5.67401381411135
96396,PA,2021,2022,126.50920069005176,146.28047526839015,-19.771274578338392,19.771274578338392,-15.628329378807889
96606,PA,2021,2022,55.49894588896697,58.90770352787623,-3.4087576389092575,3.4087576389092575,-6.1420223110704315
96612,PA,2021,2022,63.17,64.5640293334877,-1.394029333487694,1.394029333487694,-2.206790143244727
96630,PA,2021,2022,81.020737913486,90.90751928921803,-9.886781375732028,9.886781375732028,-12.202778733377052
96660,PA,2021,2022,58.65625,62.43669889637098,-3.7804488963709773,3.7804488963709773,-6.445091352363947
96666,PA,2021,2022,48.6531914893617,66.37917024420176,-17.725978754840057,17.725978754840057,-36.433331940240635
96672,PA,2021,2022,54.50266666666667,52.39477146380336,2.107895202863311,2.107895202863311,3.867508384048446
96684,PA,2021,2022,56.7,57.96505664715329,-1.265056647153287,1.265056647153287,-2.2311404711698177
96690,PA,2021,2022,71.63677419354839,75.56901242167955,-3.9322382281311548,3.9322382281311548,-5.489133580341048
96696,PA,2021,2022,66.3712,65.54860792319582,0.8225920768041846,0.8225920768041846,1.2393810520288686
96702,PA,2021,2022,61.17242647058824,63.558953585132684,-2.3865271145444424,2.3865271145444424,-3.901311836456065
96720,PA,2021,2022,68.39433962264151,73.67403140347346,-5.2796917808319535,5.2796917808319535,-7.719486451601244
96726,PA,2021,2022,39.17765363128492,36.642273702319876,2.5353799289650425,2.5353799289650425,6.471495084484694
96738,PA,2021,2022,88.86330275229358,106.1624667153642,-17.299163963070626,17.299163963070626,-19.467162965225405
96744,PA,2021,2022,56.9635294117647,65.78017559401279,-8.816646182248085,8.816646182248085,-15.477703494311887
96750,PA,2021,2022,56.46049868766404,60.9816594460622,-4.52116075839816,4.52116075839816,-8.007652896246878
96762,PA,2021,2022,74.12328767123287,77.57775757880388,-3.45446990757101,3.45446990757101,-4.660438056785876
96780,PA,2021,2022,58.40219780219781,60.55690517639491,-2.154707374197102,2.154707374197102,-3.6894285750938214
96786,PA,2021,2022,53.79268292682927,66.86542784903936,-13.072744922210092,13.072744922210092,-24.30208759059686
96798,PA,2021,2022,59.29066666666667,66.65902412929012,-7.36835746262345,7.36835746262345,-12.427516634360861
96804,PA,2021,2022,57.73390804597701,66.10740328012056,-8.373495234143554,8.373495234143554,-14.503600254247873
96822,PA,2021,2022,70.31444652908067,75.41879990600188,-5.10435337692121,5.10435337692121,-7.2593238358352865
96846,PA,2021,2022,71.09740259740259,82.73068114982273,-11.633278552420137,11.633278552420137,-16.362452252011153
96852,PA,2021,2022,78.18056680161943,93.69041902904493,-15.509852227425498,15.509852227425498,-19.838500617143424
96858,PA,2021,2022,65.70227272727273,73.55475052764558,-7.852477800372853,7.852477800372853,-11.951607569144748
96870,PA,2021,2022,60.250381679389314,65.75053257891201,-5.500150899522701,5.500150899522701,-9.128823330598443
96876,PA,2021,2022,47.951743119266055,46.38731651767348,1.5644266015925723,1.5644266015925723,3.262502048573114
96888,PA,2021,2022,78.75483119906869,85.77660783765445,-7.021776638585763,7.021776638585763,-8.915994779846342
96900,PA,2021,2022,64.69194444444445,67.29868139779728,-2.6067369533528364,2.6067369533528364,-4.029461435637363
96918,PA,2021,2022,60.78813559322034,68.12172009899811,-7.333584505777772,7.333584505777772,-12.064170802757243
96924,PA,2021,2022,60.26833333333333,65.80766586213193,-5.539332528798596,5.539332528798596,-9.191116167360299
96936,PA,2021,2022,72.60522875816993,79.65234575735359,-7.0471169991836575,7.0471169991836575,-9.706073680527696
96942,PA,2021,2022,59.496855345911946,68.41934141286137,-8.922486066949425,8.922486066949425,-14.996567490961507
96954,PA,2021,2022,66.37045454545455,75.58820541092493,-9.217750865470379,9.217750865470379,-13.88833469440457
97206,PA,2021,2022,79.20583016476553,74.47681367753871,4.729016487226815,4.729016487226815,5.970540902594445
97260,PA,2021,2022,61.53636363636364,58.50899200969027,3.0273716266733715,3.0273716266733715,4.91964660856952
97284,PA,2021,2022,67.09907407407407,66.90551154491621,0.19356252915785888,0.19356252915785888,0.2884727275732231
97308,PA,2021,2022,70.3804347826087,84.37300521021191,-13.992570427603212,13.992570427603212,-19.881335588254757
97332,PA,2021,2022,57.83271028037383,66.80640987907685,-8.973699598703021,8.973699598703021,-15.516650620727255
97344,PA,2021,2022,58.56730769230769,56.04935049710134,2.517957195206357,2.517957195206357,4.299253789221164
97356,PA,2021,2022,61.13854166666667,62.21700881156242,-1.078467144895754,1.078467144895754,-1.7639726357485965
97368,PA,2021,2022,54.25555555555555,69.17269267669084,-14.91713712113529,14.91713712113529,-27.49421136396019
97374,PA,2021,2022,93.9186507936508,90.98615911051895,2.9324916831318433,2.9324916831318433,3.122374159286889
97392,PA,2021,2022,59.30260416666667,59.49331103881201,-0.19070687214534132,0.19070687214534132,-0.3215826266404259
97398,PA,2021,2022,69.76981132075471,71.5505814800736,-1.780770159318891,1.780770159318891,-2.5523505447536703
97410,PA,2021,2022,73.72419354838709,65.95704648690035,7.767147061486739,7.767147061486739,10.535411359079784
97434,PA,2021,2022,54.612857142857145,57.99719265193536,-3.3843355090782126,3.3843355090782126,-6.196957431151086
97440,PA,2021,2022,59.82,66.89339115223626,-7.073391152236262,7.073391152236262,-11.82445862961595
97452,PA,2021,2022,62.12964824120603,60.177753123446244,1.9518951177597827,1.9518951177597827,3.14164842875327
97488,PA,2021,2022,55.17410071942446,55.63809769817899,-0.4639969787545297,0.4639969787545297,-0.8409688109174313
97494,PA,2021,2022,61.57419354838709,67.17657242474597,-5.602378876358877,5.602378876358877,-9.098582626106728
97524,PA,2021,2022,70.30466666666666,84.52850127485003,-14.223834608183367,14.223834608183367,-20.231707627066058
97530,PA,2021,2022,59.0,61.21629707470075,-2.2162970747007478,2.2162970747007478,-3.7564357198317757
97536,PA,2021,2022,48.87368421052632,77.11784367948863,-28.24415946896231,28.24415946896231,-57.79011737134222
97548,PA,2021,2022,54.23717948717949,53.977194115748844,0.2599853714306448,0.2599853714306448,0.4793489888096039
97554,PA,2021,2022,65.64691358024692,67.83502248895107,-2.1881089087041516,2.1881089087041516,-3.333148185298008
97572,PA,2021,2022,67.91732283464567,72.86354538522336,-4.946222550577687,4.946222550577687,-7.282711308600849
97806,PA,2021,2022,57.07450076804916,64.52918273060975,-7.454681962560585,7.454681962560585,-13.061317860416196
97866,PA,2021,2022,60.75416666666667,73.3784155373809,-12.624248870714233,12.624248870714233,-20.779231389969247
97878,PA,2021,2022,53.20481927710844,47.62156297346349,5.583256303644951,5.583256303644951,10.493892056216731
97884,PA,2021,2022,59.79377431906615,69.0990855430574,-9.305311223991247,9.305311223991247,-15.562341280443484
97896,PA,2021,2022,71.59227799227799,80.89610703804605,-9.303829045768069,9.303829045768069,-12.995576208332956
97902,PA,2021,2022,52.502985074626864,66.65209980077027,-14.14911472614341,14.14911472614341,-26.94916242577845
97914,PA,2021,2022,69.96461538461539,76.03183133054792,-6.067215945932531,6.067215945932531,-8.6718349162349
97938,PA,2021,2022,60.52056737588652,64.7779402527189,-4.257372876832385,4.257372876832385,-7.034588506730802
97956,PA,2021,2022,67.445,69.88001973443392,-2.435019734433922,2.435019734433922,-3.6103784334404665
97962,PA,2021,2022,62.623931623931625,66.28080556398746,-3.6568739400558314,3.6568739400558314,-5.839419284653094
97974,PA,2021,2022,63.26315789473684,51.049930371910094,12.213227522826749,12.213227522826749,19.305434520275227
98004,PA,2021,2022,67.62380952380953,73.50313333327843,-5.8793238094689,5.8793238094689,-8.694162382849582
98010,PA,2021,2022,61.82975409836065,67.9632003062712,-6.133446207910552,6.133446207910552,-9.919894227871714
98040,PA,2021,2022,52.77375,59.988778927819126,-7.215028927819127,7.215028927819127,-13.671624487210263
98046,PA,2021,2022,55.94838709677419,54.38692163042192,1.5614654663522742,1.5614654663522742,2.7909034511600845
98052,PA,2021,2022,54.833333333333336,59.29087316234641,-4.457539829013072,4.457539829013072,-8.129251967804993
98070,PA,2021,2022,77.62254335260116,81.41056920639974,-3.7880258537985867,3.7880258537985867,-4.880058923850823
98076,PA,2021,2022,59.36449275362319,67.14733703618964,-7.782844282566451,7.782844282566451,-13.110268312856832
98082,PA,2021,2022,52.01489361702128,50.334475363997896,1.680418253023383,1.680418253023383,3.230648255086473
98100,PA,2021,2022,59.00642201834862,61.83193591014905,-2.8255138918004263,2.8255138918004263,-4.788485380323189
98106,PA,2021,2022,51.311764705882354,55.532809232889704,-4.221044527007351,4.221044527007351,-8.226270429797657
98118,PA,2021,2022,52.8376,60.36691527518779,-7.529315275187791,7.529315275187791,-14.249919139377623
98124,PA,2021,2022,53.73182844243792,58.73130445069241,-4.99947600825449,4.99947600825449,-9.304496335184929
98160,PA,2021,2022,56.30491803278689,59.749220330134094,-3.444302297347207,3.444302297347207,-6.117231704949036
98172,PA,2021,2022,54.47391304347826,57.66601442120123,-3.1921013777229703,3.1921013777229703,-5.859871632822118
98184,PA,2021,2022,72.23829787234042,67.67945278887103,4.558845083469393,4.558845083469393,6.310842333973301
98190,PA,2021,2022,64.83866666666667,70.12144798158266,-5.282781314915994,5.282781314915994,-8.14757857695407
98226,PA,2021,2022,53.47481481481481,52.06641202450651,1.4084027903083012,1.4084027903083012,2.633768429466563
98238,PA,2021,2022,63.89607843137255,66.86583239506082,-2.9697539636882695,2.9697539636882695,-4.6477875271765345
98244,PA,2021,2022,62.69302325581396,66.18752622979503,-3.4945029739810636,3.4945029739810636,-5.573990202581264
98406,PA,2021,2022,54.534375,56.89457107418262,-2.3601960741826247,2.3601960741826247,-4.32790524175371
98412,PA,2021,2022,54.486666666666665,51.7604653131739,2.726201353492762,2.726201353492762,5.003428398677527
98418,PA,2021,2022,61.02039215686275,66.42518560915843,-5.404793452295685,5.404793452295685,-8.857356141536739
98424,PA,2021,2022,54.37014925373134,58.59752092887789,-4.22737167514655,4.22737167514655,-7.7751702600971475
98430,PA,2021,2022,48.57333333333333,48.39670837283761,0.1766249604957224,0.1766249604957224,0.36362536473179197
98436,PA,2021,2022,58.50575539568345,60.25887363979198,-1.7531182441085278,1.7531182441085278,-2.996488520235178
98442,PA,2021,2022,56.381075268817206,55.552991373792835,0.8280838950243705,0.8280838950243705,1.4687266801425487
98460,PA,2021,2022,64.05783132530121,63.0600316886938,0.9977996366074109,0.9977996366074109,1.5576544131510515
98466,PA,2021,2022,54.71639344262295,57.99813854682468,-3.2817451042017254,3.2817451042017254,-5.997736505866472
98472,PA,2021,2022,71.09608695652175,74.74571901154039,-3.6496320550186425,3.6496320550186425,-5.133379643313628
98490,PA,2021,2022,124.83689727463312,145.59866309985932,-20.761765825226206,20.761765825226206,-16.631113299421134
98502,PA,2021,2022,62.81188118811881,64.34381690264019,-1.5319357145213743,1.5319357145213743,-2.4389266577342186
98520,PA,2021,2022,47.07142857142857,62.339284714505354,-15.267856143076784,15.267856143076784,-32.43550622201442
98526,PA,2021,2022,67.72083333333333,72.32797792252518,-4.607144589191847,4.607144589191847,-6.803142197785291
98538,PA,2021,2022,54.1010101010101,53.457883890944295,0.6431262100658017,0.6431262100658017,1.1887508363800294
98544,PA,2021,2022,54.379710144927536,60.29429724726055,-5.914587102333016,5.914587102333016,-10.876459412104316
98556,PA,2021,2022,72.98480392156863,81.17717320251514,-8.192369280946508,8.192369280946508,-11.224760279893664
98568,PA,2021,2022,66.6755,69.70639026647528,-3.030890266475282,3.030890266475282,-4.545733090078488
98598,PA,2021,2022,66.46344537815126,76.39271133611301,-9.929265957961746,9.929265957961746,-14.93943911795133
98604,PA,2021,2022,49.54181818181818,56.08852198045581,-6.54670379863763,6.54670379863763,-13.214500474349297
98610,PA,2021,2022,51.20246913580247,54.30909009856401,-3.1066209627615464,3.1066209627615464,-6.067326469202037
98616,PA,2021,2022,51.30967741935484,48.679012116957665,2.630665302397176,2.630665302397176,5.127035356111684
98628,PA,2021,2022,57.20446428571429,58.99131295120268,-1.7868486654883924,1.7868486654883924,-3.1236175144718965
98640,PA,2021,2022,57.86829268292683,60.92287162993302,-3.054578947006192,3.054578947006192,-5.278501931520436
98646,PA,2021,2022,77.1613725490196,83.83967540400572,-6.678302854986114,6.678302854986114,-8.654981935091262
98652,PA,2021,2022,65.54253731343283,64.28711045969091,1.2554268537419233,1.2554268537419233,1.9154382866478161
98658,PA,2021,2022,50.75,53.83611047771755,-3.086110477717547,3.086110477717547,-6.081005867423738
99006,PA,2021,2022,32.59189189189189,23.815106535191475,8.776785356700415,8.776785356700415,26.929352201502226
99012,PA,2021,2022,36.679748822605966,32.02558311653709,4.6541657060688735,4.6541657060688735,12.688652064052524
99018,PA,2021,2022,28.528060263653483,22.51985396204374,6.008206301609743,6.008206301609743,21.06068988246134
99024,PA,2021,2022,46.18869448183042,44.658588467927025,1.5301060139033922,1.5301060139033922,3.312728430774983
99030,PA,2021,2022,103.51676367869617,121.75641056734503,-18.239646888648863,18.239646888648863,-17.619993361908588
99036,PA,2021,2022,93.62470023980816,98.88086647580076,-5.256166235992595,5.256166235992595,-5.61408071003653
99042,PA,2021,2022,41.68159509202454,43.232391300792244,-1.5507962087677072,1.5507962087677072,-3.7205778841809254
99048,PA,2021,2022,51.66666666666666,51.82020023607582,-0.15353356940916285,0.15353356940916285,-0.29716174724354105
99054,PA,2021,2022,72.90937718684394,83.62695771757012,-10.717580530726181,10.717580530726181,-14.69986570213098
99060,PA,2021,2022,61.16748726655348,61.53784209842087,-0.37035483186738816,0.37035483186738816,-0.6054766157934021
99066,PA,2021,2022,59.75801104972376,63.61160030486937,-3.8535892551456072,3.8535892551456072,-6.448657154835846
99606,PA,2021,2022,59.51839396019218,66.1008637124612,-6.582469752269027,6.582469752269027,-11.059555398406072
99612,PA,2021,2022,55.45036927621861,61.80478575931776,-6.3544164830991505,6.3544164830991505,-11.459646826598165
99666,PA,2021,2022,71.71238938053098,67.63925262431091,4.073136756220066,4.073136756220066,5.679822958633522
99678,PA,2021,2022,65.85416666666667,68.6733036164985,-2.8191369498318295,2.8191369498318295,-4.28087863308851
99702,PA,2021,2022,56.09923076923077,55.03751123105098,1.0617195381797941,1.0617195381797941,1.892574146956262
99726,PA,2021,2022,56.45625,61.71525009350656,-5.259000093506565,5.259000093506565,-9.315177847459873
99738,PA,2021,2022,50.947826086956525,59.2788145883962,-8.330988501439677,8.330988501439677,-16.351999960156387
99750,PA,2021,2022,52.56625,50.22976156425164,2.3364884357483575,2.3364884357483575,4.44484519201647
99762,PA,2021,2022,53.6919540229885,55.79619567709357,-2.104241654105074,2.104241654105074,-3.9191005289249334
99780,PA,2021,2022,57.99767441860465,60.14292654164232,-2.1452521230376647,2.1452521230376647,-3.6988588672609
99810,PA,2021,2022,85.84973637961336,98.48352808764838,-12.63379170803502,12.63379170803502,-14.716168320157069
99816,PA,2021,2022,67.6974358974359,70.14673382910316,-2.4492979316672603,2.4492979316672603,-3.618006943982394
99822,PA,2021,2022,54.37232142857143,54.96272123089146,-0.5903998023200288,0.5903998023200288,-1.0858462298609655
99834,PA,2021,2022,53.0275,56.49253669386634,-3.465036693866338,3.465036693866338,-6.534414584633138
99840,PA,2021,2022,55.590384615384615,64.73777037957042,-9.147385764185806,9.147385764185806,-16.45497836986411
99846,PA,2021,2022,57.60677966101695,58.93111774854418,-1.3243380875272308,1.3243380875272308,-2.2989274792310996
99876,PA,2021,2022,55.20892857142857,55.495476968465354,-0.2865483970367819,0.2865483970367819,-0.5190254628217417
99882,PA,2021,2022,69.51428571428572,73.35158088390133,-3.837295169615615,3.837295169615615,-5.520153347165907
99888,PA,2021,2022,103.98617571059432,135.27970340765447,-31.293527697060142,31.293527697060142,-30.093930739556846
99900,PA,2021,2022,59.78395061728395,60.92421668192033,-1.1402660646363785,1.1402660646363785,-1.9073113316581654
99906,PA,2021,2022,59.43525641025641,61.453912339827774,-2.0186559295713664,2.0186559295713664,-3.396394752026372
99912,PA,2021,2022,63.44501510574018,68.44063106857699,-4.995615962836808,4.995615962836808,-7.873929818616798
99930,PA,2021,2022,58.99594594594595,63.57687288225624,-4.580926936310291,4.580926936310291,-7.764816485030157
99936,PA,2021,2022,55.60576923076923,53.77301986663246,1.8327493641367738,1.8327493641367738,3.295969805814015
99942,PA,2021,2022,59.01639344262295,67.8638692982351,-8.847475855612153,8.847475855612153,-14.991556310898371
99954,PA,2021,2022,51.22142857142857,50.440022307453276,0.7814062639752919,0.7814062639752919,1.5255456276187545
99966,PA,2021,2022,54.96829268292683,53.199563559442346,1.7687291234844835,1.7687291234844835,3.217726142027059
99972,PA,2021,2022,71.71564885496183,74.15639961935024,-2.4407507643884117,2.4407507643884117,-3.403372629765369
99984,PA,2021,2022,67.20111111111112,69.24166053277852,-2.040549421667407,2.040549421667407,-3.0364816711044234
99996,PA,2021,2022,54.66546762589928,54.00856106971084,0.6569065561884457,0.6569065561884457,1.2016846918496276
